Time,SST (°C)
2025-07-02 07:15:00,25.367437992278376
2025-07-02 07:16:00,24.49554992000335
2025-07-02 07:17:00,24.53781590434114
2025-07-02 07:18:00,24.541152975082916
2025-07-02 07:19:00,24.542501809695274
2025-07-02 07:20:00,24.556310829580468
2025-07-02 07:21:00,24.584200771376004
2025-07-02 07:22:00,26.940520036779052
2025-07-02 07:23:00,24.81418192983101
2025-07-02 07:24:00,24.51890403448659
2025-07-02 07:25:00,24.549535918287006
2025-07-02 07:26:00,24.38325909299533
2025-07-02 07:27:00,24.52179027479792
2025-07-02 07:28:00,24.49812546263009
2025-07-02 07:29:00,24.511903567301605
2025-07-02 07:30:00,24.567472393615095
2025-07-02 07:31:00,24.487711472409398
2025-07-02 07:32:00,24.489438298300872
2025-07-02 07:33:00,24.570095280285628
2025-07-02 07:34:00,24.738127865504246
2025-07-02 07:35:00,24.708782358407724
2025-07-02 07:36:00,24.50274065049831
2025-07-02 07:37:00,24.79236042788433
2025-07-02 07:38:00,25.02361216033273
2025-07-02 07:39:00,24.84767648653664
2025-07-02 07:40:00,25.18131898860288
2025-07-02 07:41:00,25.215477966515287
2025-07-02 07:42:00,24.441936317646665
2025-07-02 07:43:00,24.59672493720076
2025-07-02 07:44:00,26.112310867918442
2025-07-02 07:45:00,25.917300561190117
2025-07-02 07:46:00,24.39159655735375
2025-07-02 07:47:00,24.459145054595737
2025-07-02 07:48:00,24.508212332720714
2025-07-02 07:49:00,24.799657147786814
2025-07-02 07:50:00,24.813650008153164
2025-07-02 07:51:00,24.824732224930287
2025-07-02 07:52:00,24.847245273081224
2025-07-02 07:53:00,24.85882234734428
2025-07-02 07:54:00,24.910640193831828
2025-07-02 07:55:00,24.8786160913857
2025-07-02 07:56:00,24.869883163054922
2025-07-02 07:57:00,24.828789410034215
2025-07-02 07:58:00,24.881575872906094
2025-07-02 07:59:00,24.881311299462133
2025-07-02 08:00:00,24.919341247842812
2025-07-02 08:01:00,24.897589523512888
2025-07-02 08:02:00,24.875244901054845
2025-07-02 08:03:00,24.838020436763333
2025-07-02 08:04:00,24.862934725417993
2025-07-02 08:05:00,24.86855810692542
2025-07-02 08:06:00,24.82905740703806
2025-07-02 08:07:00,24.98319312100461
2025-07-02 08:08:00,25.315096286515782
2025-07-02 08:09:00,25.012983281984795
2025-07-02 08:10:00,24.75023421836964
2025-07-02 08:11:00,24.837319001670917
2025-07-02 08:12:00,24.841242591703622
2025-07-02 08:13:00,24.848449644142377
2025-07-02 08:14:00,24.811785778447767
2025-07-02 08:15:00,24.793719158254994
2025-07-02 08:16:00,24.81910841857689
2025-07-02 08:17:00,24.884032096225106
2025-07-02 08:18:00,24.8295927282668
2025-07-02 08:19:00,24.85144883713436
2025-07-02 08:20:00,24.816865975570696
2025-07-02 08:21:00,24.80988280574643
2025-07-02 08:22:00,24.80656610902448
2025-07-02 08:23:00,24.827968869972366
2025-07-02 08:24:00,24.832618837431443
2025-07-02 08:25:00,24.79715398158023
2025-07-02 08:26:00,24.828302958547177
2025-07-02 08:27:00,24.83791094587291
2025-07-02 08:28:00,24.82479365245693
2025-07-02 08:29:00,24.81735045075636
2025-07-02 08:30:00,24.825627984236114
2025-07-02 08:31:00,24.842408978869738
2025-07-02 08:32:00,24.834624468727917
2025-07-02 08:33:00,24.847823623863572
2025-07-02 08:34:00,24.813461444107137
2025-07-02 08:35:00,24.85502592626495
2025-07-02 08:36:00,24.822906788450712
2025-07-02 08:37:00,24.8171743246314
2025-07-02 08:38:00,24.796782501799935
2025-07-02 08:39:00,24.82925001088471
2025-07-02 08:40:00,24.823518668118474
2025-07-02 08:41:00,24.808705274650386
2025-07-02 08:42:00,24.817451584468053
2025-07-02 08:43:00,24.829343437694472
2025-07-02 08:44:00,24.828371120327194
2025-07-02 08:45:00,24.868421979983715
2025-07-02 08:46:00,24.85797630365846
2025-07-02 08:47:00,24.83838240377248
2025-07-02 08:48:00,24.879715120420006
2025-07-02 08:49:00,24.851731907438925
2025-07-02 08:50:00,24.836931354692908
2025-07-02 08:51:00,24.81938629031575
2025-07-02 08:52:00,24.84434717874733
2025-07-02 08:53:00,24.84546513989429
2025-07-02 08:54:00,24.83595619771309
2025-07-02 08:55:00,24.848587213852344
2025-07-02 08:56:00,24.859021132347383
2025-07-02 08:57:00,24.830575467175947
2025-07-02 08:58:00,24.88447203563033
2025-07-02 08:59:00,24.829317589518883
2025-07-02 09:00:00,24.88834334717554
2025-07-02 09:01:00,24.935020735680165
2025-07-02 09:02:00,24.86386560625236
2025-07-02 09:03:00,24.854127113180493
2025-07-02 09:04:00,24.884621531902003
2025-07-02 09:05:00,24.85643446059722
2025-07-02 09:06:00,24.858687546784452
2025-07-02 09:07:00,24.81732704461975
2025-07-02 09:08:00,24.84395419076867
2025-07-02 09:09:00,24.858915872710206
2025-07-02 09:10:00,24.846552824104574
2025-07-02 09:11:00,24.832543713289617
2025-07-02 09:12:00,24.88466329727196
2025-07-02 09:13:00,24.86357333595529
2025-07-02 09:14:00,24.857851477173277
2025-07-02 09:15:00,24.875373354124758
2025-07-02 09:16:00,24.841257164720826
2025-07-02 09:17:00,25.338280382970638
2025-07-02 09:18:00,25.3605838842748
2025-07-02 09:19:00,24.893359679943433
2025-07-02 09:20:00,24.829102396334395
2025-07-02 09:21:00,24.775636084449033
2025-07-02 09:22:00,24.85142721073313
2025-07-02 09:23:00,24.810130399002638
2025-07-02 09:24:00,24.801181256531454
2025-07-02 09:25:00,24.782418774841446
2025-07-02 09:26:00,24.86117499344136
2025-07-02 09:27:00,24.832030924712292
2025-07-02 09:28:00,24.854979139237102
2025-07-02 09:29:00,24.836812188423714
2025-07-02 09:30:00,24.861734168337822
2025-07-02 09:31:00,24.8667782098571
2025-07-02 09:32:00,24.887944952625556
2025-07-02 09:33:00,24.87786006487376
2025-07-02 09:34:00,24.878891745066145
2025-07-02 09:35:00,24.799773963197403
2025-07-02 09:36:00,24.82284273356257
2025-07-02 09:37:00,24.847199247894416
2025-07-02 09:38:00,24.806366693670316
2025-07-02 09:39:00,24.80208096916637
2025-07-02 09:40:00,24.874177506847566
2025-07-02 09:41:00,24.78093532159045
2025-07-02 09:42:00,24.835281825056533
2025-07-02 09:43:00,24.771103355600903
2025-07-02 09:44:00,24.741719252797772
2025-07-02 09:45:00,24.784554833359962
2025-07-02 09:46:00,24.782475915133453
2025-07-02 09:47:00,24.740662127365574
2025-07-02 09:48:00,24.734607458279775
2025-07-02 09:49:00,24.818700259756703
2025-07-02 09:50:00,24.768064023581143
2025-07-02 09:51:00,24.775254858761507
2025-07-02 09:52:00,24.808407478515758
2025-07-02 09:53:00,24.800997770228673
2025-07-02 09:54:00,24.761200334478755
2025-07-02 09:55:00,24.795258353560882
2025-07-02 09:56:00,24.836068707922912
2025-07-02 09:57:00,24.85504158219811
2025-07-02 09:58:00,24.794670308242324
2025-07-02 09:59:00,24.617079688534705
2025-07-02 10:00:00,24.667759119089574
2025-07-02 10:01:00,24.648273514850366
2025-07-02 10:02:00,24.66912706185213
2025-07-02 10:03:00,24.771644289826796
2025-07-02 10:04:00,24.713316395103046
2025-07-02 10:05:00,24.82649883618645
2025-07-02 10:06:00,24.832525924859564
2025-07-02 10:07:00,24.807355641262657
2025-07-02 10:08:00,24.87345433815474
2025-07-02 10:09:00,24.82356493253165
2025-07-02 10:10:00,24.872798836106686
2025-07-02 10:11:00,24.86147366931149
2025-07-02 10:12:00,24.872338061176958
2025-07-02 10:13:00,24.900016696363316
2025-07-02 10:14:00,24.873183483054923
2025-07-02 10:15:00,24.83285033544296
2025-07-02 10:16:00,24.922563777184823
2025-07-02 10:17:00,24.844129504343616
2025-07-02 10:18:00,24.880755418896445
2025-07-02 10:19:00,24.852468151029704
2025-07-02 10:20:00,24.868583601208588
2025-07-02 10:21:00,25.709508164086454
2025-07-02 10:22:00,25.32471273055335
2025-07-02 10:23:00,24.942650285910535
2025-07-02 10:24:00,24.88562325825614
2025-07-02 10:25:00,24.91634373377295
2025-07-02 10:26:00,24.89250803883185
2025-07-02 10:27:00,24.880322390292363
2025-07-02 10:28:00,24.98619713065657
2025-07-02 10:29:00,24.892083545583816
2025-07-02 10:30:00,24.88001998391634
2025-07-02 10:31:00,24.889968928739354
2025-07-02 10:32:00,24.883261700337588
2025-07-02 10:33:00,24.88339107882797
2025-07-02 10:34:00,24.918458477679142
2025-07-02 10:35:00,24.970590166211288
2025-07-02 10:36:00,24.93941444737552
2025-07-02 10:37:00,24.95121881770132
2025-07-02 10:38:00,24.919162609908433
2025-07-02 10:39:00,25.008745229693446
2025-07-02 10:40:00,24.941549291903225
2025-07-02 10:41:00,24.99304607336583
2025-07-02 10:42:00,25.00999399223969
2025-07-02 10:43:00,24.99865203181204
2025-07-02 10:44:00,24.980454760891266
2025-07-02 10:45:00,24.939353032716195
2025-07-02 10:46:00,24.961615381986928
2025-07-02 10:47:00,24.914908647204744
2025-07-02 10:48:00,24.948128487716545
2025-07-02 10:49:00,24.954634279305644
2025-07-02 10:50:00,24.85260830156101
2025-07-02 10:51:00,24.95019749901731
2025-07-02 10:52:00,24.91663885256743
2025-07-02 10:53:00,24.97547886030772
2025-07-02 10:54:00,24.955999493388656
2025-07-02 10:55:00,24.934653773940333
2025-07-02 10:56:00,24.895289619689613
2025-07-02 10:57:00,24.89951690144468
2025-07-02 10:58:00,24.897377015728637
2025-07-02 10:59:00,24.9020897333437
2025-07-02 11:00:00,24.891753779316865
2025-07-02 11:01:00,24.868971723412294
2025-07-02 11:02:00,24.88515754903812
2025-07-02 11:03:00,24.899855407291177
2025-07-02 11:04:00,24.876773805918326
2025-07-02 11:05:00,24.929319330892973
2025-07-02 11:06:00,24.898018097351642
2025-07-02 11:07:00,24.897860084151763
2025-07-02 11:08:00,24.900440924834278
2025-07-02 11:09:00,24.884535170497138
2025-07-02 11:10:00,24.87357642577857
2025-07-02 11:11:00,24.862714230848372
2025-07-02 11:12:00,24.86125040217
2025-07-02 11:13:00,24.87103432859113
2025-07-02 11:14:00,24.885146061718064
2025-07-02 11:15:00,24.868391287728823
2025-07-02 11:16:00,24.8777338852788
2025-07-02 11:17:00,24.866988237169036
2025-07-02 11:18:00,24.88047220366295
2025-07-02 11:19:00,24.89556061758194
2025-07-02 11:20:00,24.898733204717583
2025-07-02 11:21:00,24.881928602890547
2025-07-02 11:22:00,25.00136309297413
2025-07-02 11:23:00,24.921905393226055
2025-07-02 11:24:00,24.884011940862578
2025-07-02 11:25:00,24.88528229447866
2025-07-02 11:26:00,24.893519694011463
2025-07-02 11:27:00,24.887574685795567
2025-07-02 11:28:00,24.903469171720783
2025-07-02 11:29:00,24.86589257585361
2025-07-02 11:30:00,24.90322253233672
2025-07-02 11:31:00,24.933855131609345
2025-07-02 11:32:00,24.936711244364687
2025-07-02 11:33:00,24.945455738073168
2025-07-02 11:34:00,24.90072144272294
2025-07-02 11:35:00,24.92863659929001
2025-07-02 11:36:00,24.97280496763725
2025-07-02 11:37:00,24.901602697837447
2025-07-02 11:38:00,24.92295380510421
2025-07-02 11:39:00,24.983028826186278
2025-07-02 11:40:00,24.996972622429805
2025-07-02 11:41:00,24.955886312650435
2025-07-02 11:42:00,24.85816749835326
2025-07-02 11:43:00,24.890043391989938
2025-07-02 11:44:00,24.87380283160446
2025-07-02 11:45:00,24.87351624221799
2025-07-02 11:46:00,24.930658465955975
2025-07-02 11:47:00,24.906232459792776
2025-07-02 11:48:00,24.90388784127452
2025-07-02 11:49:00,24.9511154092544
2025-07-02 11:50:00,24.948454437581077
2025-07-02 11:51:00,24.92875257295727
2025-07-02 11:52:00,24.94538065086389
2025-07-02 11:53:00,24.93279892385906
2025-07-02 11:54:00,24.945762004555103
2025-07-02 11:55:00,25.004275129508905
2025-07-02 11:56:00,24.967042899718138
2025-07-02 11:57:00,24.968956465011996
2025-07-02 11:58:00,24.974292719496297
2025-07-02 11:59:00,24.961201671500817
2025-07-02 12:00:00,24.944026447262655
2025-07-02 12:01:00,24.96650549818872
2025-07-02 12:02:00,24.987732323977816
2025-07-02 12:03:00,24.941079223471288
2025-07-02 12:04:00,24.945628395840703
2025-07-02 12:05:00,24.94658383733961
2025-07-02 12:06:00,24.911652776597688
2025-07-02 12:07:00,24.946961116068305
2025-07-02 12:08:00,24.95336098206765
2025-07-02 12:09:00,24.941487707760402
2025-07-02 12:10:00,25.020390875624557
2025-07-02 12:11:00,24.94708386787253
2025-07-02 12:12:00,24.921309247899952
2025-07-02 12:13:00,24.992744058234106
2025-07-02 12:14:00,24.999362217795404
2025-07-02 12:15:00,24.94192172154272
2025-07-02 12:16:00,24.96496988721803
2025-07-02 12:17:00,24.95691780514418
2025-07-02 12:18:00,24.96316832001335
2025-07-02 12:19:00,24.960936032340182
2025-07-02 12:20:00,24.986225935792547
2025-07-02 12:21:00,24.94394615158163
2025-07-02 12:22:00,24.973041091779596
2025-07-02 12:23:00,24.972144471761048
2025-07-02 12:24:00,24.980444651670258
2025-07-02 12:25:00,25.007811289090334
2025-07-02 12:26:00,24.99250351994351
2025-07-02 12:27:00,24.951458377425276
2025-07-02 12:28:00,25.00303504774433
2025-07-02 12:29:00,25.00856802443268
2025-07-02 12:30:00,25.017694904100342
2025-07-02 12:31:00,25.001804013742742
2025-07-02 12:32:00,25.03354649867761
2025-07-02 12:33:00,25.001090182524376
2025-07-02 12:34:00,25.01916056516126
2025-07-02 12:35:00,25.019943297025453
2025-07-02 12:36:00,25.00904206215794
2025-07-02 12:37:00,24.99989360532156
2025-07-02 12:38:00,24.99361533596677
2025-07-02 12:39:00,25.017490351438614
2025-07-02 12:40:00,25.011959693519923
2025-07-02 12:41:00,25.05025332376789
2025-07-02 12:42:00,25.03985273058206
2025-07-02 12:43:00,24.996159346558724
2025-07-02 12:44:00,25.02597660514418
2025-07-02 12:45:00,25.017881455896696
2025-07-02 12:46:00,25.063971847733274
2025-07-02 12:47:00,24.985780799347687
2025-07-02 12:48:00,24.9914868907505
2025-07-02 12:49:00,25.028723471281584
2025-07-02 12:50:00,24.96267316801994
2025-07-02 12:51:00,25.03222676295774
2025-07-02 12:52:00,25.025702414923874
2025-07-02 12:53:00,25.03832701162132
2025-07-02 12:54:00,25.05422588122338
2025-07-02 12:55:00,25.058468529874396
2025-07-02 12:56:00,25.026949439574516
2025-07-02 12:57:00,25.01988765741294
2025-07-02 12:58:00,25.03740467902515
2025-07-02 12:59:00,25.062086318162823
2025-07-02 13:00:00,25.080093398945216
2025-07-02 13:01:00,25.169467090577086
2025-07-02 13:02:00,25.18928724180598
2025-07-02 13:03:00,25.10726101209336
2025-07-02 13:04:00,25.049625424315828
2025-07-02 13:05:00,25.029444507719017
2025-07-02 13:06:00,25.07423425661882
2025-07-02 13:07:00,25.094569510885687
2025-07-02 13:08:00,25.01863560744052
2025-07-02 13:09:00,25.012879112165173
2025-07-02 13:10:00,24.991821134031095
2025-07-02 13:11:00,25.017981822674876
2025-07-02 13:12:00,24.975597842898065
2025-07-02 13:13:00,25.05450648253605
2025-07-02 13:14:00,24.995715476580138
2025-07-02 13:15:00,25.068121790362383
2025-07-02 13:16:00,25.018988287399658
2025-07-02 13:17:00,25.098123957524933
2025-07-02 13:18:00,25.118030423245497
2025-07-02 13:19:00,25.07538017748769
2025-07-02 13:20:00,25.033576580497325
2025-07-02 13:21:00,25.04393258464842
2025-07-02 13:22:00,25.01871207411523
2025-07-02 13:23:00,25.037960073777143
2025-07-02 13:24:00,25.033542200237108
2025-07-02 13:25:00,25.017855434506092
2025-07-02 13:26:00,25.02710517673787
2025-07-02 13:27:00,25.056541679902757
2025-07-02 13:28:00,25.04216359308329
2025-07-02 13:29:00,25.077141357561956
2025-07-02 13:30:00,25.071763290338065
2025-07-02 13:31:00,25.02255520738215
2025-07-02 13:32:00,25.031512274986394
2025-07-02 13:33:00,25.044983683074868
2025-07-02 13:34:00,25.0571289775237
2025-07-02 13:35:00,25.038235364370454
2025-07-02 13:36:00,24.99966826412882
2025-07-02 13:37:00,25.019475796430502
2025-07-02 13:38:00,25.061697018363144
2025-07-02 13:39:00,25.068508763232323
2025-07-02 13:40:00,25.053445790235582
2025-07-02 13:41:00,25.068180505385005
2025-07-02 13:42:00,25.116002979847277
2025-07-02 13:43:00,25.075318880524485
2025-07-02 13:44:00,25.08686467233285
2025-07-02 13:45:00,24.989146836285833
2025-07-02 13:46:00,25.077256493445095
2025-07-02 13:47:00,25.040816080105504
2025-07-02 13:48:00,25.121718401533894
2025-07-02 13:49:00,25.12163091395859
2025-07-02 13:50:00,25.053341255032652
2025-07-02 13:51:00,24.98959169416956
2025-07-02 13:52:00,25.006789534087392
2025-07-02 13:53:00,25.025257778526385
2025-07-02 13:54:00,25.046249897171375
2025-07-02 13:55:00,25.139713178591702
2025-07-02 13:56:00,25.12332917473231
2025-07-02 13:57:00,25.06426628796764
2025-07-02 13:58:00,25.072991254431926
2025-07-02 13:59:00,25.067561354585703
2025-07-02 14:00:00,25.112484052582985
2025-07-02 14:01:00,25.136916098769156
2025-07-02 14:02:00,25.17940730295573
2025-07-02 14:03:00,25.20125924460764
2025-07-02 14:04:00,25.035012832946112
2025-07-02 14:05:00,25.076281896421676
2025-07-02 14:06:00,25.0743347122875
2025-07-02 14:07:00,25.040570740803602
2025-07-02 14:08:00,24.998623972028124
2025-07-02 14:09:00,25.041589310606746
2025-07-02 14:10:00,25.009438035438148
2025-07-02 14:11:00,25.066317966539447
2025-07-02 14:12:00,25.045029711040907
2025-07-02 14:13:00,25.053081136436546
2025-07-02 14:14:00,25.044932401971813
2025-07-02 14:15:00,25.063174238648664
2025-07-02 14:16:00,25.090057576694836
2025-07-02 14:17:00,25.07054845213647
2025-07-02 14:18:00,25.05069086358292
2025-07-02 14:19:00,24.99573489741901
2025-07-02 14:20:00,25.02893309069412
2025-07-02 14:21:00,25.03308453172247
2025-07-02 14:22:00,25.02778586562797
2025-07-02 14:23:00,25.047327008038778
2025-07-02 14:24:00,25.063681141978968
2025-07-02 14:25:00,25.0632265713431
2025-07-02 14:26:00,25.152580450371275
2025-07-02 14:27:00,25.060191936291098
2025-07-02 14:28:00,25.091541180587722
2025-07-02 14:29:00,25.0531718959116
2025-07-02 14:30:00,25.027356401027912
2025-07-02 14:31:00,25.113520513998992
2025-07-02 14:32:00,25.10324836125398
2025-07-02 14:33:00,25.115023662577688
2025-07-02 14:34:00,25.087238234295892
2025-07-02 14:35:00,25.088934804528787
2025-07-02 14:36:00,25.141211426920574
2025-07-02 14:37:00,25.101663810887878
2025-07-02 14:38:00,25.124741284562376
2025-07-02 14:39:00,25.121130316641413
2025-07-02 14:40:00,25.097207191954794
2025-07-02 14:41:00,25.10980005465471
2025-07-02 14:42:00,25.080866013839138
2025-07-02 14:43:00,25.073336967242593
2025-07-02 14:44:00,25.101878698225846
2025-07-02 14:45:00,25.09410423857851
2025-07-02 14:46:00,25.15386331499534
2025-07-02 14:47:00,25.085023172529755
2025-07-02 14:48:00,25.079798920637487
2025-07-02 14:49:00,25.094225011667618
2025-07-02 14:50:00,25.18461955935964
2025-07-02 14:51:00,25.130317612418473
2025-07-02 14:52:00,25.163911530968676
2025-07-02 14:53:00,25.088991267987502
2025-07-02 14:54:00,25.092315964504465
2025-07-02 14:55:00,25.063626765113803
2025-07-02 14:56:00,25.080700352667353
2025-07-02 14:57:00,25.162872342600274
2025-07-02 14:58:00,25.224389383188008
2025-07-02 14:59:00,25.225206028423763
2025-07-02 15:00:00,25.226096257385098
2025-07-02 15:01:00,25.220677111059437
2025-07-02 15:02:00,25.092880322897987
2025-07-02 15:03:00,25.09213413551497
2025-07-02 15:04:00,25.113104863669356
2025-07-02 15:05:00,25.17499892282475
2025-07-02 15:06:00,25.083663807412243
2025-07-02 15:07:00,25.11204825432319
2025-07-02 15:08:00,25.16541932155671
2025-07-02 15:09:00,25.16124652754261
2025-07-02 15:10:00,25.20538038844406
2025-07-02 15:11:00,25.27783216023689
2025-07-02 15:12:00,25.180200388169503
2025-07-02 15:13:00,25.172882471469215
2025-07-02 15:14:00,25.217230670700438
2025-07-02 15:15:00,25.159259540027378
2025-07-02 15:16:00,25.213156236884785
2025-07-02 15:17:00,25.141125310877765
2025-07-02 15:18:00,25.148520782206273
2025-07-02 15:19:00,25.065810515280614
2025-07-02 15:20:00,25.12909383205475
2025-07-02 15:21:00,25.21794166716522
2025-07-02 15:22:00,25.224553129127685
2025-07-02 15:23:00,25.183296726590545
2025-07-02 15:24:00,25.17417259109978
2025-07-02 15:25:00,25.159380372283355
2025-07-02 15:26:00,25.151996508225118
2025-07-02 15:27:00,25.105827687625247
2025-07-02 15:28:00,25.088889479935702
2025-07-02 15:29:00,25.186021677495674
2025-07-02 15:30:00,25.11855840928752
2025-07-02 15:31:00,25.154298511459665
2025-07-02 15:32:00,25.183702176417583
2025-07-02 15:33:00,25.173171904894648
2025-07-02 15:34:00,25.196064931774337
2025-07-02 15:35:00,25.12495889256389
2025-07-02 15:36:00,25.190604512578087
2025-07-02 15:37:00,25.227921242569288
2025-07-02 15:38:00,25.2368132664129
2025-07-02 15:39:00,25.112969417201263
2025-07-02 15:40:00,25.11160947517288
2025-07-02 15:41:00,25.169096718792648
2025-07-02 15:42:00,25.183964005795374
2025-07-02 15:43:00,25.106326503983464
2025-07-02 15:44:00,25.09718282901291
2025-07-02 15:45:00,25.06802351199893
2025-07-02 15:46:00,25.06446248357376
2025-07-02 15:47:00,25.148926347852505
2025-07-02 15:48:00,25.129844224817386
2025-07-02 15:49:00,25.203757325036815
2025-07-02 15:50:00,25.18437140087593
2025-07-02 15:51:00,25.182928603924818
2025-07-02 15:52:00,25.158073653268797
2025-07-02 15:53:00,25.228891241390272
2025-07-02 15:54:00,25.17352301698163
2025-07-02 15:55:00,25.225347888387322
2025-07-02 15:56:00,25.160067006600684
2025-07-02 15:57:00,25.11068127944358
2025-07-02 15:58:00,25.140790292423524
2025-07-02 15:59:00,25.104725947179613
2025-07-02 16:00:00,25.143494104958524
2025-07-02 16:01:00,25.13569367969241
2025-07-02 16:02:00,25.16920749885784
2025-07-02 16:03:00,25.13856768772406
2025-07-02 16:04:00,25.15928563728273
2025-07-02 16:05:00,25.133070101505236
2025-07-02 16:06:00,25.196130705330162
2025-07-02 16:07:00,25.175372104287074
2025-07-02 16:08:00,25.17023926686372
2025-07-02 16:09:00,25.117410439212453
2025-07-02 16:10:00,25.246479644451288
2025-07-02 16:11:00,25.220411890093086
2025-07-02 16:12:00,25.147815426498674
2025-07-02 16:13:00,25.182156197834203
2025-07-02 16:14:00,25.13207592951748
2025-07-02 16:15:00,25.14764573604292
2025-07-02 16:16:00,25.18857614137585
2025-07-02 16:17:00,25.21872967188778
2025-07-02 16:18:00,25.204837935364406
2025-07-02 16:19:00,25.20007465881526
2025-07-02 16:20:00,25.883793317990595
2025-07-02 16:21:00,30.328909091286906
2025-07-02 16:22:00,25.184054035217848
2025-07-02 16:23:00,25.172018581466773
2025-07-02 16:24:00,30.362663663347803
2025-07-02 16:25:00,28.57876520057048
2025-07-02 16:26:00,25.173174605919403
2025-07-02 16:27:00,25.106366638204452
2025-07-02 16:28:00,25.175074435307486
2025-07-02 16:29:00,25.159517608849068
2025-07-02 16:30:00,25.143031111814455
2025-07-02 16:31:00,25.1425403331808
2025-07-02 16:32:00,25.210043370823136
2025-07-02 16:33:00,25.129395083697595
2025-07-02 16:34:00,25.153427933046338
2025-07-02 16:35:00,25.14715974242423
2025-07-02 16:36:00,25.097981009468718
2025-07-02 16:37:00,25.077627826709396
2025-07-02 16:38:00,25.07338196517048
2025-07-02 16:39:00,25.094357930032107
2025-07-02 16:40:00,25.08928578967873
2025-07-02 16:41:00,25.070281015667206
2025-07-02 16:42:00,25.07429176079663
2025-07-02 16:43:00,25.099438646296555
2025-07-02 16:44:00,25.088907772978192
2025-07-02 16:45:00,25.09929443500521
2025-07-02 16:46:00,25.08006651437978
2025-07-02 16:47:00,25.13464299044521
2025-07-02 16:48:00,25.13143803554589
2025-07-02 16:49:00,25.088678933857192
2025-07-02 16:50:00,25.091087566476197
2025-07-02 16:51:00,25.105222700547433
2025-07-02 16:52:00,25.132047768437726
2025-07-02 16:53:00,25.15443172853258
2025-07-02 16:54:00,25.128651630687937
2025-07-02 16:55:00,25.203905388259326
2025-07-02 16:56:00,25.18875427951025
2025-07-02 16:57:00,25.20471499112902
2025-07-02 16:58:00,25.230938709376193
2025-07-02 16:59:00,25.206877519075707
2025-07-02 17:00:00,25.18744417734687
2025-07-02 17:01:00,25.13227534094379
2025-07-02 17:02:00,25.17335755373035
2025-07-02 17:03:00,25.119289101523442
2025-07-02 17:04:00,25.19747553656419
2025-07-02 17:05:00,25.1963425379541
2025-07-02 17:06:00,25.168701558415094
2025-07-02 17:07:00,25.15978625414948
2025-07-02 17:08:00,25.126275683170753
2025-07-02 17:09:00,25.163359085524167
2025-07-02 17:10:00,25.147666357894803
2025-07-02 17:11:00,25.188472133362566
2025-07-02 17:12:00,25.15310549015261
2025-07-02 17:13:00,25.17722267204347
2025-07-02 17:14:00,25.124315894337425
2025-07-02 17:15:00,25.118977722181526
2025-07-02 17:16:00,25.162366968230025
2025-07-02 17:17:00,25.13952448399451
2025-07-02 17:18:00,25.18287513433751
2025-07-02 17:19:00,25.154023245790206
2025-07-02 17:20:00,25.14656653305806
2025-07-02 17:21:00,25.215875151148776
2025-07-02 17:22:00,25.07732588161745
2025-07-02 17:23:00,25.16274177538318
2025-07-02 17:24:00,25.18103838677592
2025-07-02 17:25:00,25.122800900833283
2025-07-02 17:26:00,25.13419415396906
2025-07-02 17:27:00,25.065369665324365
2025-07-02 17:28:00,24.360765027211052
2025-07-02 17:29:00,24.64588284167876
2025-07-02 17:30:00,24.464704888084384
2025-07-02 17:31:00,26.581011611701356
2025-07-02 17:32:00,25.110542327527643
2025-07-02 17:33:00,25.172990115639617
2025-07-02 17:34:00,25.213486418679047
2025-07-02 17:35:00,25.19928840265151
2025-07-02 17:36:00,25.18823370604141
2025-07-02 17:37:00,25.206611177163673
2025-07-02 17:38:00,25.17640366595395
2025-07-02 17:39:00,25.154124828003546
2025-07-02 17:40:00,25.218917570652536
2025-07-02 17:41:00,25.135979736896196
2025-07-02 17:42:00,25.1496430291434
2025-07-02 17:43:00,25.167395105161685
2025-07-02 17:44:00,25.149146886229524
2025-07-02 17:45:00,25.071546761356064
2025-07-02 17:46:00,25.177894680944835
2025-07-02 17:47:00,25.02765621529281
2025-07-02 17:48:00,25.099919894394148
2025-07-02 17:49:00,25.083980245539987
2025-07-02 17:50:00,25.138039633085054
2025-07-02 17:51:00,25.124368809139355
2025-07-02 17:52:00,25.1656029786841
2025-07-02 17:53:00,25.11678784959969
2025-07-02 17:54:00,25.094393237706925
2025-07-02 17:55:00,25.095857846106522
2025-07-02 17:56:00,25.10631876023452
2025-07-02 17:57:00,25.118738743410045
2025-07-02 17:58:00,25.137221161490007
2025-07-02 17:59:00,25.089859756219784
2025-07-02 18:00:00,25.14494739622368
2025-07-02 18:01:00,25.14582107603347
2025-07-02 18:02:00,25.1774735528529
2025-07-02 18:03:00,25.159833602763953
2025-07-02 18:04:00,25.151581103850628
2025-07-02 18:05:00,25.060540159344118
2025-07-02 18:06:00,25.105517082806006
2025-07-02 18:07:00,25.093159737467317
2025-07-02 18:08:00,25.16247470921679
2025-07-02 18:09:00,25.186514629597657
2025-07-02 18:10:00,25.124198987532143
2025-07-02 18:11:00,25.120862583844815
2025-07-02 18:12:00,25.09727987625023
2025-07-02 18:13:00,25.143851306716236
2025-07-02 18:14:00,25.177201159261685
2025-07-02 18:15:00,25.122344148377813
2025-07-02 18:16:00,25.283866203637043
2025-07-02 18:17:00,25.16290389705269
2025-07-02 18:18:00,25.176193562312047
2025-07-02 18:19:00,25.20644378402918
2025-07-02 18:20:00,25.218630692981378
2025-07-02 18:21:00,25.115471092203006
2025-07-02 18:22:00,25.078156549968426
2025-07-02 18:23:00,25.17513576890926
2025-07-02 18:24:00,25.168542446181377
2025-07-02 18:25:00,25.145755727501886
2025-07-02 18:26:00,25.183153498903447
2025-07-02 18:27:00,25.215537460274216
2025-07-02 18:28:00,25.182545194834695
2025-07-02 18:29:00,25.172022084664885
2025-07-02 18:30:00,25.103806503855377
2025-07-02 18:31:00,25.131487179516366
2025-07-02 18:32:00,25.13308217493521
2025-07-02 18:33:00,25.2403950950301
2025-07-02 18:34:00,25.159128187122022
2025-07-02 18:35:00,25.085316684607097
2025-07-02 18:36:00,25.060772125784684
2025-07-02 18:37:00,25.09446527286287
2025-07-02 18:38:00,25.091132981667354
2025-07-02 18:39:00,25.13987288752601
2025-07-02 18:40:00,25.144877868804276
2025-07-02 18:41:00,25.158532347598225
2025-07-02 18:42:00,25.168299215040374
2025-07-02 18:43:00,25.11019847348903
2025-07-02 18:44:00,25.138563582710717
2025-07-02 18:45:00,25.18968273008587
2025-07-02 18:46:00,25.12722036767939
2025-07-02 18:47:00,25.12795693164982
2025-07-02 18:48:00,25.097118399374487
2025-07-02 18:49:00,25.10642694604195
2025-07-02 18:50:00,25.175495598301136
2025-07-02 18:51:00,25.112582597196248
2025-07-02 18:52:00,25.26767343795083
2025-07-02 18:53:00,25.251138324906588
2025-07-02 18:54:00,25.273335379819923
2025-07-02 18:55:00,25.24729679566125
2025-07-02 18:56:00,25.15515747044028
2025-07-02 18:57:00,25.12514322638964
2025-07-02 18:58:00,25.127369477168017
2025-07-02 18:59:00,25.084271084537658
2025-07-02 19:00:00,25.126985497486103
2025-07-02 19:01:00,25.164463737748086
2025-07-02 19:02:00,25.144215418645043
2025-07-02 19:03:00,25.1439376473307
2025-07-02 19:04:00,25.099122732831816
2025-07-02 19:05:00,25.135582594700704
2025-07-02 19:06:00,25.118339342774696
2025-07-02 19:07:00,25.17669875262947
2025-07-02 19:08:00,25.162137461721542
2025-07-02 19:09:00,27.040268218575665
2025-07-02 19:10:00,25.178338888772252
2025-07-02 19:11:00,25.177714282229434
2025-07-02 19:12:00,25.193330978455666
2025-07-02 19:13:00,25.34741636329152
2025-07-02 19:14:00,25.829595237698474
2025-07-02 19:15:00,25.27516478575934
2025-07-02 19:16:00,25.42931311715045
2025-07-02 19:17:00,24.91615441319057
2025-07-02 19:18:00,25.235430871331594
2025-07-02 19:19:00,25.12965443880015
2025-07-02 19:20:00,25.13438496134204
2025-07-02 19:21:00,25.16196922687338
2025-07-02 19:22:00,25.16949345849055
2025-07-02 19:23:00,25.906464966320844
2025-07-02 19:24:00,25.12181466967
2025-07-02 19:25:00,25.13566450630919
2025-07-02 19:26:00,25.173417316558062
2025-07-02 19:27:00,25.118089206630213
2025-07-02 19:28:00,25.181723193639886
2025-07-02 19:29:00,25.127804032591254
2025-07-02 19:30:00,25.62319831424365
2025-07-02 19:31:00,25.35403520100258
2025-07-02 19:32:00,25.527924730445605
2025-07-02 19:33:00,25.092640045809883
2025-07-02 19:34:00,25.081795020514292
2025-07-02 19:35:00,25.15781935210592
2025-07-02 19:36:00,25.16340459172865
2025-07-02 19:37:00,25.158309129406575
2025-07-02 19:38:00,25.21686497895321
2025-07-02 19:39:00,25.117397999230807
2025-07-02 19:40:00,25.089670011402323
2025-07-02 19:41:00,25.122922373646738
2025-07-02 19:42:00,25.076955583416368
2025-07-02 19:43:00,25.12408965488129
2025-07-02 19:44:00,25.090083976806273
2025-07-02 19:45:00,25.07160409194878
2025-07-02 19:46:00,25.061235812654846
2025-07-02 19:47:00,25.052067757528548
2025-07-02 19:48:00,25.053835802224132
2025-07-02 19:49:00,25.010098744213284
2025-07-02 19:50:00,25.045089538365183
2025-07-02 19:51:00,25.10710707859055
2025-07-02 19:52:00,25.050322089601174
2025-07-02 19:53:00,25.0753434628608
2025-07-02 19:54:00,25.013306178504028
2025-07-02 19:55:00,25.12717127174955
2025-07-02 19:56:00,25.13382889911302
2025-07-02 19:57:00,25.08755671779592
2025-07-02 19:58:00,25.130413830228083
2025-07-02 19:59:00,25.12334079900902
2025-07-02 20:00:00,25.12648077774981
2025-07-02 20:01:00,25.123408695069724
2025-07-02 20:02:00,25.12426274367776
2025-07-02 20:03:00,25.117393561919123
2025-07-02 20:04:00,25.10818158283105
2025-07-02 20:05:00,25.101799395851454
2025-07-02 20:06:00,25.178860234586278
2025-07-02 20:07:00,25.14573252911439
2025-07-02 20:08:00,25.14286208081855
2025-07-02 20:09:00,25.160865537259593
2025-07-02 20:10:00,25.166565836152394
2025-07-02 20:11:00,25.165770135197718
2025-07-02 20:12:00,25.138214159420436
2025-07-02 20:13:00,25.076617709917873
2025-07-02 20:14:00,25.089524817480278
2025-07-02 20:15:00,25.110981484670045
2025-07-02 20:16:00,25.07316041304882
2025-07-02 20:17:00,25.095626538156512
2025-07-02 20:18:00,25.081376668660695
2025-07-02 20:19:00,25.080264788423694
2025-07-02 20:20:00,25.080656087943726
2025-07-02 20:21:00,25.08727761685663
2025-07-02 20:22:00,25.03074220131291
2025-07-02 20:23:00,25.070222377264592
2025-07-02 20:24:00,25.05051914435982
2025-07-02 20:25:00,25.086160515124092
2025-07-02 20:26:00,25.05584552261336
2025-07-02 20:27:00,25.040142983064836
2025-07-02 20:28:00,25.123185537038555
2025-07-02 20:29:00,25.117291371417544
2025-07-02 20:30:00,25.096704984746633
2025-07-02 20:31:00,25.076108378000736
2025-07-02 20:32:00,25.074850849723823
2025-07-02 20:33:00,25.07298617095841
2025-07-02 20:34:00,25.07658402035754
2025-07-02 20:35:00,25.105210406927522
2025-07-02 20:36:00,25.007749588064403
2025-07-02 20:37:00,25.027215117023015
2025-07-02 20:38:00,25.04275075752228
2025-07-02 20:39:00,25.067319175020284
2025-07-02 20:40:00,25.035351845804637
2025-07-02 20:41:00,25.059451977233962
2025-07-02 20:42:00,25.008658734905325
2025-07-02 20:43:00,25.067429244633043
2025-07-02 20:44:00,25.082516028096613
2025-07-02 20:45:00,25.077837028485348
2025-07-02 20:46:00,25.045039662270327
2025-07-02 20:47:00,25.096744343649416
2025-07-02 20:48:00,25.0334544662674
2025-07-02 20:49:00,25.08808394281161
2025-07-02 20:50:00,25.115448407831416
2025-07-02 20:51:00,25.02931847234155
2025-07-02 20:52:00,25.06473667521338
2025-07-02 20:53:00,25.077878461767867
2025-07-02 20:54:00,25.043474911647653
2025-07-02 20:55:00,25.079323269180296
2025-07-02 20:56:00,25.068623194309044
2025-07-02 20:57:00,25.04025404062219
2025-07-02 20:58:00,25.011201435253515
2025-07-02 20:59:00,25.02843334633207
2025-07-02 21:00:00,24.993659032198313
2025-07-02 21:01:00,25.014732847984284
2025-07-02 21:02:00,25.038180960624814
2025-07-02 21:03:00,25.052063347524623
2025-07-02 21:04:00,25.058154671657903
2025-07-02 21:05:00,25.037288669908115
2025-07-02 21:06:00,25.03282712079093
2025-07-02 21:07:00,25.106073810202524
2025-07-02 21:08:00,25.011174043752217
2025-07-02 21:09:00,25.01949465958275
2025-07-02 21:10:00,25.053691303264706
2025-07-02 21:11:00,25.02250180387824
2025-07-02 21:12:00,25.021591489590147
2025-07-02 21:13:00,25.034775704619467
2025-07-02 21:14:00,25.016302679883758
2025-07-02 21:15:00,25.055909712929903
2025-07-02 21:16:00,25.032778787934397
2025-07-02 21:17:00,25.045335921710993
2025-07-02 21:18:00,25.04937005802823
2025-07-02 21:19:00,25.0518664955335
2025-07-02 21:20:00,24.988355018826905
2025-07-02 21:21:00,25.028874143413525
2025-07-02 21:22:00,25.028376465644467
2025-07-02 21:23:00,24.993636799102717
2025-07-02 21:24:00,25.016705463458177
2025-07-02 21:25:00,25.03998066283263
2025-07-02 21:26:00,25.040639298576604
2025-07-02 21:27:00,24.976195759579095
2025-07-02 21:28:00,25.02569590357913
2025-07-02 21:29:00,25.011771486063587
2025-07-02 21:30:00,25.049126855062315
2025-07-02 21:31:00,25.009030009227992
2025-07-02 21:32:00,25.002552305517064
2025-07-02 21:33:00,25.01431756567299
2025-07-02 21:34:00,25.045914519571646
2025-07-02 21:35:00,25.04209018153174
2025-07-02 21:36:00,25.04525574473966
2025-07-02 21:37:00,25.012615096130897
2025-07-02 21:38:00,25.028685083704254
2025-07-02 21:39:00,25.00936405910277
2025-07-02 21:40:00,24.98962991071677
2025-07-02 21:41:00,25.025740207325285
2025-07-02 21:42:00,24.97803206432428
2025-07-02 21:43:00,25.032085852392363
2025-07-02 21:44:00,25.038915321936766
2025-07-02 21:45:00,24.98074332729938
2025-07-02 21:46:00,25.068751694037765
2025-07-02 21:47:00,25.00876357111959
2025-07-02 21:48:00,25.025765745211803
2025-07-02 21:49:00,25.016046915012588
2025-07-02 21:50:00,24.966860880287715
2025-07-02 21:51:00,25.00275555103091
2025-07-02 21:52:00,25.053443296021275
2025-07-02 21:53:00,25.029852302476957
2025-07-02 21:54:00,24.99728889081783
2025-07-02 21:55:00,25.00590600347891
2025-07-02 21:56:00,24.999746355087456
2025-07-02 21:57:00,24.988931815922168
2025-07-02 21:58:00,24.989792594919173
2025-07-02 21:59:00,25.0298077659263
2025-07-02 22:00:00,25.031165975809962
2025-07-02 22:01:00,24.96461858844054
2025-07-02 22:02:00,24.98366954246247
2025-07-02 22:03:00,24.9831393499508
2025-07-02 22:04:00,24.990155990796207
2025-07-02 22:05:00,24.98035561881247
2025-07-02 22:06:00,25.008732337366897
2025-07-02 22:07:00,24.978336666017835
2025-07-02 22:08:00,25.003498780678
2025-07-02 22:09:00,25.050730760552746
2025-07-02 22:10:00,24.983554308877483
2025-07-02 22:11:00,25.035315725294264
2025-07-02 22:12:00,25.01608131915411
2025-07-02 22:13:00,25.046292939548007
2025-07-02 22:14:00,24.918987830172156
2025-07-02 22:15:00,24.921271630505938
2025-07-02 22:16:00,24.940175361961924
2025-07-02 22:17:00,24.888756904951762
2025-07-02 22:18:00,24.96570926032972
2025-07-02 22:19:00,24.93746890643411
2025-07-02 22:20:00,24.970841756609342
2025-07-02 22:21:00,24.988918465155976
2025-07-02 22:22:00,24.93219739920596
2025-07-02 22:23:00,24.94492787482661
2025-07-02 22:24:00,24.98758981938303
2025-07-02 22:25:00,24.912177388836856
2025-07-02 22:26:00,24.97690517573585
2025-07-02 22:27:00,24.894032055747555
2025-07-02 22:28:00,24.951534685460963
2025-07-02 22:29:00,25.017399287874486
2025-07-02 22:30:00,24.919722441443614
2025-07-02 22:31:00,24.938887881932562
2025-07-02 22:32:00,24.944908973056418
2025-07-02 22:33:00,24.994846210738526
2025-07-02 22:34:00,24.958767314203346
2025-07-02 22:35:00,24.913643794937407
2025-07-02 22:36:00,24.899093578712314
2025-07-02 22:37:00,24.873787683451333
2025-07-02 22:38:00,24.91019052848144
2025-07-02 22:39:00,24.973190758604538
2025-07-02 22:40:00,24.914048702543088
2025-07-02 22:41:00,24.870380534167413
2025-07-02 22:42:00,24.90769378922847
2025-07-02 22:43:00,24.90390395404638
2025-07-02 22:44:00,24.906099041187836
2025-07-02 22:45:00,24.89223278290635
2025-07-02 22:46:00,24.899233066745108
2025-07-02 22:47:00,24.95252428304953
2025-07-02 22:48:00,24.931543758857046
2025-07-02 22:49:00,24.946599798016862
2025-07-02 22:50:00,24.93283929585933
2025-07-02 22:51:00,24.946943064130824
2025-07-02 22:52:00,24.95560421506068
2025-07-02 22:53:00,24.955844232320338
2025-07-02 22:54:00,24.912484553412774
2025-07-02 22:55:00,24.91928915437398
2025-07-02 22:56:00,24.897358459212736
2025-07-02 22:57:00,24.949654476376526
2025-07-02 22:58:00,24.980693956067864
2025-07-02 22:59:00,24.99998637570474
2025-07-02 23:00:00,24.930209602688606
2025-07-02 23:01:00,24.970644680580033
2025-07-02 23:02:00,24.95702723286682
2025-07-02 23:03:00,24.91580643674927
2025-07-02 23:04:00,24.951971919002293
2025-07-02 23:05:00,24.942314631682038
2025-07-02 23:06:00,24.919002747286388
2025-07-02 23:07:00,24.954746071322162
2025-07-02 23:08:00,24.907193103779175
2025-07-02 23:09:00,24.96264336699688
2025-07-02 23:10:00,24.951461924376044
2025-07-02 23:11:00,24.910657862557752
2025-07-02 23:12:00,24.985154175717366
2025-07-02 23:13:00,24.91680547086297
2025-07-02 23:14:00,24.96035549717215
2025-07-02 23:15:00,24.970389678596348
2025-07-02 23:16:00,24.956379151556025
2025-07-02 23:17:00,24.963601005088538
2025-07-02 23:18:00,24.92604052600474
2025-07-02 23:19:00,24.959845206049536
2025-07-02 23:20:00,24.956666864036247
2025-07-02 23:21:00,24.952683157139436
2025-07-02 23:22:00,24.94367895270714
2025-07-02 23:23:00,24.986995484403003
2025-07-02 23:24:00,25.01215146177751
2025-07-02 23:25:00,24.936995423124554
2025-07-02 23:26:00,24.92139371080704
2025-07-02 23:27:00,24.94054723482396
2025-07-02 23:28:00,24.959610469391887
2025-07-02 23:29:00,24.95632146107464
2025-07-02 23:30:00,24.942318806812786
2025-07-02 23:31:00,24.903435230351512
2025-07-02 23:32:00,24.95574389405126
2025-07-02 23:33:00,24.918478849943764
2025-07-02 23:34:00,24.938049897843023
2025-07-02 23:35:00,24.902426909553874
2025-07-02 23:36:00,24.973387233143793
2025-07-02 23:37:00,24.958825616022274
2025-07-02 23:38:00,24.882012751516186
2025-07-02 23:39:00,24.88286466885757
2025-07-02 23:40:00,24.87382899969018
2025-07-02 23:41:00,24.904771488718264
2025-07-02 23:42:00,24.870120493732315
2025-07-02 23:43:00,24.905479547639175
2025-07-02 23:44:00,24.895977847537345
2025-07-02 23:45:00,24.881546401536717
2025-07-02 23:46:00,24.913655655183554
2025-07-02 23:47:00,24.902573806545476
2025-07-02 23:48:00,24.878156058000823
2025-07-02 23:49:00,24.86221948982138
2025-07-02 23:50:00,24.865555087562974
2025-07-02 23:51:00,24.907583741430013
2025-07-02 23:52:00,24.906533831105016
2025-07-02 23:53:00,24.893367099130753
2025-07-02 23:54:00,24.91629413989661
2025-07-02 23:55:00,24.90698174574375
2025-07-02 23:56:00,24.9205113973286
2025-07-02 23:57:00,24.889292649849654
2025-07-02 23:58:00,24.89354035408949
2025-07-02 23:59:00,24.89279038423564
2025-07-03 00:00:00,24.889889975290057
2025-07-03 00:01:00,24.89977201420784
2025-07-03 00:02:00,24.89859098064566
2025-07-03 00:03:00,24.890529725810985
2025-07-03 00:04:00,24.877605790475553
2025-07-03 00:05:00,24.88792600109159
2025-07-03 00:06:00,24.882243691808792
2025-07-03 00:07:00,24.857975922081426
2025-07-03 00:08:00,24.895972649921703
2025-07-03 00:09:00,24.83850389055833
2025-07-03 00:10:00,24.888122592182192
2025-07-03 00:11:00,24.82070847704514
2025-07-03 00:12:00,24.868383202485255
2025-07-03 00:13:00,24.890013195793344
2025-07-03 00:14:00,24.865428761632355
2025-07-03 00:15:00,24.870262160498367
2025-07-03 00:16:00,24.833017609800645
2025-07-03 00:17:00,24.887861618003367
2025-07-03 00:18:00,24.856106445049004
2025-07-03 00:19:00,24.81057609238542
2025-07-03 00:20:00,24.831037290937655
2025-07-03 00:21:00,24.867183095100092
2025-07-03 00:22:00,24.884639610373355
2025-07-03 00:23:00,24.868551775557656
2025-07-03 00:24:00,24.847459706946907
2025-07-03 00:25:00,24.846995980262097
2025-07-03 00:26:00,24.849653514780538
2025-07-03 00:27:00,24.85052435728273
2025-07-03 00:28:00,24.850560615436894
2025-07-03 00:29:00,24.844067373661385
2025-07-03 00:30:00,24.850103390011306
2025-07-03 00:31:00,24.877317379953926
2025-07-03 00:32:00,24.827855312357503
2025-07-03 00:33:00,24.88908771218092
2025-07-03 00:34:00,24.84168705577748
2025-07-03 00:35:00,24.86140636390878
2025-07-03 00:36:00,24.836820279827624
2025-07-03 00:37:00,24.861243151527923
2025-07-03 00:38:00,24.83763431212931
2025-07-03 00:39:00,24.788164354798514
2025-07-03 00:40:00,24.831975936646973
2025-07-03 00:41:00,24.80581160889654
2025-07-03 00:42:00,24.793119231864548
2025-07-03 00:43:00,24.805818360094893
2025-07-03 00:44:00,24.80042976200864
2025-07-03 00:45:00,24.805386143041858
2025-07-03 00:46:00,24.819659666857227
2025-07-03 00:47:00,24.783127068905074
2025-07-03 00:48:00,24.81049480314898
2025-07-03 00:49:00,24.838494151845648
2025-07-03 00:50:00,24.782135370030467
2025-07-03 00:51:00,24.79692978290895
2025-07-03 00:52:00,24.812013047795713
2025-07-03 00:53:00,24.85654026417086
2025-07-03 00:54:00,24.773796353943716
2025-07-03 00:55:00,24.836533420407388
2025-07-03 00:56:00,24.8092770638633
2025-07-03 00:57:00,24.85928020229613
2025-07-03 00:58:00,24.77830448288636
2025-07-03 00:59:00,24.819606581722777
2025-07-03 01:00:00,24.80457508449875
2025-07-03 01:01:00,24.796880504335643
2025-07-03 01:02:00,24.74553627554524
2025-07-03 01:03:00,24.82592872092534
2025-07-03 01:04:00,24.795973196396268
2025-07-03 01:05:00,24.80869698267352
2025-07-03 01:06:00,24.78715303591806
2025-07-03 01:07:00,24.7865956146269
2025-07-03 01:08:00,24.78266907437155
2025-07-03 01:09:00,24.81294967632567
2025-07-03 01:10:00,24.816698182642956
2025-07-03 01:11:00,24.807531741122226
2025-07-03 01:12:00,24.7809119902523
2025-07-03 01:13:00,24.80651839278102
2025-07-03 01:14:00,24.79689220845429
2025-07-03 01:15:00,24.81096034248383
2025-07-03 01:16:00,24.835628599629317
2025-07-03 01:17:00,24.826883955149658
2025-07-03 01:18:00,24.817881312672164
2025-07-03 01:19:00,24.819382656101848
2025-07-03 01:20:00,24.82047506619103
2025-07-03 01:21:00,24.805867374032836
2025-07-03 01:22:00,24.80510428376859
2025-07-03 01:23:00,24.80232032156398
2025-07-03 01:24:00,24.829986742872613
2025-07-03 01:25:00,24.81412882195737
2025-07-03 01:26:00,24.764410243370314
2025-07-03 01:27:00,24.76299836431292
2025-07-03 01:28:00,24.81668233593167
2025-07-03 01:29:00,24.781158246218002
2025-07-03 01:30:00,24.817172967427954
2025-07-03 01:31:00,24.802077626505202
2025-07-03 01:32:00,24.785529792183183
2025-07-03 01:33:00,24.747420450653944
2025-07-03 01:34:00,24.765693852118
2025-07-03 01:35:00,24.819577670770165
2025-07-03 01:36:00,24.776770307509196
2025-07-03 01:37:00,24.796890460023768
2025-07-03 01:38:00,24.826920652298465
2025-07-03 01:39:00,24.898891227587324
2025-07-03 01:40:00,24.84730987075896
2025-07-03 01:41:00,24.871196414694296
2025-07-03 01:42:00,24.768088102859323
2025-07-03 01:43:00,24.8297270745546
2025-07-03 01:44:00,24.786671645584672
2025-07-03 01:45:00,24.823776588070775
2025-07-03 01:46:00,24.79182503410568
2025-07-03 01:47:00,24.79896616136672
2025-07-03 01:48:00,24.81309722468658
2025-07-03 01:49:00,24.771471108769166
2025-07-03 01:50:00,24.828989056339264
2025-07-03 01:51:00,24.86683366500419
2025-07-03 01:52:00,24.764254779395014
2025-07-03 01:53:00,24.805792561166637
2025-07-03 01:54:00,24.778185670173986
2025-07-03 01:55:00,24.814936392181558
2025-07-03 01:56:00,24.810990145790978
2025-07-03 01:57:00,24.81657860023386
2025-07-03 01:58:00,24.850046876575195
2025-07-03 01:59:00,24.867980363067407
2025-07-03 02:00:00,24.82615350237994
2025-07-03 02:01:00,24.83266840286514
2025-07-03 02:02:00,24.851263848668633
2025-07-03 02:03:00,24.796248456048428
2025-07-03 02:04:00,24.87656484480601
2025-07-03 02:05:00,24.871675939474457
2025-07-03 02:06:00,24.895837144064433
2025-07-03 02:07:00,24.83022460246173
2025-07-03 02:08:00,24.838549176439074
2025-07-03 02:09:00,24.814533107783124
2025-07-03 02:10:00,24.80423369769352
2025-07-03 02:11:00,24.812081412275784
2025-07-03 02:12:00,24.767053727189516
2025-07-03 02:13:00,24.78234378295127
2025-07-03 02:14:00,24.79606995222358
2025-07-03 02:15:00,24.792887229877316
2025-07-03 02:16:00,24.79393345524522
2025-07-03 02:17:00,24.759005397772917
2025-07-03 02:18:00,24.834167829935044
2025-07-03 02:19:00,24.78786500695674
2025-07-03 02:20:00,24.809608810519578
2025-07-03 02:21:00,24.810019314480414
2025-07-03 02:22:00,24.84647029690981
2025-07-03 02:23:00,24.77840532400551
2025-07-03 02:24:00,24.77945430084785
2025-07-03 02:25:00,24.80273169456267
2025-07-03 02:26:00,24.81457782477746
2025-07-03 02:27:00,24.82255634910766
2025-07-03 02:28:00,24.79514119007019
2025-07-03 02:29:00,24.754165828409366
2025-07-03 02:30:00,24.809886444587377
2025-07-03 02:31:00,24.85874963898818
2025-07-03 02:32:00,24.80587124114123
2025-07-03 02:33:00,24.816247896913996
2025-07-03 02:34:00,24.805185599369068
2025-07-03 02:35:00,24.7814698255925
2025-07-03 02:36:00,24.78069954679379
2025-07-03 02:37:00,24.786391127699538
2025-07-03 02:38:00,24.78999428635473
2025-07-03 02:39:00,24.81021043532935
2025-07-03 02:40:00,24.78864107022974
2025-07-03 02:41:00,24.776234264705277
2025-07-03 02:42:00,24.817529729874103
2025-07-03 02:43:00,24.772640415495896
2025-07-03 02:44:00,24.75766628371652
2025-07-03 02:45:00,24.81845935547018
2025-07-03 02:46:00,24.846208616431877
2025-07-03 02:47:00,24.82239966076487
2025-07-03 02:48:00,24.77481630562685
2025-07-03 02:49:00,24.805095587773433
2025-07-03 02:50:00,24.80063518123354
2025-07-03 02:51:00,24.843930588102786
2025-07-03 02:52:00,24.790508697211713
2025-07-03 02:53:00,24.82041920690419
2025-07-03 02:54:00,24.8208365606189
2025-07-03 02:55:00,24.881800047568383
2025-07-03 02:56:00,24.862794106177784
2025-07-03 02:57:00,24.83508189071262
2025-07-03 02:58:00,24.811127810629575
2025-07-03 02:59:00,24.832145767843535
2025-07-03 03:00:00,24.894441711027646
2025-07-03 03:01:00,24.824791585622712
2025-07-03 03:02:00,24.75605276234672
2025-07-03 03:03:00,24.80500130326449
2025-07-03 03:04:00,24.80771577583396
2025-07-03 03:05:00,24.814198802987118
2025-07-03 03:06:00,24.828794061820613
2025-07-03 03:07:00,24.78097409526468
2025-07-03 03:08:00,24.816177129950308
2025-07-03 03:09:00,24.80340728054035
2025-07-03 03:10:00,24.82428523095779
2025-07-03 03:11:00,24.819480201790224
2025-07-03 03:12:00,24.78149083653716
2025-07-03 03:13:00,24.82619814407884
2025-07-03 03:14:00,24.812567226455485
2025-07-03 03:15:00,24.85942142360682
2025-07-03 03:16:00,24.862664338147603
2025-07-03 03:17:00,24.82563195981008
2025-07-03 03:18:00,24.823170130768325
2025-07-03 03:19:00,24.834333280077104
2025-07-03 03:20:00,24.847335563477213
2025-07-03 03:21:00,24.80710799476908
2025-07-03 03:22:00,24.82695322554707
2025-07-03 03:23:00,24.867167829560767
2025-07-03 03:24:00,24.857376124489697
2025-07-03 03:25:00,24.881737594473968
2025-07-03 03:26:00,24.817812217316902
2025-07-03 03:27:00,24.86613127647123
2025-07-03 03:28:00,24.828754723206952
2025-07-03 03:29:00,24.86728011620306
2025-07-03 03:30:00,24.862020910482507
2025-07-03 03:31:00,24.776659431563033
2025-07-03 03:32:00,24.796053770518906
2025-07-03 03:33:00,24.831601223416033
2025-07-03 03:34:00,24.82782038087602
2025-07-03 03:35:00,24.861183142709205
2025-07-03 03:36:00,24.850108307130576
2025-07-03 03:37:00,24.81047977356735
2025-07-03 03:38:00,24.809676462289197
2025-07-03 03:39:00,24.790956624377852
2025-07-03 03:40:00,24.834882827943588
2025-07-03 03:41:00,24.878645932299754
2025-07-03 03:42:00,24.83295432228824
2025-07-03 03:43:00,24.806918156919117
2025-07-03 03:44:00,24.827570890028788
2025-07-03 03:45:00,24.801003467518083
2025-07-03 03:46:00,24.837838411690775
2025-07-03 03:47:00,24.83111868139885
2025-07-03 03:48:00,24.766030848689653
2025-07-03 03:49:00,24.814735385089623
2025-07-03 03:50:00,24.86748989728435
2025-07-03 03:51:00,24.81308551591437
2025-07-03 03:52:00,24.83650204587746
2025-07-03 03:53:00,24.80757797979908
2025-07-03 03:54:00,24.794111040055643
2025-07-03 03:55:00,24.847806122674765
2025-07-03 03:56:00,24.806240138012306
2025-07-03 03:57:00,24.783440377679266
2025-07-03 03:58:00,24.746661760222363
2025-07-03 03:59:00,24.8673177876019
2025-07-03 04:00:00,24.76810513258405
2025-07-03 04:01:00,24.778556024359883
2025-07-03 04:02:00,24.765669561623287
2025-07-03 04:03:00,24.816110149557485
2025-07-03 04:04:00,24.812052460386386
2025-07-03 04:05:00,24.785012209682296
2025-07-03 04:06:00,24.80073397013937
2025-07-03 04:07:00,24.774642727120913
2025-07-03 04:08:00,24.791182410059644
2025-07-03 04:09:00,24.82050490475204
2025-07-03 04:10:00,24.807357609111232
2025-07-03 04:11:00,24.82092110247805
2025-07-03 04:12:00,24.84474911284014
2025-07-03 04:13:00,24.786836858415995
2025-07-03 04:14:00,24.870843014386136
2025-07-03 04:15:00,24.797167196045
2025-07-03 04:16:00,24.772298743963805
2025-07-03 04:17:00,24.85119254178322
2025-07-03 04:18:00,24.82421642108539
2025-07-03 04:19:00,24.79224265218856
2025-07-03 04:20:00,24.787221256216114
2025-07-03 04:21:00,24.848926539521795
2025-07-03 04:22:00,24.812192498427486
2025-07-03 04:23:00,24.835529370573035
2025-07-03 04:24:00,24.803492589313016
2025-07-03 04:25:00,24.81936454510898
2025-07-03 04:26:00,24.821841138990553
2025-07-03 04:27:00,24.84899843542307
2025-07-03 04:28:00,24.783374554674147
2025-07-03 04:29:00,24.80638358387514
2025-07-03 04:30:00,24.84899223045735
2025-07-03 04:31:00,24.782051689303266
2025-07-03 04:32:00,24.805695649767852
2025-07-03 04:33:00,24.815333210618313
2025-07-03 04:34:00,24.759532681072265
2025-07-03 04:35:00,24.782378278026012
2025-07-03 04:36:00,24.831073803259844
2025-07-03 04:37:00,24.73410257959753
2025-07-03 04:38:00,24.70971121115729
2025-07-03 04:39:00,24.750417414747897
2025-07-03 04:40:00,24.746873721240323
2025-07-03 04:41:00,24.81344531243793
2025-07-03 04:42:00,24.72628309161245
2025-07-03 04:43:00,24.714142613373827
2025-07-03 04:44:00,24.77712767666919
2025-07-03 04:45:00,24.774894436283
2025-07-03 04:46:00,24.817584767851937
2025-07-03 04:47:00,24.706238156226846
2025-07-03 04:48:00,24.78386595034814
2025-07-03 04:49:00,24.78970813239902
2025-07-03 04:50:00,24.792480986122374
2025-07-03 04:51:00,24.77052011048106
2025-07-03 04:52:00,24.788512092822494
2025-07-03 04:53:00,24.72302893932494
2025-07-03 04:54:00,24.792863815470962
2025-07-03 04:55:00,24.775092034876117
2025-07-03 04:56:00,24.78207358134067
2025-07-03 04:57:00,24.765573058814592
2025-07-03 04:58:00,24.781060588469018
2025-07-03 04:59:00,24.732559011925584
2025-07-03 05:00:00,24.739963054941526
2025-07-03 05:01:00,24.834837755710677
2025-07-03 05:02:00,24.707022877599012
2025-07-03 05:03:00,24.777718944581416
2025-07-03 05:04:00,24.763187142172004
2025-07-03 05:05:00,24.70829075195712
2025-07-03 05:06:00,24.743244257331288
2025-07-03 05:07:00,24.732745202592593
2025-07-03 05:08:00,24.76209562916597
2025-07-03 05:09:00,24.758023816193226
2025-07-03 05:10:00,24.79179019156563
2025-07-03 05:11:00,24.75636001213044
2025-07-03 05:12:00,24.760210989270604
2025-07-03 05:13:00,24.752897794855922
2025-07-03 05:14:00,24.746699805371474
2025-07-03 05:15:00,24.78714844165299
2025-07-03 05:16:00,24.716083932566594
2025-07-03 05:17:00,24.783385746201116
2025-07-03 05:18:00,24.759133587493398
2025-07-03 05:19:00,24.81736859836081
2025-07-03 05:20:00,24.815272143904213
2025-07-03 05:21:00,24.754576657089427
2025-07-03 05:22:00,24.878133861507973
2025-07-03 05:23:00,24.883924258980095
2025-07-03 05:24:00,24.854935999796496
2025-07-03 05:25:00,24.84776216867868
2025-07-03 05:26:00,24.90376637453195
2025-07-03 05:27:00,24.91500655699103
2025-07-03 05:28:00,24.869409226726013
2025-07-03 05:29:00,24.912420904199656
2025-07-03 05:30:00,24.89692268766145
2025-07-03 05:31:00,24.888580281150915
2025-07-03 05:32:00,24.878684209699966
2025-07-03 05:33:00,24.835635912663108
2025-07-03 05:34:00,24.846809430956885
2025-07-03 05:35:00,24.84988915872194
2025-07-03 05:36:00,24.93106247437735
2025-07-03 05:37:00,24.927875657878676
2025-07-03 05:38:00,24.89899996733786
2025-07-03 05:39:00,24.933003285167214
2025-07-03 05:40:00,24.845562923712578
2025-07-03 05:41:00,24.907979967608743
2025-07-03 05:42:00,24.82143588566404
2025-07-03 05:43:00,24.797193583984225
2025-07-03 05:44:00,24.75270782609939
2025-07-03 05:45:00,24.714434412783643
2025-07-03 05:46:00,24.83170819575035
2025-07-03 05:47:00,24.722171560808416
2025-07-03 05:48:00,24.724699126419107
2025-07-03 05:49:00,24.767447471339217
2025-07-03 05:50:00,24.754039888928787
2025-07-03 05:51:00,24.747941925793462
2025-07-03 05:52:00,24.74526618001035
2025-07-03 05:53:00,24.723919687310072
2025-07-03 05:54:00,24.793868862935735
2025-07-03 05:55:00,24.747898169909195
2025-07-03 05:56:00,24.734747461686375
2025-07-03 05:57:00,24.776148156564833
2025-07-03 05:58:00,24.79459247923428
2025-07-03 05:59:00,24.777404202252075
2025-07-03 06:00:00,24.77369747623178
2025-07-03 06:01:00,24.757143254949543
2025-07-03 06:02:00,24.75497965987647
2025-07-03 06:03:00,24.757398305449197
2025-07-03 06:04:00,24.816332452834057
2025-07-03 06:05:00,24.761824680007916
2025-07-03 06:06:00,24.756140552750473
2025-07-03 06:07:00,24.804161823243007
2025-07-03 06:08:00,24.758308701727767
2025-07-03 06:09:00,24.825598267887713
2025-07-03 06:10:00,24.80596978397325
2025-07-03 06:11:00,24.77698445683151
2025-07-03 06:12:00,24.775991668551328
2025-07-03 06:13:00,24.716335741896334
2025-07-03 06:14:00,24.726754334701237
2025-07-03 06:15:00,24.751444077097187
2025-07-03 06:16:00,24.76763781180451
2025-07-03 06:17:00,24.737545881678056
2025-07-03 06:18:00,24.768077128115987
2025-07-03 06:19:00,24.776987564106125
2025-07-03 06:20:00,24.74645374685049
2025-07-03 06:21:00,24.73421654745685
2025-07-03 06:22:00,24.783311743566294
2025-07-03 06:23:00,24.730430728073166
2025-07-03 06:24:00,24.724987885247746
2025-07-03 06:25:00,24.679249329461232
2025-07-03 06:26:00,24.685339756171246
2025-07-03 06:27:00,24.731213000630287
2025-07-03 06:28:00,24.685533421602962
2025-07-03 06:29:00,24.824323422980417
2025-07-03 06:30:00,24.7128563389447
2025-07-03 06:31:00,24.69424256144263
2025-07-03 06:32:00,24.695534218284138
2025-07-03 06:33:00,24.750162561721286
2025-07-03 06:34:00,24.77629333693955
2025-07-03 06:35:00,24.702353470853406
2025-07-03 06:36:00,24.745884170967038
2025-07-03 06:37:00,24.69478563240687
2025-07-03 06:38:00,24.713656092313798
2025-07-03 06:39:00,24.655741659842818
2025-07-03 06:40:00,24.671144025575867
2025-07-03 06:41:00,24.771765170518417
2025-07-03 06:42:00,24.768513858642905
2025-07-03 06:43:00,24.737990858448118
2025-07-03 06:44:00,24.78845597796591
2025-07-03 06:45:00,24.75338954732113
2025-07-03 06:46:00,24.756417955009105
2025-07-03 06:47:00,24.741120899026246
2025-07-03 06:48:00,24.701757699788587
2025-07-03 06:49:00,24.659237277897134
2025-07-03 06:50:00,24.773543570913066
2025-07-03 06:51:00,24.774675234059927
2025-07-03 06:52:00,24.747630535671092
2025-07-03 06:53:00,24.78406802754122
2025-07-03 06:54:00,24.735053138201902
2025-07-03 06:55:00,24.79503573969006
2025-07-03 06:56:00,24.727481535655656
2025-07-03 06:57:00,24.760155902242893
2025-07-03 06:58:00,24.74491121123113
2025-07-03 06:59:00,24.750413578306176
2025-07-03 07:00:00,24.782431360244193
2025-07-03 07:01:00,24.74038359718696
2025-07-03 07:02:00,24.777455983734644
2025-07-03 07:03:00,24.786368267079872
2025-07-03 07:04:00,24.803590740409845
2025-07-03 07:05:00,24.79765140959005
2025-07-03 07:06:00,24.748665918510714
2025-07-03 07:07:00,24.763127682919738
2025-07-03 07:08:00,24.77500343118708
2025-07-03 07:09:00,24.776064419375327
2025-07-03 07:10:00,24.7862037291789
2025-07-03 07:11:00,24.719302357295955
2025-07-03 07:12:00,24.77391101504107
2025-07-03 07:13:00,24.752961998928626
2025-07-03 07:14:00,24.768760863427467
2025-07-03 07:15:00,24.807292770381768
2025-07-03 07:16:00,24.724394947479983
2025-07-03 07:17:00,24.76284196491353
2025-07-03 07:18:00,24.73380093613916
2025-07-03 07:19:00,24.701888544668048
2025-07-03 07:20:00,24.7869922427069
2025-07-03 07:21:00,24.779995130529322
2025-07-03 07:22:00,24.797919321129545
2025-07-03 07:23:00,24.804858010761375
2025-07-03 07:24:00,24.769306460245453
2025-07-03 07:25:00,24.768551129363953
2025-07-03 07:26:00,24.780321310249786
2025-07-03 07:27:00,24.817606612596705
2025-07-03 07:28:00,24.827009450893215
2025-07-03 07:29:00,24.79375389810861
2025-07-03 07:30:00,24.814915714115113
2025-07-03 07:31:00,24.862784434200638
2025-07-03 07:32:00,24.7718187720483
2025-07-03 07:33:00,24.831450396823993
2025-07-03 07:34:00,24.85114118409017
2025-07-03 07:35:00,24.831288405427586
2025-07-03 07:36:00,24.85213700623636
2025-07-03 07:37:00,24.900235073363515
2025-07-03 07:38:00,24.807087097789303
2025-07-03 07:39:00,24.789004472013016
2025-07-03 07:40:00,24.813477813630755
2025-07-03 07:41:00,24.83054380656557
2025-07-03 07:42:00,24.881450959235448
2025-07-03 07:43:00,24.8631463704463
2025-07-03 07:44:00,24.900412077644045
2025-07-03 07:45:00,24.797546345864824
2025-07-03 07:46:00,24.797138373265845
2025-07-03 07:47:00,24.788801280555333
2025-07-03 07:48:00,24.818353154622862
2025-07-03 07:49:00,24.786372953264944
2025-07-03 07:50:00,24.856153669341463
2025-07-03 07:51:00,24.79019760643049
2025-07-03 07:52:00,24.821631968493215
2025-07-03 07:53:00,24.804741554284345
2025-07-03 07:54:00,24.903142556948584
2025-07-03 07:55:00,25.035436875743798
2025-07-03 07:56:00,24.266840782663756
2025-07-03 07:57:00,24.66020829548577
2025-07-03 07:58:00,24.927156611920523
2025-07-03 07:59:00,24.77122694740004
2025-07-03 08:00:00,24.785478854822895
2025-07-03 08:01:00,24.824596310875865
2025-07-03 08:02:00,24.842662565222486
2025-07-03 08:03:00,24.821451988126917
2025-07-03 08:04:00,24.833579346964395
2025-07-03 08:05:00,24.816944703297505
2025-07-03 08:06:00,24.81789474156475
2025-07-03 08:07:00,24.872823391678647
2025-07-03 08:08:00,24.82703896838593
2025-07-03 08:09:00,24.785999972792855
2025-07-03 08:10:00,24.808103948405464
2025-07-03 08:11:00,24.794180042570993
2025-07-03 08:12:00,24.51838102981812
2025-07-03 08:13:00,24.74044377533009
2025-07-03 08:14:00,24.859489529455516
2025-07-03 08:15:00,24.94946811716858
2025-07-03 08:16:00,24.992408312599125
2025-07-03 08:17:00,25.074471646272293
2025-07-03 08:18:00,24.862818482802957
2025-07-03 08:19:00,24.303476299107167
2025-07-03 08:20:00,24.30227309674445
2025-07-03 08:21:00,24.039916680738887
2025-07-03 08:22:00,24.299956096514197
2025-07-03 08:23:00,24.3723490326963
2025-07-03 08:24:00,24.498682229708525
2025-07-03 08:25:00,23.797179922664625
2025-07-03 08:26:00,23.57149504249856
2025-07-03 08:27:00,24.08107429449746
2025-07-03 08:28:00,24.82870935176366
2025-07-03 08:29:00,25.475868500048
2025-07-03 08:30:00,25.474984945189366
2025-07-03 08:31:00,25.32631697867564
2025-07-03 08:32:00,25.355869492673847
2025-07-03 08:33:00,25.12768892323917
2025-07-03 08:34:00,24.53067686350393
2025-07-03 08:35:00,24.338517129881833
2025-07-03 08:36:00,24.01469343556624
2025-07-03 08:37:00,23.862465033488316
2025-07-03 08:38:00,24.941719875472483
2025-07-03 08:39:00,25.28450800657596
2025-07-03 08:40:00,27.36275665420832
2025-07-03 08:41:00,
2025-07-03 08:42:00,
2025-07-03 08:43:00,
2025-07-03 08:44:00,
2025-07-03 08:45:00,
2025-07-03 08:46:00,
2025-07-03 08:47:00,
2025-07-03 08:48:00,
2025-07-03 08:49:00,
2025-07-03 08:50:00,
2025-07-03 08:51:00,
2025-07-03 08:52:00,
2025-07-03 08:53:00,
2025-07-03 08:54:00,
2025-07-03 08:55:00,
2025-07-03 08:56:00,
2025-07-03 08:57:00,
2025-07-03 08:58:00,
2025-07-03 08:59:00,
2025-07-03 09:00:00,
2025-07-03 09:01:00,
2025-07-03 09:02:00,
2025-07-03 09:03:00,
2025-07-03 09:04:00,
2025-07-03 09:05:00,
2025-07-03 09:06:00,
2025-07-03 09:07:00,
2025-07-03 09:08:00,
2025-07-03 09:09:00,
2025-07-03 09:10:00,
2025-07-03 09:11:00,
2025-07-03 09:12:00,
2025-07-03 09:13:00,
2025-07-03 09:14:00,
2025-07-03 09:15:00,
2025-07-03 09:16:00,
2025-07-03 09:17:00,
2025-07-03 09:18:00,
2025-07-03 09:19:00,
2025-07-03 09:20:00,
2025-07-03 09:21:00,
2025-07-03 09:22:00,
2025-07-03 09:23:00,
2025-07-03 09:24:00,
2025-07-03 09:25:00,
2025-07-03 09:26:00,
2025-07-03 09:27:00,
2025-07-03 09:28:00,
2025-07-03 09:29:00,
2025-07-03 09:30:00,
2025-07-03 09:31:00,
2025-07-03 09:32:00,
2025-07-03 09:33:00,
2025-07-03 09:34:00,
2025-07-03 09:35:00,
2025-07-03 09:36:00,
2025-07-03 09:37:00,
2025-07-03 09:38:00,
2025-07-03 09:39:00,
2025-07-03 09:40:00,
2025-07-03 09:41:00,
2025-07-03 09:42:00,
2025-07-03 09:43:00,
2025-07-03 09:44:00,
2025-07-03 09:45:00,
2025-07-03 09:46:00,
2025-07-03 09:47:00,
2025-07-03 09:48:00,
2025-07-03 09:49:00,
2025-07-03 09:50:00,
2025-07-03 09:51:00,
2025-07-03 09:52:00,
2025-07-03 09:53:00,
2025-07-03 09:54:00,
2025-07-03 09:55:00,
2025-07-03 09:56:00,
2025-07-03 09:57:00,
2025-07-03 09:58:00,
2025-07-03 09:59:00,
2025-07-03 10:00:00,
2025-07-03 10:01:00,
2025-07-03 10:02:00,
2025-07-03 10:03:00,
2025-07-03 10:04:00,
2025-07-03 10:05:00,
2025-07-03 10:06:00,
2025-07-03 10:07:00,
2025-07-03 10:08:00,
2025-07-03 10:09:00,
2025-07-03 10:10:00,
2025-07-03 10:11:00,
2025-07-03 10:12:00,
2025-07-03 10:13:00,
2025-07-03 10:14:00,
2025-07-03 10:15:00,
2025-07-03 10:16:00,
2025-07-03 10:17:00,
2025-07-03 10:18:00,
2025-07-03 10:19:00,
2025-07-03 10:20:00,
2025-07-03 10:21:00,
2025-07-03 10:22:00,
2025-07-03 10:23:00,
2025-07-03 10:24:00,
2025-07-03 10:25:00,
2025-07-03 10:26:00,
2025-07-03 10:27:00,
2025-07-03 10:28:00,
2025-07-03 10:29:00,
2025-07-03 10:30:00,
2025-07-03 10:31:00,
2025-07-03 10:32:00,
2025-07-03 10:33:00,
2025-07-03 10:34:00,
2025-07-03 10:35:00,
2025-07-03 10:36:00,
2025-07-03 10:37:00,
2025-07-03 10:38:00,
2025-07-03 10:39:00,
2025-07-03 10:40:00,
2025-07-03 10:41:00,
2025-07-03 10:42:00,
2025-07-03 10:43:00,
2025-07-03 10:44:00,
2025-07-03 10:45:00,
2025-07-03 10:46:00,
2025-07-03 10:47:00,29.946391076127608
2025-07-03 10:48:00,29.272346425073998
2025-07-03 10:49:00,28.797378689861393
2025-07-03 10:50:00,28.509305978944788
2025-07-03 10:51:00,28.539930421839696
2025-07-03 10:52:00,28.405072209669825
2025-07-03 10:53:00,28.579660429341235
2025-07-03 10:54:00,28.88035564310238
2025-07-03 10:55:00,28.05455683351003
2025-07-03 10:56:00,27.677166206277896
2025-07-03 10:57:00,26.522240302101768
2025-07-03 10:58:00,27.357479658573812
2025-07-03 10:59:00,27.763307917302928
2025-07-03 11:00:00,27.74619267619635
2025-07-03 11:01:00,27.039051038080547
2025-07-03 11:02:00,27.036370795885627
2025-07-03 11:03:00,26.8626527622655
2025-07-03 11:04:00,26.97568854880556
2025-07-03 11:05:00,26.756368170914275
2025-07-03 11:06:00,24.32819899164146
2025-07-03 11:07:00,24.064488681497686
2025-07-03 11:08:00,25.0560341625623
2025-07-03 11:09:00,25.60240640262627
2025-07-03 11:10:00,24.628223995612224
2025-07-03 11:11:00,24.708953686588824
2025-07-03 11:12:00,24.688754484822347
2025-07-03 11:13:00,24.56670331177418
2025-07-03 11:14:00,24.591932790643998
2025-07-03 11:15:00,24.717342899850845
2025-07-03 11:16:00,24.79302959871853
2025-07-03 11:17:00,24.867992492822566
2025-07-03 11:18:00,24.936668747214785
2025-07-03 11:19:00,24.938917294340886
2025-07-03 11:20:00,24.917366043420603
2025-07-03 11:21:00,24.976296684814187
2025-07-03 11:22:00,25.0839095645395
2025-07-03 11:23:00,25.050238417115033
2025-07-03 11:24:00,25.123243668582084
2025-07-03 11:25:00,25.11187344360644
2025-07-03 11:26:00,25.093982039572527
2025-07-03 11:27:00,25.17499676615269
2025-07-03 11:28:00,25.24201945733539
2025-07-03 11:29:00,25.17871332635396
2025-07-03 11:30:00,25.14098822783878
2025-07-03 11:31:00,25.095306776875084
2025-07-03 11:32:00,25.046566201976226
2025-07-03 11:33:00,25.1643404689168
2025-07-03 11:34:00,29.944728938590867
2025-07-03 11:35:00,30.77011277966761
2025-07-03 11:36:00,26.343728478772178
2025-07-03 11:37:00,25.030192710830796
2025-07-03 11:38:00,24.982807535198504
2025-07-03 11:39:00,24.99025505824641
2025-07-03 11:40:00,25.01372901770099
2025-07-03 11:41:00,25.05667628189877
2025-07-03 11:42:00,25.020416421072795
2025-07-03 11:43:00,24.978140712988857
2025-07-03 11:44:00,25.025815563684613
2025-07-03 11:45:00,24.984094196588934
2025-07-03 11:46:00,25.014743940692473
2025-07-03 11:47:00,24.847184672669247
2025-07-03 11:48:00,24.824365299189218
2025-07-03 11:49:00,24.835312031629687
2025-07-03 11:50:00,24.905035137926756
2025-07-03 11:51:00,24.94714112292617
2025-07-03 11:52:00,24.924022164347715
2025-07-03 11:53:00,24.925315689213488
2025-07-03 11:54:00,25.000284798513054
2025-07-03 11:55:00,25.16695040676196
2025-07-03 11:56:00,25.1777515119761
2025-07-03 11:57:00,25.13699392403034
2025-07-03 11:58:00,25.09395697673383
2025-07-03 11:59:00,25.047709210186756
2025-07-03 12:00:00,25.063731353787364
2025-07-03 12:01:00,25.023586068838373
2025-07-03 12:02:00,25.00658879001526
2025-07-03 12:03:00,24.943420774436806
2025-07-03 12:04:00,25.045422588273837
2025-07-03 12:05:00,25.047083751024196
2025-07-03 12:06:00,24.90504954888811
2025-07-03 12:07:00,24.840607164348203
2025-07-03 12:08:00,24.842938729786944
2025-07-03 12:09:00,24.92404538230987
2025-07-03 12:10:00,24.96800840798631
2025-07-03 12:11:00,25.078642249434942
2025-07-03 12:12:00,25.01461915509001
2025-07-03 12:13:00,24.97981499187009
2025-07-03 12:14:00,25.00991467165862
2025-07-03 12:15:00,25.02707278587903
2025-07-03 12:16:00,24.935241165944166
2025-07-03 12:17:00,24.95528944417805
2025-07-03 12:18:00,25.023736521375586
2025-07-03 12:19:00,25.169653769507235
2025-07-03 12:20:00,25.09977086544122
2025-07-03 12:21:00,25.158141632454498
2025-07-03 12:22:00,25.103625873943155
2025-07-03 12:23:00,25.067261019824468
2025-07-03 12:24:00,25.062573498692874
2025-07-03 12:25:00,25.09843202694086
2025-07-03 12:26:00,25.05826301598735
2025-07-03 12:27:00,25.03783086196654
2025-07-03 12:28:00,25.034684888826558
2025-07-03 12:29:00,25.042465299787477
2025-07-03 12:30:00,25.088060917345363
2025-07-03 12:31:00,25.052262566708077
2025-07-03 12:32:00,24.937769638254526
2025-07-03 12:33:00,24.87313654592762
2025-07-03 12:34:00,24.903480007301233
2025-07-03 12:35:00,24.86938400908031
2025-07-03 12:36:00,24.970410453063923
2025-07-03 12:37:00,24.974289953217795
2025-07-03 12:38:00,24.99904611344333
2025-07-03 12:39:00,24.99961337816493
2025-07-03 12:40:00,25.061291415965403
2025-07-03 12:41:00,25.18349671739168
2025-07-03 12:42:00,25.171655482639753
2025-07-03 12:43:00,25.128908099843613
2025-07-03 12:44:00,25.13830585472317
2025-07-03 12:45:00,25.098200509241316
2025-07-03 12:46:00,25.094719106734267
2025-07-03 12:47:00,25.087717794534097
2025-07-03 12:48:00,25.12958961685157
2025-07-03 12:49:00,25.057980141731477
2025-07-03 12:50:00,25.003910851046996
2025-07-03 12:51:00,25.024852453396516
2025-07-03 12:52:00,24.925554506065826
2025-07-03 12:53:00,24.94439356510252
2025-07-03 12:54:00,24.875712771590678
2025-07-03 12:55:00,24.9508071624782
2025-07-03 12:56:00,24.926884116346383
2025-07-03 12:57:00,24.98119282999507
2025-07-03 12:58:00,24.993736551158438
2025-07-03 12:59:00,25.038012975849075
2025-07-03 13:00:00,24.997111428066358
2025-07-03 13:01:00,25.01596288361604
2025-07-03 13:02:00,25.05477755741484
2025-07-03 13:03:00,25.019435700658228
2025-07-03 13:04:00,25.09510570669887
2025-07-03 13:05:00,25.15101807194855
2025-07-03 13:06:00,25.159047684816517
2025-07-03 13:07:00,25.148176600583586
2025-07-03 13:08:00,25.15218322454763
2025-07-03 13:09:00,25.1066652982211
2025-07-03 13:10:00,25.150209871629052
2025-07-03 13:11:00,25.15407310274978
2025-07-03 13:12:00,25.085678443458992
2025-07-03 13:13:00,25.118016030924
2025-07-03 13:14:00,25.08449866621323
2025-07-03 13:15:00,25.15951870610835
2025-07-03 13:16:00,25.074366297835127
2025-07-03 13:17:00,25.099990335370084
2025-07-03 13:18:00,25.00598081965735
2025-07-03 13:19:00,24.942259793428903
2025-07-03 13:20:00,25.02325160197668
2025-07-03 13:21:00,25.05371480695064
2025-07-03 13:22:00,25.02707927893869
2025-07-03 13:23:00,25.05673794257422
2025-07-03 13:24:00,25.02500793934227
2025-07-03 13:25:00,25.012979622223572
2025-07-03 13:26:00,25.067589147490658
2025-07-03 13:27:00,25.223073605174577
2025-07-03 13:28:00,25.199734668630494
2025-07-03 13:29:00,25.13912045896991
2025-07-03 13:30:00,25.13834168881278
2025-07-03 13:31:00,25.144234728815295
2025-07-03 13:32:00,25.168358266831053
2025-07-03 13:33:00,25.115133839583915
2025-07-03 13:34:00,25.136561537280468
2025-07-03 13:35:00,25.12959530744614
2025-07-03 13:36:00,25.137999802846025
2025-07-03 13:37:00,25.144431368237253
2025-07-03 13:38:00,25.064612948908596
2025-07-03 13:39:00,25.07738273152576
2025-07-03 13:40:00,25.032183162966827
2025-07-03 13:41:00,25.033211121096613
2025-07-03 13:42:00,25.073660624856434
2025-07-03 13:43:00,25.083000997287446
2025-07-03 13:44:00,25.014025564753485
2025-07-03 13:45:00,25.032559910782563
2025-07-03 13:46:00,25.09032006548602
2025-07-03 13:47:00,25.069039090878412
2025-07-03 13:48:00,25.12122643286971
2025-07-03 13:49:00,25.098430350639667
2025-07-03 13:50:00,25.102258752143364
2025-07-03 13:51:00,25.1950864786362
2025-07-03 13:52:00,25.173828251529144
2025-07-03 13:53:00,25.13558902523216
2025-07-03 13:54:00,25.126854536440906
2025-07-03 13:55:00,25.15089239446205
2025-07-03 13:56:00,25.116285382711535
2025-07-03 13:57:00,25.152843911455783
2025-07-03 13:58:00,25.139896633112095
2025-07-03 13:59:00,25.139214647511988
2025-07-03 14:00:00,25.157486730094654
2025-07-03 14:01:00,25.146904064274562
2025-07-03 14:02:00,25.18145868111924
2025-07-03 14:03:00,25.1896551893859
2025-07-03 14:04:00,25.096413620795474
2025-07-03 14:05:00,25.02521042712091
2025-07-03 14:06:00,25.0411334828857
2025-07-03 14:07:00,25.0632457429341
2025-07-03 14:08:00,25.080341155089915
2025-07-03 14:09:00,25.12101185064993
2025-07-03 14:10:00,25.076389376658266
2025-07-03 14:11:00,25.093051148091806
2025-07-03 14:12:00,25.10121730673812
2025-07-03 14:13:00,25.214562852337064
2025-07-03 14:14:00,25.221721133784218
2025-07-03 14:15:00,25.203182736403257
2025-07-03 14:16:00,25.158757641084332
2025-07-03 14:17:00,25.166698381575646
2025-07-03 14:18:00,25.187557147267878
2025-07-03 14:19:00,25.170516328102696
2025-07-03 14:20:00,25.149092544755323
2025-07-03 14:21:00,25.174313412277698
2025-07-03 14:22:00,25.217085477075123
2025-07-03 14:23:00,25.196696305148535
2025-07-03 14:24:00,25.14119305035315
2025-07-03 14:25:00,25.104792009848875
2025-07-03 14:26:00,25.14940207572149
2025-07-03 14:27:00,25.107877880622823
2025-07-03 14:28:00,25.11953648900518
2025-07-03 14:29:00,25.157867132575316
2025-07-03 14:30:00,25.068461561350766
2025-07-03 14:31:00,25.106933208946234
2025-07-03 14:32:00,25.168350830406737
2025-07-03 14:33:00,25.397654706141665
2025-07-03 14:34:00,27.988429298127652
2025-07-03 14:35:00,31.927807025083997
2025-07-03 14:36:00,25.176967808662138
2025-07-03 14:37:00,25.16088655280864
2025-07-03 14:38:00,25.19120547058269
2025-07-03 14:39:00,25.209372696816118
2025-07-03 14:40:00,25.202963624541542
2025-07-03 14:41:00,25.167965245434555
2025-07-03 14:42:00,25.170931585314055
2025-07-03 14:43:00,25.249644228809316
2025-07-03 14:44:00,25.277215945430036
2025-07-03 14:45:00,25.251350989246262
2025-07-03 14:46:00,25.225619533583004
2025-07-03 14:47:00,25.254966568656428
2025-07-03 14:48:00,25.261850686076926
2025-07-03 14:49:00,25.28033619488261
2025-07-03 14:50:00,25.285350753099497
2025-07-03 14:51:00,25.239253116508216
2025-07-03 14:52:00,25.24500008299398
2025-07-03 14:53:00,25.164506389598834
2025-07-03 14:54:00,25.189628986822857
2025-07-03 14:55:00,25.215251055140136
2025-07-03 14:56:00,25.205183447659543
2025-07-03 14:57:00,25.206491292593864
2025-07-03 14:58:00,25.213947886910013
2025-07-03 14:59:00,25.172245407233756
2025-07-03 15:00:00,25.148265086862207
2025-07-03 15:01:00,25.20261888336669
2025-07-03 15:02:00,25.166690578820553
2025-07-03 15:03:00,25.193988257077866
2025-07-03 15:04:00,25.261395437299445
2025-07-03 15:05:00,25.18148434982202
2025-07-03 15:06:00,25.176885091625106
2025-07-03 15:07:00,25.128936702995126
2025-07-03 15:08:00,25.125208554522168
2025-07-03 15:09:00,25.11288935068327
2025-07-03 15:10:00,25.11333904107947
2025-07-03 15:11:00,25.175384519305656
2025-07-03 15:12:00,25.13996649439815
2025-07-03 15:13:00,25.173504596358747
2025-07-03 15:14:00,25.18087789932955
2025-07-03 15:15:00,25.213456086420198
2025-07-03 15:16:00,25.171492678680337
2025-07-03 15:17:00,25.24093611153645
2025-07-03 15:18:00,25.21425197815454
2025-07-03 15:19:00,25.21456623397545
2025-07-03 15:20:00,25.24414056628252
2025-07-03 15:21:00,25.187162966790154
2025-07-03 15:22:00,25.201057029795688
2025-07-03 15:23:00,25.251583295285872
2025-07-03 15:24:00,25.144328765712842
2025-07-03 15:25:00,25.150680355912453
2025-07-03 15:26:00,25.40882195802821
2025-07-03 15:27:00,32.231058980110895
2025-07-03 15:28:00,32.04245202595338
2025-07-03 15:29:00,28.242979690573552
2025-07-03 15:30:00,25.204607465034204
2025-07-03 15:31:00,25.87453263599987
2025-07-03 15:32:00,33.89839580259221
2025-07-03 15:33:00,34.518663856821036
2025-07-03 15:34:00,34.19624127637623
2025-07-03 15:35:00,28.683721156575075
2025-07-03 15:36:00,25.28431484474121
2025-07-03 15:37:00,25.379757932318444
2025-07-03 15:38:00,25.3694646436059
2025-07-03 15:39:00,25.31280013774574
2025-07-03 15:40:00,25.32511296310031
2025-07-03 15:41:00,25.328281368429767
2025-07-03 15:42:00,25.316522281915304
2025-07-03 15:43:00,25.303131320380466
2025-07-03 15:44:00,25.300190763706382
2025-07-03 15:45:00,25.26664807396235
2025-07-03 15:46:00,25.369785118499795
2025-07-03 15:47:00,25.327471817006714
2025-07-03 15:48:00,25.37464175758614
2025-07-03 15:49:00,25.315839974681307
2025-07-03 15:50:00,25.274086933321843
2025-07-03 15:51:00,25.31648931233115
2025-07-03 15:52:00,25.28015667244347
2025-07-03 15:53:00,25.345857733018928
2025-07-03 15:54:00,25.301783232312612
2025-07-03 15:55:00,25.357034397297305
2025-07-03 15:56:00,25.365855718984218
2025-07-03 15:57:00,25.33448450022321
2025-07-03 15:58:00,25.356094480743362
2025-07-03 15:59:00,25.378930518338738
2025-07-03 16:00:00,25.26565425752647
2025-07-03 16:01:00,25.33356344538195
2025-07-03 16:02:00,25.31555449603518
2025-07-03 16:03:00,25.339147331051194
2025-07-03 16:04:00,25.364065058012702
2025-07-03 16:05:00,25.41904751175169
2025-07-03 16:06:00,25.340215451458896
2025-07-03 16:07:00,25.320633841543962
2025-07-03 16:08:00,25.297620036222725
2025-07-03 16:09:00,25.269563985752693
2025-07-03 16:10:00,25.250560564718658
2025-07-03 16:11:00,25.204864853144013
2025-07-03 16:12:00,25.246324896719056
2025-07-03 16:13:00,25.255696403576135
2025-07-03 16:14:00,25.067157047077405
2025-07-03 16:15:00,25.036674334464646
2025-07-03 16:16:00,25.116969029166786
2025-07-03 16:17:00,25.13185277748158
2025-07-03 16:18:00,25.10591892340538
2025-07-03 16:19:00,25.104465919919267
2025-07-03 16:20:00,25.120558216514357
2025-07-03 16:21:00,25.267197885437906
2025-07-03 16:22:00,25.150037446276098
2025-07-03 16:23:00,25.087170484180927
2025-07-03 16:24:00,25.10530656840431
2025-07-03 16:25:00,25.126868781458604
2025-07-03 16:26:00,29.904883702574246
2025-07-03 16:27:00,30.14840782719236
2025-07-03 16:28:00,29.98898357810715
2025-07-03 16:29:00,30.927874898922763
2025-07-03 16:30:00,28.361252160568377
2025-07-03 16:31:00,25.0073500858044
2025-07-03 16:32:00,24.22872448313294
2025-07-03 16:33:00,24.13873683700187
2025-07-03 16:34:00,24.18142915288064
2025-07-03 16:35:00,24.178256439144867
2025-07-03 16:36:00,24.30249169676252
2025-07-03 16:37:00,24.267669045466107
2025-07-03 16:38:00,24.50577717298371
2025-07-03 16:39:00,31.978484218901766
2025-07-03 16:40:00,24.017021015905176
2025-07-03 16:41:00,27.407612563606328
2025-07-03 16:42:00,34.35359962494389
2025-07-03 16:43:00,35.31726860320917
2025-07-03 16:44:00,35.114376707095275
2025-07-03 16:45:00,34.438543615510326
2025-07-03 16:46:00,34.47108077309865
2025-07-03 16:47:00,34.499951729990606
2025-07-03 16:48:00,34.00162498059295
2025-07-03 16:49:00,32.19093319344363
2025-07-03 16:50:00,27.633311534936333
2025-07-03 16:51:00,26.492668870598
2025-07-03 16:52:00,26.19575798853818
2025-07-03 16:53:00,26.26980417623852
2025-07-03 16:54:00,26.03690894158778
2025-07-03 16:55:00,25.93904910387496
2025-07-03 16:56:00,25.939328155308303
2025-07-03 16:57:00,25.776837847330295
2025-07-03 16:58:00,25.787255087699204
2025-07-03 16:59:00,25.714034594488382
2025-07-03 17:00:00,25.531453606491787
2025-07-03 17:01:00,25.570822193862128
2025-07-03 17:02:00,25.405807071292237
2025-07-03 17:03:00,25.429782117984768
2025-07-03 17:04:00,25.391096877881562
2025-07-03 17:05:00,25.463198182394763
2025-07-03 17:06:00,25.43358670831977
2025-07-03 17:07:00,25.541952663631392
2025-07-03 17:08:00,25.646436155702432
2025-07-03 17:09:00,25.71411357345162
2025-07-03 17:10:00,25.69997777948771
2025-07-03 17:11:00,25.71042744478466
2025-07-03 17:12:00,25.739547065658826
2025-07-03 17:13:00,25.788298364688533
2025-07-03 17:14:00,25.903343390646498
2025-07-03 17:15:00,25.700066834781403
2025-07-03 17:16:00,25.90449522593683
2025-07-03 17:17:00,25.911683460321942
2025-07-03 17:18:00,25.949154380368388
2025-07-03 17:19:00,26.05621554416609
2025-07-03 17:20:00,25.98070577112346
2025-07-03 17:21:00,26.134980072853747
2025-07-03 17:22:00,26.163690337387727
2025-07-03 17:23:00,26.044945761503193
2025-07-03 17:24:00,26.065932414663276
2025-07-03 17:25:00,26.197915786312933
2025-07-03 17:26:00,26.259129512037784
2025-07-03 17:27:00,26.29269675658774
2025-07-03 17:28:00,26.326976593740525
2025-07-03 17:29:00,26.3238547441125
2025-07-03 17:30:00,26.39055219357737
2025-07-03 17:31:00,26.376880908781914
2025-07-03 17:32:00,26.26357711130551
2025-07-03 17:33:00,26.245294489925307
2025-07-03 17:34:00,26.213185118639554
2025-07-03 17:35:00,26.18112754341561
2025-07-03 17:36:00,26.19911738268222
2025-07-03 17:37:00,26.250567507038305
2025-07-03 17:38:00,26.15770716032056
2025-07-03 17:39:00,26.2538654914485
2025-07-03 17:40:00,26.17251593841989
2025-07-03 17:41:00,26.254160732871803
2025-07-03 17:42:00,26.209109061579866
2025-07-03 17:43:00,26.18839340192428
2025-07-03 17:44:00,26.158073100138328
2025-07-03 17:45:00,26.208915380975665
2025-07-03 17:46:00,26.11731322375781
2025-07-03 17:47:00,26.224865717740233
2025-07-03 17:48:00,26.296884731083427
2025-07-03 17:49:00,26.329534508137076
2025-07-03 17:50:00,26.37649809471928
2025-07-03 17:51:00,26.50195301186803
2025-07-03 17:52:00,26.589566481890834
2025-07-03 17:53:00,26.66244056042903
2025-07-03 17:54:00,26.84020517392913
2025-07-03 17:55:00,26.96884300713843
2025-07-03 17:56:00,27.276675633213358
2025-07-03 17:57:00,27.52137258449883
2025-07-03 17:58:00,27.727803280888953
2025-07-03 17:59:00,27.84562780592146
2025-07-03 18:00:00,28.011505311424813
2025-07-03 18:01:00,28.15420255853366
2025-07-03 18:02:00,28.482372747433836
2025-07-03 18:03:00,28.67215809012185
2025-07-03 18:04:00,28.68284449242521
2025-07-03 18:05:00,28.79457807248401
2025-07-03 18:06:00,28.73987057673507
2025-07-03 18:07:00,28.852933960202
2025-07-03 18:08:00,28.84565938479597
2025-07-03 18:09:00,28.91797709898477
2025-07-03 18:10:00,28.907433863657744
2025-07-03 18:11:00,28.91489147500456
2025-07-03 18:12:00,28.81398758048099
2025-07-03 18:13:00,28.822690236713
2025-07-03 18:14:00,28.90363852142008
2025-07-03 18:15:00,29.16379144900211
2025-07-03 18:16:00,29.25980424311421
2025-07-03 18:17:00,29.314665145929634
2025-07-03 18:18:00,29.468625989112436
2025-07-03 18:19:00,30.09602512248683
2025-07-03 18:20:00,30.59079372157729
2025-07-03 18:21:00,30.59259344093811
2025-07-03 18:22:00,30.587704022102653
2025-07-03 18:23:00,30.33846038197969
2025-07-03 18:24:00,30.589524220609995
2025-07-03 18:25:00,30.201639788614287
2025-07-03 18:26:00,29.988275524593305
2025-07-03 18:27:00,29.987325421798367
2025-07-03 18:28:00,29.967744257720913
2025-07-03 18:29:00,30.12496088433511
2025-07-03 18:30:00,30.0468185515816
2025-07-03 18:31:00,29.708479625963612
2025-07-03 18:32:00,29.61180100813256
2025-07-03 18:33:00,29.6647998977014
2025-07-03 18:34:00,29.74993402445738
2025-07-03 18:35:00,30.059339019581312
2025-07-03 18:36:00,29.98328390804216
2025-07-03 18:37:00,29.86652445047029
2025-07-03 18:38:00,30.29798512002202
2025-07-03 18:39:00,29.939462385781326
2025-07-03 18:40:00,29.603058162904002
2025-07-03 18:41:00,29.65298124363945
2025-07-03 18:42:00,29.653300058067362
2025-07-03 18:43:00,29.31802440155515
2025-07-03 18:44:00,29.21379800135223
2025-07-03 18:45:00,29.036997386296907
2025-07-03 18:46:00,29.022908340998473
2025-07-03 18:47:00,28.84543519910094
2025-07-03 18:48:00,28.751663061000077
2025-07-03 18:49:00,28.642747781538283
2025-07-03 18:50:00,28.64178993307924
2025-07-03 18:51:00,28.593764994195755
2025-07-03 18:52:00,28.55282527376346
2025-07-03 18:53:00,28.562975598081714
2025-07-03 18:54:00,28.460846671561896
2025-07-03 18:55:00,28.323099122501848
2025-07-03 18:56:00,28.337400241176677
2025-07-03 18:57:00,28.287189248803013
2025-07-03 18:58:00,28.268030990694893
2025-07-03 18:59:00,28.20227378990293
2025-07-03 19:00:00,28.191583392737176
2025-07-03 19:01:00,28.16914836465719
2025-07-03 19:02:00,28.13191090383764
2025-07-03 19:03:00,28.15835949924877
2025-07-03 19:04:00,28.31413763741759
2025-07-03 19:05:00,28.78581241935436
2025-07-03 19:06:00,28.92502276480975
2025-07-03 19:07:00,28.88513729434494
2025-07-03 19:08:00,27.677472617522906
2025-07-03 19:09:00,28.030982305517842
2025-07-03 19:10:00,28.03900288316925
2025-07-03 19:11:00,28.180423758393797
2025-07-03 19:12:00,28.85541461233076
2025-07-03 19:13:00,29.339946395753422
2025-07-03 19:14:00,28.158617699657693
2025-07-03 19:15:00,27.680598826689348
2025-07-03 19:16:00,27.53182282157358
2025-07-03 19:17:00,27.980688203313495
2025-07-03 19:18:00,27.96924201689486
2025-07-03 19:19:00,28.188069917907587
2025-07-03 19:20:00,27.992318698552527
2025-07-03 19:21:00,28.11059680271994
2025-07-03 19:22:00,28.21285452311738
2025-07-03 19:23:00,27.83149003748248
2025-07-03 19:24:00,27.450993869408766
2025-07-03 19:25:00,27.491130341052433
2025-07-03 19:26:00,27.561187314861055
2025-07-03 19:27:00,27.61026119819423
2025-07-03 19:28:00,27.423988186535883
2025-07-03 19:29:00,27.22439453400237
2025-07-03 19:30:00,27.20074508480395
2025-07-03 19:31:00,27.367103452819183
2025-07-03 19:32:00,27.69589916516547
2025-07-03 19:33:00,27.901657142840534
2025-07-03 19:34:00,27.757563090089413
2025-07-03 19:35:00,27.880274365912275
2025-07-03 19:36:00,28.120356906710683
2025-07-03 19:37:00,28.158344691059913
2025-07-03 19:38:00,27.997040354249005
2025-07-03 19:39:00,27.999155993860867
2025-07-03 19:40:00,27.96298768920149
2025-07-03 19:41:00,28.07765431747426
2025-07-03 19:42:00,28.142063721374594
2025-07-03 19:43:00,28.056279219511552
2025-07-03 19:44:00,27.971009022788316
2025-07-03 19:45:00,27.962596101146506
2025-07-03 19:46:00,27.761063433884498
2025-07-03 19:47:00,27.611297723922636
2025-07-03 19:48:00,27.65368219846033
2025-07-03 19:49:00,27.696573697703176
2025-07-03 19:50:00,27.747155053654016
2025-07-03 19:51:00,27.739035752691855
2025-07-03 19:52:00,27.759614668114978
2025-07-03 19:53:00,27.744380741786124
2025-07-03 19:54:00,27.639957868449823
2025-07-03 19:55:00,27.688004027851207
2025-07-03 19:56:00,27.58846781419874
2025-07-03 19:57:00,27.511448806051952
2025-07-03 19:58:00,27.526480112575737
2025-07-03 19:59:00,27.591969358869086
2025-07-03 20:00:00,27.408389687624478
2025-07-03 20:01:00,27.61602049989751
2025-07-03 20:02:00,27.491903125268397
2025-07-03 20:03:00,27.444954516989505
2025-07-03 20:04:00,27.469369145811854
2025-07-03 20:05:00,27.26895913681931
2025-07-03 20:06:00,27.228630483201638
2025-07-03 20:07:00,27.003077620046717
2025-07-03 20:08:00,26.241200303628027
2025-07-03 20:09:00,26.922217651089976
2025-07-03 20:10:00,27.37750206068329
2025-07-03 20:11:00,27.67527782630447
2025-07-03 20:12:00,27.169912195641675
2025-07-03 20:13:00,26.93358090884884
2025-07-03 20:14:00,25.90890323217637
2025-07-03 20:15:00,24.5394948115885
2025-07-03 20:16:00,24.65914801461295
2025-07-03 20:17:00,24.660445187409927
2025-07-03 20:18:00,24.827278571479336
2025-07-03 20:19:00,24.9964357143675
2025-07-03 20:20:00,25.180117456870235
2025-07-03 20:21:00,25.021763920232925
2025-07-03 20:22:00,24.96032230958971
2025-07-03 20:23:00,24.987487856619676
2025-07-03 20:24:00,24.97606260046937
2025-07-03 20:25:00,25.069170052316352
2025-07-03 20:26:00,24.979754116858423
2025-07-03 20:27:00,25.037209171184607
2025-07-03 20:28:00,25.11655513883652
2025-07-03 20:29:00,25.089134982699033
2025-07-03 20:30:00,25.148712702646073
2025-07-03 20:31:00,25.174774058149822
2025-07-03 20:32:00,25.142510140263404
2025-07-03 20:33:00,25.172444609645012
2025-07-03 20:34:00,25.11297229876146
2025-07-03 20:35:00,25.184027021823546
2025-07-03 20:36:00,25.142480042172043
2025-07-03 20:37:00,25.159283449085116
2025-07-03 20:38:00,25.117939357130226
2025-07-03 20:39:00,25.157111464273328
2025-07-03 20:40:00,25.230127613045877
2025-07-03 20:41:00,25.211625822406468
2025-07-03 20:42:00,25.23194612432348
2025-07-03 20:43:00,25.144460892967086
2025-07-03 20:44:00,25.015020511738342
2025-07-03 20:45:00,24.368934435247677
2025-07-03 20:46:00,24.199662693033808
2025-07-03 20:47:00,24.689422088729057
2025-07-03 20:48:00,24.96119108389145
2025-07-03 20:49:00,25.159556590437195
2025-07-03 20:50:00,25.2724395440998
2025-07-03 20:51:00,25.19807333654903
2025-07-03 20:52:00,25.258678422759992
2025-07-03 20:53:00,25.24855666683806
2025-07-03 20:54:00,25.24733490306021
2025-07-03 20:55:00,25.187968937702138
2025-07-03 20:56:00,25.207737605258703
2025-07-03 20:57:00,25.23061347126966
2025-07-03 20:58:00,25.200681363451498
2025-07-03 20:59:00,25.29881138544484
2025-07-03 21:00:00,25.16042781229997
2025-07-03 21:01:00,25.20755496494154
2025-07-03 21:02:00,25.205716914157087
2025-07-03 21:03:00,24.900533943329787
2025-07-03 21:04:00,24.730662890309045
2025-07-03 21:05:00,24.859882778817227
2025-07-03 21:06:00,24.919274167248286
2025-07-03 21:07:00,24.964160408438985
2025-07-03 21:08:00,24.8791689307405
2025-07-03 21:09:00,24.887327254071838
2025-07-03 21:10:00,24.935688958314678
2025-07-03 21:11:00,24.98808283742831
2025-07-03 21:12:00,24.980412060420655
2025-07-03 21:13:00,25.070456571901847
2025-07-03 21:14:00,25.022091916639692
2025-07-03 21:15:00,25.03286354567024
2025-07-03 21:16:00,25.03450809803297
2025-07-03 21:17:00,25.0151055234456
2025-07-03 21:18:00,25.03892643866711
2025-07-03 21:19:00,25.12165873833205
2025-07-03 21:20:00,25.02738664862892
2025-07-03 21:21:00,25.02349603716494
2025-07-03 21:22:00,25.020973956989312
2025-07-03 21:23:00,25.03077318364765
2025-07-03 21:24:00,25.006419533506588
2025-07-03 21:25:00,25.04723863531139
2025-07-03 21:26:00,25.1156805580679
2025-07-03 21:27:00,25.03765142014437
2025-07-03 21:28:00,25.08508043143585
2025-07-03 21:29:00,25.156108770683772
2025-07-03 21:30:00,25.02513971776506
2025-07-03 21:31:00,25.10633071930071
2025-07-03 21:32:00,25.138470134052472
2025-07-03 21:33:00,25.053469260521293
2025-07-03 21:34:00,25.086163573374332
2025-07-03 21:35:00,25.107621799444736
2025-07-03 21:36:00,25.026011927384737
2025-07-03 21:37:00,25.04296578367711
2025-07-03 21:38:00,25.104660469402567
2025-07-03 21:39:00,25.080179500967997
2025-07-03 21:40:00,25.07143394415876
2025-07-03 21:41:00,25.04816095833494
2025-07-03 21:42:00,25.051205722478336
2025-07-03 21:43:00,25.079235167353918
2025-07-03 21:44:00,25.086529911047545
2025-07-03 21:45:00,25.06970383163681
2025-07-03 21:46:00,25.09103851849063
2025-07-03 21:47:00,25.066267861868834
2025-07-03 21:48:00,25.08321598789741
2025-07-03 21:49:00,25.12957346698999
2025-07-03 21:50:00,25.082521709854138
2025-07-03 21:51:00,25.14281202480377
2025-07-03 21:52:00,25.081859769888965
2025-07-03 21:53:00,25.122084236329048
2025-07-03 21:54:00,25.116725488366168
2025-07-03 21:55:00,25.114483836697453
2025-07-03 21:56:00,25.13991305196739
2025-07-03 21:57:00,25.14510491050547
2025-07-03 21:58:00,25.077725825537645
2025-07-03 21:59:00,25.119542654889877
2025-07-03 22:00:00,25.051228316760877
2025-07-03 22:01:00,25.11289941686978
2025-07-03 22:02:00,25.13692810644205
2025-07-03 22:03:00,25.148105904359763
2025-07-03 22:04:00,25.111739953252066
2025-07-03 22:05:00,25.08814699516366
2025-07-03 22:06:00,25.14299898848673
2025-07-03 22:07:00,25.12244479638717
2025-07-03 22:08:00,25.212013326110423
2025-07-03 22:09:00,25.214850718602328
2025-07-03 22:10:00,25.143452182394714
2025-07-03 22:11:00,25.150505184654435
2025-07-03 22:12:00,25.217020631143246
2025-07-03 22:13:00,25.20009663262505
2025-07-03 22:14:00,25.199843989624544
2025-07-03 22:15:00,25.18017620655079
2025-07-03 22:16:00,25.123996178568756
2025-07-03 22:17:00,25.15887184073696
2025-07-03 22:18:00,25.077695515560713
2025-07-03 22:19:00,25.12211714231568
2025-07-03 22:20:00,25.13677123262754
2025-07-03 22:21:00,25.134883858158915
2025-07-03 22:22:00,25.140159257989342
2025-07-03 22:23:00,25.136082319105984
2025-07-03 22:24:00,25.18147867160536
2025-07-03 22:25:00,25.12085380052036
2025-07-03 22:26:00,25.116233477511763
2025-07-03 22:27:00,25.17018058014192
2025-07-03 22:28:00,25.159911216755706
2025-07-03 22:29:00,25.161530284853647
2025-07-03 22:30:00,25.228689751741307
2025-07-03 22:31:00,25.16703712550648
2025-07-03 22:32:00,25.197888231582123
2025-07-03 22:33:00,25.118057535397373
2025-07-03 22:34:00,25.160980388313387
2025-07-03 22:35:00,25.13068494956569
2025-07-03 22:36:00,25.153475037341444
2025-07-03 22:37:00,25.176429355784045
2025-07-03 22:38:00,25.102942625081763
2025-07-03 22:39:00,25.108967945784965
2025-07-03 22:40:00,24.953962870451416
2025-07-03 22:41:00,24.98501655089825
2025-07-03 22:42:00,25.13280609538674
2025-07-03 22:43:00,25.04643187988717
2025-07-03 22:44:00,25.099660539903898
2025-07-03 22:45:00,25.168459090767247
2025-07-03 22:46:00,25.168200101959126
2025-07-03 22:47:00,25.18703322574858
2025-07-03 22:48:00,25.18590222037896
2025-07-03 22:49:00,25.201304940703718
2025-07-03 22:50:00,25.204350912062537
2025-07-03 22:51:00,25.170840364687944
2025-07-03 22:52:00,25.178865295219587
2025-07-03 22:53:00,25.14588511087102
2025-07-03 22:54:00,25.17001871135659
2025-07-03 22:55:00,25.148494293561757
2025-07-03 22:56:00,25.209842273227586
2025-07-03 22:57:00,25.18548126222094
2025-07-03 22:58:00,25.099180773150675
2025-07-03 22:59:00,25.092011181685415
2025-07-03 23:00:00,25.06442505049997
2025-07-03 23:01:00,25.09518084685411
2025-07-03 23:02:00,25.06226969130769
2025-07-03 23:03:00,25.044285531046185
2025-07-03 23:04:00,25.129982326881123
2025-07-03 23:05:00,25.090044298470016
2025-07-03 23:06:00,25.106335979093267
2025-07-03 23:07:00,25.18773423563349
2025-07-03 23:08:00,25.070784011927273
2025-07-03 23:09:00,25.130182030658407
2025-07-03 23:10:00,25.096432651912664
2025-07-03 23:11:00,25.108043535234508
2025-07-03 23:12:00,25.12519469767257
2025-07-03 23:13:00,25.099531824797904
2025-07-03 23:14:00,25.111489188607738
2025-07-03 23:15:00,25.174470402583914
2025-07-03 23:16:00,25.14677914332721
2025-07-03 23:17:00,25.14669577633511
2025-07-03 23:18:00,25.09505082878211
2025-07-03 23:19:00,25.154286134465117
2025-07-03 23:20:00,25.07770993166981
2025-07-03 23:21:00,25.07356481080127
2025-07-03 23:22:00,25.11905743419398
2025-07-03 23:23:00,25.129842154140192
2025-07-03 23:24:00,25.08819048178051
2025-07-03 23:25:00,25.107928624944943
2025-07-03 23:26:00,25.105326549156768
2025-07-03 23:27:00,25.06734702988314
2025-07-03 23:28:00,25.156543201007118
2025-07-03 23:29:00,25.11313156897709
2025-07-03 23:30:00,25.093871621980632
2025-07-03 23:31:00,25.195044279928346
2025-07-03 23:32:00,25.02837230102759
2025-07-03 23:33:00,25.105938440570746
2025-07-03 23:34:00,25.10690173488875
2025-07-03 23:35:00,25.143431232128272
2025-07-03 23:36:00,25.101047309187315
2025-07-03 23:37:00,25.075289036325543
2025-07-03 23:38:00,25.09027256575032
2025-07-03 23:39:00,25.096471103087154
2025-07-03 23:40:00,25.105743911367647
2025-07-03 23:41:00,25.104286333115997
2025-07-03 23:42:00,25.127659423538862
2025-07-03 23:43:00,25.08698135381055
2025-07-03 23:44:00,25.064888179870948
2025-07-03 23:45:00,25.095545094429998
2025-07-03 23:46:00,25.096129655508108
2025-07-03 23:47:00,25.063742005292752
2025-07-03 23:48:00,25.114200534841924
2025-07-03 23:49:00,25.082397416265213
2025-07-03 23:50:00,25.106576854013998
2025-07-03 23:51:00,25.126282053917922
2025-07-03 23:52:00,25.14102184362601
2025-07-03 23:53:00,25.040487541650364
2025-07-03 23:54:00,25.08755012181525
2025-07-03 23:55:00,25.044972261232317
2025-07-03 23:56:00,25.1136952070674
2025-07-03 23:57:00,25.13643981545189
2025-07-03 23:58:00,25.083346596137076
2025-07-03 23:59:00,25.079919588955704
2025-07-04 00:00:00,25.13261508641277
2025-07-04 00:01:00,25.14562268632619
2025-07-04 00:02:00,25.0788077882046
2025-07-04 00:03:00,25.025264053742582
2025-07-04 00:04:00,24.99845458353396
2025-07-04 00:05:00,25.08777803583704
2025-07-04 00:06:00,25.056140021320118
2025-07-04 00:07:00,25.062336767846187
2025-07-04 00:08:00,25.07917884970293
2025-07-04 00:09:00,25.107590582055813
2025-07-04 00:10:00,25.121722936907993
2025-07-04 00:11:00,25.08992316783634
2025-07-04 00:12:00,25.09965679181706
2025-07-04 00:13:00,25.07205923779329
2025-07-04 00:14:00,25.12249782904665
2025-07-04 00:15:00,25.1470341223207
2025-07-04 00:16:00,25.17461154489058
2025-07-04 00:17:00,25.144486179825627
2025-07-04 00:18:00,25.12750187356183
2025-07-04 00:19:00,25.074140773265846
2025-07-04 00:20:00,25.10032227726954
2025-07-04 00:21:00,25.13262916989363
2025-07-04 00:22:00,25.111986406115133
2025-07-04 00:23:00,25.0854411453434
2025-07-04 00:24:00,25.13387476872324
2025-07-04 00:25:00,25.10628749566789
2025-07-04 00:26:00,25.09790168656855
2025-07-04 00:27:00,25.092133868439806
2025-07-04 00:28:00,25.158348131352763
2025-07-04 00:29:00,25.0709336649968
2025-07-04 00:30:00,25.080011455986128
2025-07-04 00:31:00,25.145674145487824
2025-07-04 00:32:00,25.081495469088555
2025-07-04 00:33:00,25.124054656916446
2025-07-04 00:34:00,25.15587036356688
2025-07-04 00:35:00,25.141891463075808
2025-07-04 00:36:00,25.05961689889879
2025-07-04 00:37:00,25.092966207157374
2025-07-04 00:38:00,25.048186665708304
2025-07-04 00:39:00,25.075378951116313
2025-07-04 00:40:00,25.110582872205455
2025-07-04 00:41:00,25.108569656342397
2025-07-04 00:42:00,25.104912284887646
2025-07-04 00:43:00,25.093388043152853
2025-07-04 00:44:00,25.06834724130775
2025-07-04 00:45:00,25.11405562687454
2025-07-04 00:46:00,25.085914893198854
2025-07-04 00:47:00,25.094776692164046
2025-07-04 00:48:00,25.097161908631428
2025-07-04 00:49:00,25.158584462383548
2025-07-04 00:50:00,25.095717252198618
2025-07-04 00:51:00,25.161207308146775
2025-07-04 00:52:00,25.072195658074847
2025-07-04 00:53:00,25.140368068435432
2025-07-04 00:54:00,25.12640551106877
2025-07-04 00:55:00,25.167732055280556
2025-07-04 00:56:00,25.08433545394199
2025-07-04 00:57:00,25.17269499519808
2025-07-04 00:58:00,25.157016164974955
2025-07-04 00:59:00,25.11265173255477
2025-07-04 01:00:00,25.142287138392803
2025-07-04 01:01:00,25.13594358413958
2025-07-04 01:02:00,25.12722921886007
2025-07-04 01:03:00,25.19214644485613
2025-07-04 01:04:00,25.12924899804906
2025-07-04 01:05:00,25.156949502433342
2025-07-04 01:06:00,25.153308512037437
2025-07-04 01:07:00,25.148240944219673
2025-07-04 01:08:00,25.112778085070808
2025-07-04 01:09:00,25.130250700391887
2025-07-04 01:10:00,25.098844634218064
2025-07-04 01:11:00,25.076416409524406
2025-07-04 01:12:00,25.180926908340886
2025-07-04 01:13:00,25.146496983029206
2025-07-04 01:14:00,25.127015494443803
2025-07-04 01:15:00,25.14580909707684
2025-07-04 01:16:00,25.14099860943686
2025-07-04 01:17:00,25.2139687216087
2025-07-04 01:18:00,25.166175753106458
2025-07-04 01:19:00,25.070654961074954
2025-07-04 01:20:00,25.200861306468436
2025-07-04 01:21:00,25.088038306382366
2025-07-04 01:22:00,25.14078135341781
2025-07-04 01:23:00,25.13929110245616
2025-07-04 01:24:00,25.134422159554127
2025-07-04 01:25:00,25.08887433107999
2025-07-04 01:26:00,25.169658796317655
2025-07-04 01:27:00,25.133683774515475
2025-07-04 01:28:00,25.10068948138043
2025-07-04 01:29:00,25.11575041951312
2025-07-04 01:30:00,25.160734306546132
2025-07-04 01:31:00,25.131021241938793
2025-07-04 01:32:00,25.08518507607867
2025-07-04 01:33:00,25.129001759229823
2025-07-04 01:34:00,25.15609567064336
2025-07-04 01:35:00,25.073036019797946
2025-07-04 01:36:00,25.098211958766843
2025-07-04 01:37:00,25.1625320025768
2025-07-04 01:38:00,25.156134885412808
2025-07-04 01:39:00,25.078676618843453
2025-07-04 01:40:00,25.166445679640226
2025-07-04 01:41:00,25.153244884075754
2025-07-04 01:42:00,25.145629926401853
2025-07-04 01:43:00,25.141577299971832
2025-07-04 01:44:00,25.100822382607216
2025-07-04 01:45:00,25.13033948674259
2025-07-04 01:46:00,25.149634977258593
2025-07-04 01:47:00,25.111613787288324
2025-07-04 01:48:00,25.120311037777057
2025-07-04 01:49:00,25.13992885803118
2025-07-04 01:50:00,25.169930662531545
2025-07-04 01:51:00,25.137771173373206
2025-07-04 01:52:00,25.130203047313035
2025-07-04 01:53:00,25.173660322989047
2025-07-04 01:54:00,25.171631154490903
2025-07-04 01:55:00,25.171601729856068
2025-07-04 01:56:00,25.196852129814367
2025-07-04 01:57:00,25.12957291285022
2025-07-04 01:58:00,25.09451346665119
2025-07-04 01:59:00,25.065782300597217
2025-07-04 02:00:00,25.000700349286813
2025-07-04 02:01:00,25.06577650024178
2025-07-04 02:02:00,25.098194018495505
2025-07-04 02:03:00,25.03120727894703
2025-07-04 02:04:00,25.090604857898924
2025-07-04 02:05:00,25.080347236449345
2025-07-04 02:06:00,25.11006333754862
2025-07-04 02:07:00,25.10697387485021
2025-07-04 02:08:00,25.163594867365802
2025-07-04 02:09:00,25.111146042184735
2025-07-04 02:10:00,25.123074830173216
2025-07-04 02:11:00,25.137476507627113
2025-07-04 02:12:00,25.091536769966222
2025-07-04 02:13:00,25.135627651714366
2025-07-04 02:14:00,25.127433617845522
2025-07-04 02:15:00,25.14241865913979
2025-07-04 02:16:00,25.184628940128146
2025-07-04 02:17:00,25.198895022468307
2025-07-04 02:18:00,25.174773144817728
2025-07-04 02:19:00,25.191685710731644
2025-07-04 02:20:00,25.12708825571111
2025-07-04 02:21:00,25.120047685002174
2025-07-04 02:22:00,25.12414047649784
2025-07-04 02:23:00,25.1675074219602
2025-07-04 02:24:00,25.195362350296637
2025-07-04 02:25:00,25.164236902007165
2025-07-04 02:26:00,25.11087933066669
2025-07-04 02:27:00,25.109543420996754
2025-07-04 02:28:00,25.077690273042275
2025-07-04 02:29:00,25.073923517099654
2025-07-04 02:30:00,25.120330044675256
2025-07-04 02:31:00,25.17878151487682
2025-07-04 02:32:00,25.13866071707742
2025-07-04 02:33:00,25.142238359044867
2025-07-04 02:34:00,25.01154419746318
2025-07-04 02:35:00,25.092292655403316
2025-07-04 02:36:00,25.057599830742074
2025-07-04 02:37:00,25.088405335791474
2025-07-04 02:38:00,25.143105369172684
2025-07-04 02:39:00,25.11023010453075
2025-07-04 02:40:00,25.122616694649615
2025-07-04 02:41:00,25.06358602389666
2025-07-04 02:42:00,25.142386072255658
2025-07-04 02:43:00,25.084402243901717
2025-07-04 02:44:00,25.09278211536599
2025-07-04 02:45:00,25.200689204460858
2025-07-04 02:46:00,25.145622202839615
2025-07-04 02:47:00,25.152367443187607
2025-07-04 02:48:00,25.141536631917727
2025-07-04 02:49:00,25.138692905312528
2025-07-04 02:50:00,25.154481122295888
2025-07-04 02:51:00,25.128787657182986
2025-07-04 02:52:00,25.181830444506605
2025-07-04 02:53:00,25.124076238609515
2025-07-04 02:54:00,25.125059368709415
2025-07-04 02:55:00,25.138635931334818
2025-07-04 02:56:00,25.13192324869251
2025-07-04 02:57:00,25.16890865305817
2025-07-04 02:58:00,25.14761236492433
2025-07-04 02:59:00,25.129649311084343
2025-07-04 03:00:00,25.15321449812664
2025-07-04 03:01:00,25.158332242518455
2025-07-04 03:02:00,25.14510763720193
2025-07-04 03:03:00,25.190061055260394
2025-07-04 03:04:00,25.126620003327755
2025-07-04 03:05:00,25.163243253521344
2025-07-04 03:06:00,25.1212466521201
2025-07-04 03:07:00,25.126774947411285
2025-07-04 03:08:00,25.14433630506985
2025-07-04 03:09:00,25.121187372355106
2025-07-04 03:10:00,25.160155763763335
2025-07-04 03:11:00,25.164662264985488
2025-07-04 03:12:00,25.20177391416494
2025-07-04 03:13:00,25.14005070725328
2025-07-04 03:14:00,25.173637511573258
2025-07-04 03:15:00,25.168178665149828
2025-07-04 03:16:00,25.138440194930748
2025-07-04 03:17:00,25.160539505827117
2025-07-04 03:18:00,25.187624290405527
2025-07-04 03:19:00,25.2023476177898
2025-07-04 03:20:00,25.15806764277824
2025-07-04 03:21:00,25.14859779898114
2025-07-04 03:22:00,25.172889887762903
2025-07-04 03:23:00,25.185040287564156
2025-07-04 03:24:00,25.177728171617858
2025-07-04 03:25:00,25.16788034159475
2025-07-04 03:26:00,25.246792147487245
2025-07-04 03:27:00,25.186712647353698
2025-07-04 03:28:00,25.157124491622593
2025-07-04 03:29:00,25.124338899052486
2025-07-04 03:30:00,25.132303000185424
2025-07-04 03:31:00,25.192007894602813
2025-07-04 03:32:00,25.09423222512194
2025-07-04 03:33:00,25.130121311483194
2025-07-04 03:34:00,25.07344530600856
2025-07-04 03:35:00,25.019851660837585
2025-07-04 03:36:00,25.055975240441946
2025-07-04 03:37:00,25.16076487627528
2025-07-04 03:38:00,25.053387186086354
2025-07-04 03:39:00,25.100436202862447
2025-07-04 03:40:00,25.08699118721102
2025-07-04 03:41:00,25.127186997078372
2025-07-04 03:42:00,25.155384091069696
2025-07-04 03:43:00,25.191418955676987
2025-07-04 03:44:00,25.260881593813867
2025-07-04 03:45:00,25.149858209928414
2025-07-04 03:46:00,25.22434429201484
2025-07-04 03:47:00,25.127122696255153
2025-07-04 03:48:00,25.1206854890057
2025-07-04 03:49:00,25.076867350796196
2025-07-04 03:50:00,25.047440749076813
2025-07-04 03:51:00,25.05467903622266
2025-07-04 03:52:00,25.150643818375322
2025-07-04 03:53:00,25.09880747202722
2025-07-04 03:54:00,25.159569055248806
2025-07-04 03:55:00,25.127392305316786
2025-07-04 03:56:00,25.0490054502388
2025-07-04 03:57:00,25.10456799455982
2025-07-04 03:58:00,25.180824084506273
2025-07-04 03:59:00,25.072169356762192
2025-07-04 04:00:00,25.163991167027845
2025-07-04 04:01:00,25.197345487892793
2025-07-04 04:02:00,25.17907438378639
2025-07-04 04:03:00,25.17924281676079
2025-07-04 04:04:00,25.22535146965684
2025-07-04 04:05:00,25.190499580304913
2025-07-04 04:06:00,25.196264327024284
2025-07-04 04:07:00,25.167980552472038
2025-07-04 04:08:00,25.200481077722337
2025-07-04 04:09:00,25.144625370244665
2025-07-04 04:10:00,25.202547171089407
2025-07-04 04:11:00,25.142786290163706
2025-07-04 04:12:00,25.202404648758172
2025-07-04 04:13:00,25.239622238711995
2025-07-04 04:14:00,25.17835974761404
2025-07-04 04:15:00,25.15475816153648
2025-07-04 04:16:00,25.134462781665373
2025-07-04 04:17:00,25.189683535926033
2025-07-04 04:18:00,25.19515625568387
2025-07-04 04:19:00,25.218872988677656
2025-07-04 04:20:00,25.154772337169156
2025-07-04 04:21:00,25.189006061543925
2025-07-04 04:22:00,25.166935837234085
2025-07-04 04:23:00,25.154273163826893
2025-07-04 04:24:00,25.114162915780025
2025-07-04 04:25:00,25.124839649009807
2025-07-04 04:26:00,25.13795848473597
2025-07-04 04:27:00,25.162297969755517
2025-07-04 04:28:00,25.137503671975924
2025-07-04 04:29:00,25.22879383658585
2025-07-04 04:30:00,25.157918631084364
2025-07-04 04:31:00,25.20256319610683
2025-07-04 04:32:00,25.20310830499019
2025-07-04 04:33:00,25.16796206657872
2025-07-04 04:34:00,25.122051727630296
2025-07-04 04:35:00,25.112223929358333
2025-07-04 04:36:00,25.107895400849525
2025-07-04 04:37:00,25.210221271599654
2025-07-04 04:38:00,25.139906581806997
2025-07-04 04:39:00,25.218681787862838
2025-07-04 04:40:00,25.11838531563029
2025-07-04 04:41:00,25.12939256540824
2025-07-04 04:42:00,25.127260274613207
2025-07-04 04:43:00,25.196491791269565
2025-07-04 04:44:00,25.14014383992512
2025-07-04 04:45:00,25.140777826535846
2025-07-04 04:46:00,25.124570884380173
2025-07-04 04:47:00,25.138656232307163
2025-07-04 04:48:00,25.15503703782687
2025-07-04 04:49:00,24.82344085810503
2025-07-04 04:50:00,24.75072570127694
2025-07-04 04:51:00,24.863786119347612
2025-07-04 04:52:00,24.871320137178266
2025-07-04 04:53:00,24.910054044020498
2025-07-04 04:54:00,24.9698665880151
2025-07-04 04:55:00,25.0552197492918
2025-07-04 04:56:00,25.11199390593761
2025-07-04 04:57:00,25.154615170111914
2025-07-04 04:58:00,25.06819087669242
2025-07-04 04:59:00,25.076873351559264
2025-07-04 05:00:00,25.10284986962762
2025-07-04 05:01:00,25.04592669920139
2025-07-04 05:02:00,25.131426835069007
2025-07-04 05:03:00,25.10959751816349
2025-07-04 05:04:00,25.140102164307397
2025-07-04 05:05:00,25.077430602067036
2025-07-04 05:06:00,25.187815982775458
2025-07-04 05:07:00,25.07361463531463
2025-07-04 05:08:00,25.036855228561446
2025-07-04 05:09:00,25.103021078001735
2025-07-04 05:10:00,25.147254025074712
2025-07-04 05:11:00,25.091391883793147
2025-07-04 05:12:00,25.11286536696828
2025-07-04 05:13:00,25.092607186954115
2025-07-04 05:14:00,25.08093503553845
2025-07-04 05:15:00,25.125587539667098
2025-07-04 05:16:00,25.08868848330253
2025-07-04 05:17:00,25.1173135032444
2025-07-04 05:18:00,25.08908864905934
2025-07-04 05:19:00,25.13382128378603
2025-07-04 05:20:00,25.104558302051334
2025-07-04 05:21:00,25.1722132462637
2025-07-04 05:22:00,25.041284083071336
2025-07-04 05:23:00,25.053951861888933
2025-07-04 05:24:00,25.1028706505139
2025-07-04 05:25:00,25.108772762197088
2025-07-04 05:26:00,25.160446030255002
2025-07-04 05:27:00,25.136682369691478
2025-07-04 05:28:00,25.096205009968763
2025-07-04 05:29:00,25.079184847242036
2025-07-04 05:30:00,25.054636707416602
2025-07-04 05:31:00,25.10340260944499
2025-07-04 05:32:00,25.07676203269091
2025-07-04 05:33:00,25.073925268025178
2025-07-04 05:34:00,25.058472058497426
2025-07-04 05:35:00,25.095479855260557
2025-07-04 05:36:00,25.094482642285424
2025-07-04 05:37:00,25.103914960550828
2025-07-04 05:38:00,25.114619091428754
2025-07-04 05:39:00,25.04551310352161
2025-07-04 05:40:00,25.134920986371338
2025-07-04 05:41:00,25.109542245540624
2025-07-04 05:42:00,25.145203499032878
2025-07-04 05:43:00,25.097364880029833
2025-07-04 05:44:00,25.103479737060987
2025-07-04 05:45:00,25.155539838065636
2025-07-04 05:46:00,25.151661020439025
2025-07-04 05:47:00,25.137420895135353
2025-07-04 05:48:00,25.0953970017375
2025-07-04 05:49:00,25.127885026125014
2025-07-04 05:50:00,25.083655865128165
2025-07-04 05:51:00,25.1174508722598
2025-07-04 05:52:00,25.135831265481993
2025-07-04 05:53:00,25.17312340409779
2025-07-04 05:54:00,25.168492858996704
2025-07-04 05:55:00,25.08959355499073
2025-07-04 05:56:00,25.107923619989638
2025-07-04 05:57:00,25.130753432790314
2025-07-04 05:58:00,25.1398608496305
2025-07-04 05:59:00,25.16263163338664
2025-07-04 06:00:00,25.1579590408648
2025-07-04 06:01:00,25.079469703565337
2025-07-04 06:02:00,25.089304144117204
2025-07-04 06:03:00,25.122636283149255
2025-07-04 06:04:00,25.152188422019925
2025-07-04 06:05:00,25.15094634008536
2025-07-04 06:06:00,25.14608019703201
2025-07-04 06:07:00,25.063031773839537
2025-07-04 06:08:00,25.09337607782743
2025-07-04 06:09:00,25.111492865390325
2025-07-04 06:10:00,25.130554213987914
2025-07-04 06:11:00,25.075099663527183
2025-07-04 06:12:00,24.80140976081697
2025-07-04 06:13:00,24.57047924391327
2025-07-04 06:14:00,24.621854797455203
2025-07-04 06:15:00,24.847237417127108
2025-07-04 06:16:00,24.98646239936739
2025-07-04 06:17:00,25.076360181026455
2025-07-04 06:18:00,25.074127718182577
2025-07-04 06:19:00,25.057387814652408
2025-07-04 06:20:00,24.808666006665256
2025-07-04 06:21:00,24.710181324747758
2025-07-04 06:22:00,24.844081225347505
2025-07-04 06:23:00,24.638882951538804
2025-07-04 06:24:00,24.778362573679072
2025-07-04 06:25:00,24.479310993105234
2025-07-04 06:26:00,24.527505076510085
2025-07-04 06:27:00,24.536113763963833
2025-07-04 06:28:00,24.464482672390208
2025-07-04 06:29:00,24.407569300662306
2025-07-04 06:30:00,24.31768934944166
2025-07-04 06:31:00,24.582412806936745
2025-07-04 06:32:00,24.516136022931114
2025-07-04 06:33:00,24.60499176432068
2025-07-04 06:34:00,24.580739960409808
2025-07-04 06:35:00,24.627452542127823
2025-07-04 06:36:00,24.871879406955397
2025-07-04 06:37:00,24.777719046650244
2025-07-04 06:38:00,24.831388340587658
2025-07-04 06:39:00,24.91686779977636
2025-07-04 06:40:00,24.873486866400494
2025-07-04 06:41:00,24.843290650703285
2025-07-04 06:42:00,24.908648146647522
2025-07-04 06:43:00,24.977238065943066
2025-07-04 06:44:00,25.11110042142974
2025-07-04 06:45:00,25.05611235434449
2025-07-04 06:46:00,25.090613903760435
2025-07-04 06:47:00,25.169267017638973
2025-07-04 06:48:00,25.108961817009327
2025-07-04 06:49:00,25.151269324107467
2025-07-04 06:50:00,25.077260808403768
2025-07-04 06:51:00,25.134666670358865
2025-07-04 06:52:00,25.145749916409287
2025-07-04 06:53:00,25.07796165802973
2025-07-04 06:54:00,25.037085410595527
2025-07-04 06:55:00,25.071026809975784
2025-07-04 06:56:00,25.02861396245596
2025-07-04 06:57:00,25.054588260724486
2025-07-04 06:58:00,25.0967966692624
2025-07-04 06:59:00,24.983293778919496
2025-07-04 07:00:00,24.961469632409756
2025-07-04 07:01:00,25.032426845360327
2025-07-04 07:02:00,25.026151392712205
2025-07-04 07:03:00,25.07207049384927
2025-07-04 07:04:00,25.011885911442914
2025-07-04 07:05:00,25.031383317938737
2025-07-04 07:06:00,24.996204787579877
2025-07-04 07:07:00,25.04358497526919
2025-07-04 07:08:00,24.9522210055693
2025-07-04 07:09:00,24.975661881307158
2025-07-04 07:10:00,25.030629819989805
2025-07-04 07:11:00,25.018789409759794
2025-07-04 07:12:00,24.971192963261082
2025-07-04 07:13:00,25.004877411366838
2025-07-04 07:14:00,24.94021035780282
2025-07-04 07:15:00,25.006742880967828
2025-07-04 07:16:00,24.97996025466364
2025-07-04 07:17:00,25.061514554170888
2025-07-04 07:18:00,25.056567664056715
2025-07-04 07:19:00,25.020258801291526
2025-07-04 07:20:00,25.027129392094132
2025-07-04 07:21:00,24.9988108671656
2025-07-04 07:22:00,25.019117239407684
2025-07-04 07:23:00,24.997599437819883
2025-07-04 07:24:00,25.083274189779775
2025-07-04 07:25:00,25.02223315144467
2025-07-04 07:26:00,24.98094978865094
2025-07-04 07:27:00,25.055324837165543
2025-07-04 07:28:00,25.01577949350419
2025-07-04 07:29:00,25.03545873099946
2025-07-04 07:30:00,24.968962460873364
2025-07-04 07:31:00,25.04954737705416
2025-07-04 07:32:00,25.019317351982444
2025-07-04 07:33:00,25.059912281188872
2025-07-04 07:34:00,25.01527365129961
2025-07-04 07:35:00,25.03770369229865
2025-07-04 07:36:00,25.10532925488851
2025-07-04 07:37:00,25.030313929682546
2025-07-04 07:38:00,25.01745762675856
2025-07-04 07:39:00,25.042308589457797
2025-07-04 07:40:00,25.074732788233746
2025-07-04 07:41:00,25.033001997340783
2025-07-04 07:42:00,25.05040836484422
2025-07-04 07:43:00,25.078694776462285
2025-07-04 07:44:00,25.06588786221871
2025-07-04 07:45:00,25.089995188155083
2025-07-04 07:46:00,25.07746003248813
2025-07-04 07:47:00,25.021697600307764
2025-07-04 07:48:00,25.055124564728658
2025-07-04 07:49:00,25.097408109186986
2025-07-04 07:50:00,25.040027129386203
2025-07-04 07:51:00,25.00454286418126
2025-07-04 07:52:00,25.047834065258993
2025-07-04 07:53:00,25.10797928674197
2025-07-04 07:54:00,25.016713768644003
2025-07-04 07:55:00,24.974826544617432
2025-07-04 07:56:00,24.995702019918813
2025-07-04 07:57:00,25.060022352541363
2025-07-04 07:58:00,25.06499405594187
2025-07-04 07:59:00,25.11698274961207
2025-07-04 08:00:00,25.021160798135387
2025-07-04 08:01:00,25.052279511717682
2025-07-04 08:02:00,24.991052346297018
2025-07-04 08:03:00,24.97754053473829
2025-07-04 08:04:00,25.01878929631821
2025-07-04 08:05:00,25.046366746976666
2025-07-04 08:06:00,25.04491293161484
2025-07-04 08:07:00,25.12277344649331
2025-07-04 08:08:00,25.00406600374175
2025-07-04 08:09:00,25.029406569219777
2025-07-04 08:10:00,25.062276935298435
2025-07-04 08:11:00,25.00082908684595
2025-07-04 08:12:00,25.078079405153176
2025-07-04 08:13:00,24.95020299515843
2025-07-04 08:14:00,25.013060827802533
2025-07-04 08:15:00,25.056443403795257
2025-07-04 08:16:00,24.973347373062776
2025-07-04 08:17:00,24.963348219823022
2025-07-04 08:18:00,24.984103633088345
2025-07-04 08:19:00,24.995705731316832
2025-07-04 08:20:00,24.941993138293544
2025-07-04 08:21:00,24.974160536053475
2025-07-04 08:22:00,25.000704575202516
2025-07-04 08:23:00,24.999257564463147
2025-07-04 08:24:00,24.968915466165353
2025-07-04 08:25:00,24.968999908976134
2025-07-04 08:26:00,24.96994901054423
2025-07-04 08:27:00,25.057597419447127
2025-07-04 08:28:00,24.936498035870507
2025-07-04 08:29:00,24.96526695178667
2025-07-04 08:30:00,24.951826990470757
2025-07-04 08:31:00,24.994204353307534
2025-07-04 08:32:00,24.970369884972296
2025-07-04 08:33:00,25.03044147214012
2025-07-04 08:34:00,25.002243954539274
2025-07-04 08:35:00,24.988484222158327
2025-07-04 08:36:00,25.028865424761808
2025-07-04 08:37:00,25.0747543405632
2025-07-04 08:38:00,25.03406033000651
2025-07-04 08:39:00,25.006582663957055
2025-07-04 08:40:00,25.0482039157253
2025-07-04 08:41:00,24.98778356653477
2025-07-04 08:42:00,24.958934238434335
2025-07-04 08:43:00,25.067482689803494
2025-07-04 08:44:00,25.014509315103098
2025-07-04 08:45:00,25.044449442205448
2025-07-04 08:46:00,24.99062383256508
2025-07-04 08:47:00,25.025209333408338
2025-07-04 08:48:00,24.98408991661004
2025-07-04 08:49:00,25.023547694695157
2025-07-04 08:50:00,25.101207138651993
2025-07-04 08:51:00,25.05761948928888
2025-07-04 08:52:00,25.153771467899368
2025-07-04 08:53:00,25.107378295155254
2025-07-04 08:54:00,25.11882007550773
2025-07-04 08:55:00,25.090152031019336
2025-07-04 08:56:00,25.062538989262624
2025-07-04 08:57:00,25.063632221410007
2025-07-04 08:58:00,25.086993919619154
2025-07-04 08:59:00,25.034626328523363
2025-07-04 09:00:00,25.098942907649228
2025-07-04 09:01:00,25.098766571790126
2025-07-04 09:02:00,25.034827548838958
2025-07-04 09:03:00,24.97967100557024
2025-07-04 09:04:00,25.01772579264725
2025-07-04 09:05:00,25.018203638138086
2025-07-04 09:06:00,25.056567505161983
2025-07-04 09:07:00,25.0019505797456
2025-07-04 09:08:00,25.002439438936122
2025-07-04 09:09:00,24.982264278621766
2025-07-04 09:10:00,24.932572082712923
2025-07-04 09:11:00,25.070071115178425
2025-07-04 09:12:00,25.000029542114238
2025-07-04 09:13:00,25.035588562008932
2025-07-04 09:14:00,25.00720233918183
2025-07-04 09:15:00,25.052106269750734
2025-07-04 09:16:00,25.145772212288872
2025-07-04 09:17:00,25.125376614809646
2025-07-04 09:18:00,25.021831935678463
2025-07-04 09:19:00,25.029576551804453
2025-07-04 09:20:00,25.000941682246278
2025-07-04 09:21:00,25.02890481053556
2025-07-04 09:22:00,25.154466919992668
2025-07-04 09:23:00,25.055993107308193
2025-07-04 09:24:00,24.990982543396328
2025-07-04 09:25:00,24.998745469067714
2025-07-04 09:26:00,25.064228462068296
2025-07-04 09:27:00,25.01321775089883
2025-07-04 09:28:00,25.04841455156069
2025-07-04 09:29:00,25.02765851650998
2025-07-04 09:30:00,25.032939538927
2025-07-04 09:31:00,25.008129453471597
2025-07-04 09:32:00,25.022357310437414
2025-07-04 09:33:00,25.032745043444955
2025-07-04 09:34:00,25.070356694600015
2025-07-04 09:35:00,25.052569280202587
2025-07-04 09:36:00,25.012809398215552
2025-07-04 09:37:00,25.027304913517337
2025-07-04 09:38:00,24.954604336523996
2025-07-04 09:39:00,25.019969551940594
2025-07-04 09:40:00,25.028086444521744
2025-07-04 09:41:00,25.014199395554215
2025-07-04 09:42:00,25.02609932970968
2025-07-04 09:43:00,24.973100525470834
2025-07-04 09:44:00,25.020212398887654
2025-07-04 09:45:00,25.10662561346043
2025-07-04 09:46:00,25.13171072091782
2025-07-04 09:47:00,25.185102436384522
2025-07-04 09:48:00,25.192875518784685
2025-07-04 09:49:00,25.264129907154658
2025-07-04 09:50:00,25.304078219908096
2025-07-04 09:51:00,25.259417800138895
2025-07-04 09:52:00,25.177296952034325
2025-07-04 09:53:00,25.057575614069087
2025-07-04 09:54:00,25.013454773122753
2025-07-04 09:55:00,25.02155550413351
2025-07-04 09:56:00,25.051134435027734
2025-07-04 09:57:00,25.10101104026663
2025-07-04 09:58:00,25.041222314702914
2025-07-04 09:59:00,25.03229413578111
2025-07-04 10:00:00,25.14825810272295
2025-07-04 10:01:00,25.069019711516173
2025-07-04 10:02:00,25.042408457814727
2025-07-04 10:03:00,25.095943907124028
2025-07-04 10:04:00,25.027768022241965
2025-07-04 10:05:00,25.05694919118742
2025-07-04 10:06:00,25.07216718777304
2025-07-04 10:07:00,25.056364101932854
2025-07-04 10:08:00,25.117997109012148
2025-07-04 10:09:00,25.059092449113685
2025-07-04 10:10:00,25.160566052198654
2025-07-04 10:11:00,25.030356480326763
2025-07-04 10:12:00,24.92198550974116
2025-07-04 10:13:00,25.03191819774849
2025-07-04 10:14:00,24.99030255938017
2025-07-04 10:15:00,25.020887166009437
2025-07-04 10:16:00,24.975521589408455
2025-07-04 10:17:00,25.09453065154462
2025-07-04 10:18:00,25.00237618445725
2025-07-04 10:19:00,25.124628346447835
2025-07-04 10:20:00,25.073245065252856
2025-07-04 10:21:00,25.019772531331387
2025-07-04 10:22:00,25.112564777010984
2025-07-04 10:23:00,25.112647382452014
2025-07-04 10:24:00,25.081667800384967
2025-07-04 10:25:00,25.079890500853875
2025-07-04 10:26:00,25.071925155824772
2025-07-04 10:27:00,25.093753822042473
2025-07-04 10:28:00,25.080796490179964
2025-07-04 10:29:00,25.098926583974
2025-07-04 10:30:00,25.07255079434055
2025-07-04 10:31:00,25.04625291086397
2025-07-04 10:32:00,25.059054563559368
2025-07-04 10:33:00,25.081920785627258
2025-07-04 10:34:00,25.041410325824554
2025-07-04 10:35:00,25.027185527686374
2025-07-04 10:36:00,25.08688781710656
2025-07-04 10:37:00,25.07423661287874
2025-07-04 10:38:00,25.09876347958865
2025-07-04 10:39:00,25.143086476087515
2025-07-04 10:40:00,25.079263467126097
2025-07-04 10:41:00,25.164065099016376
2025-07-04 10:42:00,25.108494398832892
2025-07-04 10:43:00,25.12148273798559
2025-07-04 10:44:00,25.14366740473206
2025-07-04 10:45:00,25.171691706440562
2025-07-04 10:46:00,25.210552392051518
2025-07-04 10:47:00,25.277072111851453
2025-07-04 10:48:00,25.20608897646853
2025-07-04 10:49:00,25.132075773628646
2025-07-04 10:50:00,25.092279159985118
2025-07-04 10:51:00,25.182701059259028
2025-07-04 10:52:00,25.157824076782358
2025-07-04 10:53:00,25.113328289291932
2025-07-04 10:54:00,25.089963851991563
2025-07-04 10:55:00,25.22413373643986
2025-07-04 10:56:00,25.189809122128942
2025-07-04 10:57:00,25.161324437600616
2025-07-04 10:58:00,25.16652106666592
2025-07-04 10:59:00,25.252297766536362
2025-07-04 11:00:00,25.07772657078586
2025-07-04 11:01:00,25.167480842154884
2025-07-04 11:02:00,25.09580675153195
2025-07-04 11:03:00,25.130529092463103
2025-07-04 11:04:00,25.133319141891228
2025-07-04 11:05:00,25.153012050682452
2025-07-04 11:06:00,25.23317594144929
2025-07-04 11:07:00,25.124170856376058
2025-07-04 11:08:00,25.220631067003726
2025-07-04 11:09:00,25.08206901094635
2025-07-04 11:10:00,25.198384483807327
2025-07-04 11:11:00,25.155733341860785
2025-07-04 11:12:00,25.201295929485006
2025-07-04 11:13:00,25.2621852618643
2025-07-04 11:14:00,25.236183433058915
2025-07-04 11:15:00,25.189084526487964
2025-07-04 11:16:00,25.2319343637379
2025-07-04 11:17:00,25.17581997538896
2025-07-04 11:18:00,25.109404181954723
2025-07-04 11:19:00,25.211651257869505
2025-07-04 11:20:00,25.242067739937017
2025-07-04 11:21:00,25.147234051447985
2025-07-04 11:22:00,25.29746544491322
2025-07-04 11:23:00,25.220413501986926
2025-07-04 11:24:00,25.14256232026681
2025-07-04 11:25:00,25.132574784997438
2025-07-04 11:26:00,25.114465719229727
2025-07-04 11:27:00,25.184793744706916
2025-07-04 11:28:00,25.276643035120937
2025-07-04 11:29:00,25.207625432886104
2025-07-04 11:30:00,25.201017435213792
2025-07-04 11:31:00,25.259678423837325
2025-07-04 11:32:00,25.212006400829015
2025-07-04 11:33:00,25.237719207086496
2025-07-04 11:34:00,25.252748575538725
2025-07-04 11:35:00,25.239227636225753
2025-07-04 11:36:00,25.187975809795503
2025-07-04 11:37:00,25.209868932044014
2025-07-04 11:38:00,25.205650711841937
2025-07-04 11:39:00,25.29205128844503
2025-07-04 11:40:00,25.209951164435672
2025-07-04 11:41:00,25.165313673093465
2025-07-04 11:42:00,25.17538706843792
2025-07-04 11:43:00,25.134803633962814
2025-07-04 11:44:00,25.131090145666807
2025-07-04 11:45:00,25.202061740356157
2025-07-04 11:46:00,25.178645211830332
2025-07-04 11:47:00,25.175744675067158
2025-07-04 11:48:00,25.16408733553173
2025-07-04 11:49:00,25.16739326043996
2025-07-04 11:50:00,25.193343973307645
2025-07-04 11:51:00,25.241572233656928
2025-07-04 11:52:00,25.299202029673832
2025-07-04 11:53:00,28.64267547368156
2025-07-04 11:54:00,27.168692309754956
2025-07-04 11:55:00,25.340723125517584
2025-07-04 11:56:00,25.19767783398288
2025-07-04 11:57:00,25.268357674937423
2025-07-04 11:58:00,25.171017714643956
2025-07-04 11:59:00,25.186643174219412
2025-07-04 12:00:00,25.158870378156585
2025-07-04 12:01:00,25.210452497958
2025-07-04 12:02:00,25.218288631770953
2025-07-04 12:03:00,25.354863429738096
2025-07-04 12:04:00,25.546750903641364
2025-07-04 12:05:00,26.32060574642537
2025-07-04 12:06:00,25.150977110774747
2025-07-04 12:07:00,25.151891466623887
2025-07-04 12:08:00,25.190812251333842
2025-07-04 12:09:00,25.241791017658194
2025-07-04 12:10:00,25.17408266313461
2025-07-04 12:11:00,25.21020364438937
2025-07-04 12:12:00,25.23282086711483
2025-07-04 12:13:00,25.23702835783234
2025-07-04 12:14:00,25.211422038867784
2025-07-04 12:15:00,25.21432997718152
2025-07-04 12:16:00,25.15362533650454
2025-07-04 12:17:00,25.197570083417315
2025-07-04 12:18:00,25.23644634532722
2025-07-04 12:19:00,25.14130451181326
2025-07-04 12:20:00,25.173256774230165
2025-07-04 12:21:00,25.20448013953339
2025-07-04 12:22:00,25.19674895299778
2025-07-04 12:23:00,25.18162239772456
2025-07-04 12:24:00,25.1833316926027
2025-07-04 12:25:00,25.221178522742147
2025-07-04 12:26:00,25.227604953489518
2025-07-04 12:27:00,25.19191739736292
2025-07-04 12:28:00,25.17904353718798
2025-07-04 12:29:00,25.11745941213473
2025-07-04 12:30:00,25.20066148899572
2025-07-04 12:31:00,25.206310943438417
2025-07-04 12:32:00,25.19490087758098
2025-07-04 12:33:00,25.22561084199255
2025-07-04 12:34:00,25.267487369751105
2025-07-04 12:35:00,25.14916162692422
2025-07-04 12:36:00,25.136931661655353
2025-07-04 12:37:00,25.264952861273805
2025-07-04 12:38:00,25.24375438986122
2025-07-04 12:39:00,25.180669300205576
2025-07-04 12:40:00,25.235478970802053
2025-07-04 12:41:00,25.185982999924306
2025-07-04 12:42:00,25.269854648088653
2025-07-04 12:43:00,25.153276060459184
2025-07-04 12:44:00,25.171642895741954
2025-07-04 12:45:00,25.151251038668715
2025-07-04 12:46:00,25.227838357394152
2025-07-04 12:47:00,25.182946845603695
2025-07-04 12:48:00,25.20287997418565
2025-07-04 12:49:00,25.158455417585596
2025-07-04 12:50:00,25.194296257555475
2025-07-04 12:51:00,25.192883774146672
2025-07-04 12:52:00,25.256226491069754
2025-07-04 12:53:00,25.27779694255359
2025-07-04 12:54:00,25.234620963039795
2025-07-04 12:55:00,25.249825100644966
2025-07-04 12:56:00,25.206815206553948
2025-07-04 12:57:00,25.188513707089328
2025-07-04 12:58:00,25.245127570691047
2025-07-04 12:59:00,25.209087742099943
2025-07-04 13:00:00,25.22718704268631
2025-07-04 13:01:00,25.252530288140164
2025-07-04 13:02:00,25.24054574144839
2025-07-04 13:03:00,25.235436378277477
2025-07-04 13:04:00,25.226661777474323
2025-07-04 13:05:00,25.19130766279335
2025-07-04 13:06:00,25.276708283345364
2025-07-04 13:07:00,25.2250792066548
2025-07-04 13:08:00,25.280320508898345
2025-07-04 13:09:00,25.175489714060642
2025-07-04 13:10:00,25.212440136065045
2025-07-04 13:11:00,25.204986185076702
2025-07-04 13:12:00,25.19609269751639
2025-07-04 13:13:00,25.260815759566714
2025-07-04 13:14:00,25.198377085080548
2025-07-04 13:15:00,25.15359684259518
2025-07-04 13:16:00,25.155991511310823
2025-07-04 13:17:00,25.20985591590029
2025-07-04 13:18:00,25.20944020619229
2025-07-04 13:19:00,25.199175289193338
2025-07-04 13:20:00,25.2021091585258
2025-07-04 13:21:00,25.148116832154138
2025-07-04 13:22:00,25.237168316958968
2025-07-04 13:23:00,25.244123436835594
2025-07-04 13:24:00,25.198277308980543
2025-07-04 13:25:00,25.255741533500487
2025-07-04 13:26:00,25.24674486909461
2025-07-04 13:27:00,25.20540494531834
2025-07-04 13:28:00,25.246398976184558
2025-07-04 13:29:00,25.26328174913804
2025-07-04 13:30:00,25.239624763489243
2025-07-04 13:31:00,25.322850743917964
2025-07-04 13:32:00,25.23039124452449
2025-07-04 13:33:00,25.195960754154463
2025-07-04 13:34:00,25.251805294267836
2025-07-04 13:35:00,25.259942584822113
2025-07-04 13:36:00,25.279450447835888
2025-07-04 13:37:00,25.161878725410137
2025-07-04 13:38:00,25.19855275694003
2025-07-04 13:39:00,25.258026533574306
2025-07-04 13:40:00,25.237379477330958
2025-07-04 13:41:00,25.20926230708947
2025-07-04 13:42:00,25.205171500675316
2025-07-04 13:43:00,25.185615854631667
2025-07-04 13:44:00,25.20257833392551
2025-07-04 13:45:00,25.23253816287648
2025-07-04 13:46:00,25.184399104243894
2025-07-04 13:47:00,25.246480182837033
2025-07-04 13:48:00,25.190630342847683
2025-07-04 13:49:00,25.203139513023324
2025-07-04 13:50:00,25.199942969843338
2025-07-04 13:51:00,25.241683972338553
2025-07-04 13:52:00,25.19571930367296
2025-07-04 13:53:00,25.242485055272166
2025-07-04 13:54:00,25.225421528444656
2025-07-04 13:55:00,25.21240659810965
2025-07-04 13:56:00,25.21409004357772
2025-07-04 13:57:00,25.146338207207574
2025-07-04 13:58:00,25.203565005401476
2025-07-04 13:59:00,25.234310739376642
2025-07-04 14:00:00,25.179278047845813
2025-07-04 14:01:00,25.169757690101715
2025-07-04 14:02:00,25.203021531248645
2025-07-04 14:03:00,25.1900846115924
2025-07-04 14:04:00,25.197050946675596
2025-07-04 14:05:00,25.203277496853637
2025-07-04 14:06:00,25.241733257873534
2025-07-04 14:07:00,25.163713889088875
2025-07-04 14:08:00,25.218955915141976
2025-07-04 14:09:00,25.19478105086305
2025-07-04 14:10:00,25.238005542038124
2025-07-04 14:11:00,25.18840113782309
2025-07-04 14:12:00,25.21215562168198
2025-07-04 14:13:00,25.17763426838923
2025-07-04 14:14:00,25.264913245920994
2025-07-04 14:15:00,25.26672134283245
2025-07-04 14:16:00,25.19003417131983
2025-07-04 14:17:00,25.08305700870158
2025-07-04 14:18:00,25.120313704166414
2025-07-04 14:19:00,25.178170380753432
2025-07-04 14:20:00,25.221343849164956
2025-07-04 14:21:00,25.20982483151062
2025-07-04 14:22:00,25.15899379750244
2025-07-04 14:23:00,25.158091646954848
2025-07-04 14:24:00,25.15298823946554
2025-07-04 14:25:00,25.183619665791365
2025-07-04 14:26:00,25.177192257428167
2025-07-04 14:27:00,25.19998788726948
2025-07-04 14:28:00,25.19939015001487
2025-07-04 14:29:00,25.212666956938598
2025-07-04 14:30:00,25.179995461720228
2025-07-04 14:31:00,25.24140854200802
2025-07-04 14:32:00,25.113911459102003
2025-07-04 14:33:00,25.21463242208797
2025-07-04 14:34:00,25.194375547933927
2025-07-04 14:35:00,25.207606540391986
2025-07-04 14:36:00,25.231081304626457
2025-07-04 14:37:00,25.163121438528446
2025-07-04 14:38:00,25.196253755310984
2025-07-04 14:39:00,25.170120960924507
2025-07-04 14:40:00,25.153877339042847
2025-07-04 14:41:00,25.18340813562526
2025-07-04 14:42:00,25.14165416712397
2025-07-04 14:43:00,25.202393586313033
2025-07-04 14:44:00,25.198584554256055
2025-07-04 14:45:00,25.136409419294203
2025-07-04 14:46:00,25.137476634749625
2025-07-04 14:47:00,25.193584101170394
2025-07-04 14:48:00,25.160053598912455
2025-07-04 14:49:00,25.146615291406913
2025-07-04 14:50:00,25.173781406860094
2025-07-04 14:51:00,25.138385949687656
2025-07-04 14:52:00,25.176789354078505
2025-07-04 14:53:00,25.189486746442732
2025-07-04 14:54:00,25.179616021023435
2025-07-04 14:55:00,25.163341571269317
2025-07-04 14:56:00,25.1173017305552
2025-07-04 14:57:00,25.154596829880735
2025-07-04 14:58:00,25.21451483852483
2025-07-04 14:59:00,25.205751910961613
2025-07-04 15:00:00,25.17754385246483
2025-07-04 15:01:00,25.11104607983147
2025-07-04 15:02:00,25.139388373278965
2025-07-04 15:03:00,25.209298659926592
2025-07-04 15:04:00,25.185324284771944
2025-07-04 15:05:00,25.156005058266494
2025-07-04 15:06:00,25.137022948444944
2025-07-04 15:07:00,25.187529592201155
2025-07-04 15:08:00,25.16170702570938
2025-07-04 15:09:00,25.18351806111175
2025-07-04 15:10:00,25.116243931216147
2025-07-04 15:11:00,25.156697918656313
2025-07-04 15:12:00,25.198251606141184
2025-07-04 15:13:00,25.16377915549382
2025-07-04 15:14:00,25.150724078639257
2025-07-04 15:15:00,25.15575482400626
2025-07-04 15:16:00,25.121404496070582
2025-07-04 15:17:00,25.219074033592765
2025-07-04 15:18:00,25.173482632191615
2025-07-04 15:19:00,25.18449633685733
2025-07-04 15:20:00,25.216148124771554
2025-07-04 15:21:00,25.17786834218045
2025-07-04 15:22:00,25.183412982137003
2025-07-04 15:23:00,25.194010908352592
2025-07-04 15:24:00,25.241434706325876
2025-07-04 15:25:00,25.12598627925688
2025-07-04 15:26:00,25.20332109315956
2025-07-04 15:27:00,25.1224892932712
2025-07-04 15:28:00,25.170499871575988
2025-07-04 15:29:00,25.166268003265163
2025-07-04 15:30:00,25.16583052323956
2025-07-04 15:31:00,25.250922485146642
2025-07-04 15:32:00,25.13104122491179
2025-07-04 15:33:00,25.15552709310403
2025-07-04 15:34:00,25.20921042590783
2025-07-04 15:35:00,25.188244130371377
2025-07-04 15:36:00,25.206027803857513
2025-07-04 15:37:00,25.18206774766727
2025-07-04 15:38:00,25.187063369226294
2025-07-04 15:39:00,25.180826988659444
2025-07-04 15:40:00,25.198090414949487
2025-07-04 15:41:00,25.142183176578108
2025-07-04 15:42:00,25.231683712830055
2025-07-04 15:43:00,25.18922601260108
2025-07-04 15:44:00,25.16705965044849
2025-07-04 15:45:00,25.16353986341972
2025-07-04 15:46:00,25.168641307344515
2025-07-04 15:47:00,25.18056288854124
2025-07-04 15:48:00,25.249672444437138
2025-07-04 15:49:00,25.15666144574576
2025-07-04 15:50:00,25.192907590644886
2025-07-04 15:51:00,25.220145482768
2025-07-04 15:52:00,25.196929484540988
2025-07-04 15:53:00,25.22690455905947
2025-07-04 15:54:00,25.244635514522486
2025-07-04 15:55:00,25.252376346110506
2025-07-04 15:56:00,25.176015360733782
2025-07-04 15:57:00,25.242420705091494
2025-07-04 15:58:00,25.19120640471529
2025-07-04 15:59:00,25.252316899042043
2025-07-04 16:00:00,25.17234020554247
2025-07-04 16:01:00,25.154137293114108
2025-07-04 16:02:00,25.124452256948093
2025-07-04 16:03:00,25.1970494423045
2025-07-04 16:04:00,25.211693645711808
2025-07-04 16:05:00,25.18942697869382
2025-07-04 16:06:00,25.234753115153733
2025-07-04 16:07:00,25.197882810501493
2025-07-04 16:08:00,25.17555201736858
2025-07-04 16:09:00,25.19453802500772
2025-07-04 16:10:00,25.158783550695595
2025-07-04 16:11:00,25.11886625976466
2025-07-04 16:12:00,25.092084057086876
2025-07-04 16:13:00,25.095385908050925
2025-07-04 16:14:00,25.126891873068022
2025-07-04 16:15:00,25.059873698189946
2025-07-04 16:16:00,25.09663347102431
2025-07-04 16:17:00,25.068655600350787
2025-07-04 16:18:00,25.092475233230143
2025-07-04 16:19:00,25.041041478800487
2025-07-04 16:20:00,25.066749821187106
2025-07-04 16:21:00,25.063938007885984
2025-07-04 16:22:00,25.147220285647887
2025-07-04 16:23:00,25.171672504077538
2025-07-04 16:24:00,25.277312456410186
2025-07-04 16:25:00,25.30774700467851
2025-07-04 16:26:00,25.292294809900593
2025-07-04 16:27:00,25.30266162404988
2025-07-04 16:28:00,25.295318133352616
2025-07-04 16:29:00,25.30505022423626
2025-07-04 16:30:00,25.24859832197031
2025-07-04 16:31:00,25.197373144583775
2025-07-04 16:32:00,25.165747455210955
2025-07-04 16:33:00,25.197103950081008
2025-07-04 16:34:00,25.186265984820484
2025-07-04 16:35:00,25.21181471091013
2025-07-04 16:36:00,25.208094478267483
2025-07-04 16:37:00,25.20441318677797
2025-07-04 16:38:00,25.245027385878192
2025-07-04 16:39:00,25.242074922545665
2025-07-04 16:40:00,25.26031453805758
2025-07-04 16:41:00,25.29819235253323
2025-07-04 16:42:00,25.28341214349798
2025-07-04 16:43:00,25.16669749115664
2025-07-04 16:44:00,25.193716906824683
2025-07-04 16:45:00,25.1116862910427
2025-07-04 16:46:00,25.143295828194173
2025-07-04 16:47:00,25.2869797628045
2025-07-04 16:48:00,25.223745802252584
2025-07-04 16:49:00,25.141627507782868
2025-07-04 16:50:00,25.243977380612122
2025-07-04 16:51:00,25.213290328516184
2025-07-04 16:52:00,25.177837804593764
2025-07-04 16:53:00,25.15931335580457
2025-07-04 16:54:00,25.164579174851458
2025-07-04 16:55:00,25.18648174351473
2025-07-04 16:56:00,25.185728388130865
2025-07-04 16:57:00,25.097645861218812
2025-07-04 16:58:00,25.177088889977753
2025-07-04 16:59:00,25.142918546976624
2025-07-04 17:00:00,25.12922176156996
2025-07-04 17:01:00,25.15609704018861
2025-07-04 17:02:00,25.19964817521331
2025-07-04 17:03:00,25.108147251650504
2025-07-04 17:04:00,25.15523434042632
2025-07-04 17:05:00,25.174285458532225
2025-07-04 17:06:00,25.208206784285572
2025-07-04 17:07:00,25.11970763320703
2025-07-04 17:08:00,25.16972612939298
2025-07-04 17:09:00,25.147174269326538
2025-07-04 17:10:00,25.109414933310855
2025-07-04 17:11:00,25.12189491608483
2025-07-04 17:12:00,25.1685176197414
2025-07-04 17:13:00,25.137055468372456
2025-07-04 17:14:00,25.015256684608357
2025-07-04 17:15:00,25.045896259553
2025-07-04 17:16:00,25.09820185297894
2025-07-04 17:17:00,25.127322337426175
2025-07-04 17:18:00,25.081038747371032
2025-07-04 17:19:00,25.20152112141907
2025-07-04 17:20:00,25.156851844193497
2025-07-04 17:21:00,25.104419632588414
2025-07-04 17:22:00,25.139527860490638
2025-07-04 17:23:00,25.14235436977949
2025-07-04 17:24:00,25.150571802067883
2025-07-04 17:25:00,25.148053663995366
2025-07-04 17:26:00,25.130837150754434
2025-07-04 17:27:00,25.107986758547693
2025-07-04 17:28:00,25.085202936143606
2025-07-04 17:29:00,25.087177689388064
2025-07-04 17:30:00,25.128589450687162
2025-07-04 17:31:00,25.096223115962516
2025-07-04 17:32:00,25.10455334926237
2025-07-04 17:33:00,25.067023081810817
2025-07-04 17:34:00,25.048269752459436
2025-07-04 17:35:00,25.140047754458184
2025-07-04 17:36:00,25.125984163744423
2025-07-04 17:37:00,25.11390222858254
2025-07-04 17:38:00,25.08185436463337
2025-07-04 17:39:00,25.099106648695855
2025-07-04 17:40:00,25.117524294032876
2025-07-04 17:41:00,25.20580854308304
2025-07-04 17:42:00,25.17155892641206
2025-07-04 17:43:00,25.140240063028656
2025-07-04 17:44:00,25.120115097626012
2025-07-04 17:45:00,25.2446593221611
2025-07-04 17:46:00,25.799937940370498
2025-07-04 17:47:00,29.226397172576448
2025-07-04 17:48:00,28.875856649252487
2025-07-04 17:49:00,28.167123857094452
2025-07-04 17:50:00,28.91246498229859
2025-07-04 17:51:00,25.272544588686333
2025-07-04 17:52:00,25.073210427742286
2025-07-04 17:53:00,25.21608899404962
2025-07-04 17:54:00,25.20894367762105
2025-07-04 17:55:00,25.25492597174414
2025-07-04 17:56:00,25.21207130580227
2025-07-04 17:57:00,25.0853329068801
2025-07-04 17:58:00,25.138839985150707
2025-07-04 17:59:00,25.03878634674312
2025-07-04 18:00:00,25.148384127838526
2025-07-04 18:01:00,25.151396260740967
2025-07-04 18:02:00,25.198222876987977
2025-07-04 18:03:00,25.165251050375257
2025-07-04 18:04:00,25.163290593238255
2025-07-04 18:05:00,25.243428496295447
2025-07-04 18:06:00,25.182353897215012
2025-07-04 18:07:00,25.14710384596771
2025-07-04 18:08:00,24.966505533697376
2025-07-04 18:09:00,24.95927461815269
2025-07-04 18:10:00,24.872740465879936
2025-07-04 18:11:00,24.873877386329134
2025-07-04 18:12:00,24.85623655102353
2025-07-04 18:13:00,24.961371308910763
2025-07-04 18:14:00,24.969152671156326
2025-07-04 18:15:00,24.935696850307803
2025-07-04 18:16:00,25.028327214316292
2025-07-04 18:17:00,24.982370420996265
2025-07-04 18:18:00,25.046470628852045
2025-07-04 18:19:00,25.161128108227803
2025-07-04 18:20:00,25.25327272295719
2025-07-04 18:21:00,25.22149688153836
2025-07-04 18:22:00,25.072333796748072
2025-07-04 18:23:00,24.86087409283949
2025-07-04 18:24:00,24.812617217598522
2025-07-04 18:25:00,24.8177827653092
2025-07-04 18:26:00,24.85760161880114
2025-07-04 18:27:00,25.30746887528834
2025-07-04 18:28:00,27.049852487612434
2025-07-04 18:29:00,24.63065540498724
2025-07-04 18:30:00,26.465823024618217
2025-07-04 18:31:00,28.497278712784084
2025-07-04 18:32:00,28.907977922486968
2025-07-04 18:33:00,28.94055385668991
2025-07-04 18:34:00,28.271803964390603
2025-07-04 18:35:00,28.284810897804068
2025-07-04 18:36:00,28.150923104911683
2025-07-04 18:37:00,27.987410354839433
2025-07-04 18:38:00,27.868293604496866
2025-07-04 18:39:00,27.731970707248546
2025-07-04 18:40:00,27.73309447829438
2025-07-04 18:41:00,28.08172901590586
2025-07-04 18:42:00,27.701576973701048
2025-07-04 18:43:00,27.423611180357273
2025-07-04 18:44:00,27.10906915470656
2025-07-04 18:45:00,26.53523574421747
2025-07-04 18:46:00,26.40344082547052
2025-07-04 18:47:00,26.054368918255012
2025-07-04 18:48:00,25.8008850187962
2025-07-04 18:49:00,26.794495806550156
2025-07-04 18:50:00,27.26506901222524
