date time	WEATHER.PBWWI.AirPress	WEATHER.PBWWI.AirPressureBar	WEATHER.PBWWI.AirTempPort	WEATHER.PBWWI.AirTempStarboard	WEATHER.PBWWI.HumidityPort	WEATHER.PBWWI.HumidityStarboard	WEATHER.PBWWI.TrueWindDir	WEATHER.PBWWI.RealWindDir	WEATHER.PBWWI.TrueWindSpeed	WEATHER.PBWWI.RelWindSpeed
	spot	spot	spot	spot	spot	spot	spot	spot	spot	spot
	hPa	bar	°C	°C	%	%	°	°	m/s	m/s
2025/07/14 18:34:00	1014.0	1.0	27.5	27.6	83.0	82.0	32.0	2.0	9.5	9.5
2025/07/14 18:34:01	1014.0	1.0	27.5	27.6	83.0	82.0	33.0	3.0	9.6	9.6
2025/07/14 18:34:02	1014.0	1.0	27.5	27.6	83.0	82.0	35.0	5.0	9.6	9.6
2025/07/14 18:34:03	1014.0	1.0	27.5	27.6	83.0	82.0	36.0	6.0	9.6	9.6
2025/07/14 18:34:04	1014.0	1.0	27.5	27.6	83.0	82.0	34.0	4.0	9.4	9.4
2025/07/14 18:34:05	1014.0	1.0	27.5	27.6	83.0	82.0	31.0	1.0	9.1	9.4
2025/07/14 18:34:06	1014.0	1.0	27.5	27.6	83.0	82.0	28.0	358.0	9.5	9.5
2025/07/14 18:34:07	1014.0	1.0	27.5	27.6	83.0	82.0	25.0	355.0	9.1	9.1
2025/07/14 18:34:08	1014.0	1.0	27.5	27.6	83.0	82.0	23.0	353.0	9.1	9.1
2025/07/14 18:34:09	1014.0	1.0	27.5	27.6	83.0	82.0	23.0	353.0	9.8	9.8
2025/07/14 18:34:10	1014.0	1.0	27.5	27.6	83.0	82.0	23.0	353.0	10.1	10.1
2025/07/14 18:34:11	1014.0	1.0	27.5	27.6	83.0	82.0	25.0	354.0	10.1	10.1
2025/07/14 18:34:12	1014.0	1.0	27.5	27.6	83.0	82.0	27.0	357.0	9.8	9.8
2025/07/14 18:34:13	1014.0	1.0	27.5	27.6	83.0	82.0	29.0	358.0	9.5	9.5
2025/07/14 18:34:14	1014.0	1.0	27.5	27.6	83.0	82.0	33.0	2.0	9.3	9.3
2025/07/14 18:34:15	1014.0	1.0	27.5	27.6	83.0	82.0	37.0	7.0	9.2	9.5
2025/07/14 18:34:16	1014.0	1.0	27.5	27.6	83.0	82.0	38.0	8.0	9.9	9.9
2025/07/14 18:34:17	1014.0	1.0	27.5	27.6	83.0	82.0	36.0	6.0	9.8	9.8
2025/07/14 18:34:18	1014.0	1.0	27.5	27.6	83.0	82.0	33.0	3.0	9.2	9.2
2025/07/14 18:34:19	1014.0	1.0	27.5	27.6	83.0	82.0	32.0	1.0	8.8	8.8
2025/07/14 18:34:20	1014.0	1.0	27.5	27.6	83.0	82.0	28.0	357.0	8.5	8.5
2025/07/14 18:34:21	1014.0	1.0	27.5	27.6	83.0	82.0	25.0	355.0	8.7	8.7
2025/07/14 18:34:22	1014.0	1.0	27.5	27.6	83.0	82.0	24.0	354.0	9.6	9.6
2025/07/14 18:34:23	1014.0	1.0	27.5	27.6	83.0	82.0	22.0	352.0	10.1	10.1
2025/07/14 18:34:24	1014.0	1.0	27.5	27.6	83.0	82.0	22.0	352.0	9.9	9.9
2025/07/14 18:34:25	1014.0	1.0	27.5	27.6	83.0	82.0	25.0	354.0	9.4	9.4
2025/07/14 18:34:26	1014.0	1.0	27.5	27.6	83.0	82.0	30.0	359.0	9.5	9.5
2025/07/14 18:34:27	1014.0	1.0	27.5	27.6	83.0	82.0	31.0	360.0	9.6	9.6
2025/07/14 18:34:28	1014.0	1.0	27.5	27.6	83.0	82.0	31.0	360.0	9.7	9.7
2025/07/14 18:34:29	1014.0	1.0	27.5	27.6	83.0	82.0	36.0	5.0	9.5	9.5
2025/07/14 18:34:30	1014.0	1.0	27.5	27.6	83.0	82.0	35.0	5.0	9.6	9.6
2025/07/14 18:34:31	1014.0	1.0	27.5	27.6	83.0	82.0	34.0	3.0	9.1	9.1
2025/07/14 18:34:32	1014.0	1.0	27.5	27.6	83.0	82.0	34.0	3.0	8.8	8.8
2025/07/14 18:34:33	1014.0	1.0	27.5	27.6	83.0	82.0	33.0	2.0	8.8	8.8
2025/07/14 18:34:34	1014.0	1.0	27.5	27.6	83.0	82.0	28.0	357.0	8.7	8.7
2025/07/14 18:34:35	1014.0	1.0	27.5	27.6	83.0	82.0	27.0	356.0	8.7	8.7
2025/07/14 18:34:36	1014.0	1.0	27.5	27.6	83.0	82.0	25.0	354.0	8.9	8.9
2025/07/14 18:34:37	1014.0	1.0	27.5	27.6	83.0	82.0	25.0	355.0	9.0	9.0
2025/07/14 18:34:38	1014.0	1.0	27.5	27.6	83.0	82.0	24.0	353.0	9.4	9.4
2025/07/14 18:34:39	1014.0	1.0	27.5	27.6	83.0	82.0	27.0	356.0	9.0	9.0
2025/07/14 18:34:40	1014.0	1.0	27.6	27.6	83.0	82.0	30.0	359.0	9.0	9.0
2025/07/14 18:34:41	1014.0	1.0	27.6	27.6	83.0	82.0	34.0	2.0	9.4	9.4
2025/07/14 18:34:42	1014.0	1.0	27.6	27.6	83.0	82.0	38.0	5.0	9.3	9.6
2025/07/14 18:34:43	1014.0	1.0	27.6	27.6	83.0	82.0	38.0	6.0	9.0	9.3
2025/07/14 18:34:44	1014.0	1.0	27.6	27.6	83.0	82.0	37.0	5.0	8.8	8.8
2025/07/14 18:34:45	1014.0	1.0	27.6	27.6	83.0	82.0	35.0	4.0	8.7	8.7
2025/07/14 18:34:46	1014.0	1.0	27.6	27.6	83.0	82.0	33.0	1.0	9.0	9.0
2025/07/14 18:34:47	1014.0	1.0	27.6	27.6	83.0	82.0	30.0	359.0	9.5	9.5
2025/07/14 18:34:48	1014.0	1.0	27.6	27.6	83.0	82.0	27.0	356.0	9.5	9.5
2025/07/14 18:34:49	1014.0	1.0	27.6	27.6	83.0	82.0	26.0	355.0	9.7	9.7
2025/07/14 18:34:50	1014.0	1.0	27.6	27.6	83.0	82.0	23.0	352.0	9.8	9.8
2025/07/14 18:34:51	1014.0	1.0	27.6	27.6	83.0	82.0	23.0	352.0	9.5	9.5
2025/07/14 18:34:52	1014.0	1.0	27.6	27.6	83.0	82.0	23.0	352.0	9.4	9.4
2025/07/14 18:34:53	1014.0	1.0	27.6	27.6	83.0	82.0	25.0	354.0	9.3	9.3
2025/07/14 18:34:54	1014.0	1.0	27.6	27.6	83.0	82.0	29.0	357.0	9.3	9.3
2025/07/14 18:34:55	1014.0	1.0	27.6	27.6	83.0	82.0	33.0	1.0	9.3	9.3
2025/07/14 18:34:56	1014.0	1.0	27.6	27.6	83.0	82.0	31.0	359.0	9.1	9.1
2025/07/14 18:34:57	1014.0	1.0	27.6	27.6	83.0	82.0	32.0	360.0	8.7	8.7
2025/07/14 18:34:58	1014.0	1.0	27.6	27.6	83.0	82.0	34.0	3.0	9.1	9.1
2025/07/14 18:34:59	1014.0	1.0	27.6	27.6	83.0	82.0	37.0	6.0	8.9	8.9
2025/07/14 18:35:00	1014.0	1.0	27.6	27.6	83.0	82.0	37.0	5.0	8.6	8.6
2025/07/14 18:35:01	1014.0	1.0	27.6	27.6	83.0	82.0	33.0	1.0	8.7	8.7
2025/07/14 18:35:02	1014.0	1.0	27.6	27.6	83.0	82.0	27.0	355.0	8.9	8.9
2025/07/14 18:35:03	1014.0	1.0	27.6	27.6	83.0	82.0	22.0	350.0	9.3	9.3
2025/07/14 18:35:04	1014.0	1.0	27.6	27.6	83.0	82.0	25.0	354.0	9.6	9.6
2025/07/14 18:35:05	1014.0	1.0	27.6	27.6	83.0	82.0	23.0	352.0	9.5	9.5
2025/07/14 18:35:06	1014.0	1.0	27.6	27.6	83.0	82.0	23.0	351.0	8.9	8.9
2025/07/14 18:35:07	1014.0	1.0	27.6	27.6	83.0	82.0	22.0	350.0	8.2	8.2
2025/07/14 18:35:08	1014.0	1.0	27.6	27.6	83.0	82.0	29.0	357.0	8.3	8.3
2025/07/14 18:35:09	1014.0	1.0	27.6	27.6	83.0	82.0	32.0	360.0	9.0	9.0
2025/07/14 18:35:10	1014.0	1.0	27.6	27.6	83.0	82.0	33.0	1.0	9.6	9.6
2025/07/14 18:35:11	1014.0	1.0	27.6	27.6	83.0	82.0	37.0	5.0	9.5	9.5
2025/07/14 18:35:12	1014.0	1.0	27.6	27.6	83.0	82.0	38.0	6.0	8.9	8.9
2025/07/14 18:35:13	1014.0	1.0	27.6	27.6	83.0	82.0	37.0	5.0	7.9	8.2
2025/07/14 18:35:14	1014.0	1.0	27.6	27.6	83.0	82.0	34.0	1.0	8.1	8.4
2025/07/14 18:35:15	1014.0	1.0	27.6	27.6	83.0	82.0	32.0	360.0	9.0	9.0
2025/07/14 18:35:16	1014.0	1.0	27.6	27.6	83.0	82.0	27.0	356.0	9.4	9.7
2025/07/14 18:35:17	1014.0	1.0	27.6	27.6	83.0	82.0	22.0	351.0	9.6	10.0
2025/07/14 18:35:18	1014.0	1.0	27.6	27.6	83.0	82.0	21.0	350.0	9.1	9.4
2025/07/14 18:35:19	1014.0	1.0	27.6	27.6	83.0	82.0	17.0	345.0	8.7	8.7
2025/07/14 18:35:20	1014.0	1.0	27.6	27.6	83.0	82.0	25.0	353.0	8.6	8.6
2025/07/14 18:35:21	1014.0	1.0	27.6	27.6	83.0	82.0	28.0	356.0	8.3	8.3
2025/07/14 18:35:22	1014.0	1.0	27.6	27.6	83.0	82.0	30.0	357.0	8.6	8.6
2025/07/14 18:35:23	1014.0	1.0	27.6	27.6	83.0	82.0	30.0	358.0	9.1	9.1
2025/07/14 18:35:24	1014.0	1.0	27.6	27.6	83.0	82.0	32.0	360.0	9.0	9.0
2025/07/14 18:35:25	1014.0	1.0	27.6	27.6	83.0	82.0	32.0	360.0	8.9	8.9
2025/07/14 18:35:26	1014.0	1.0	27.6	27.6	83.0	83.0	32.0	360.0	8.3	8.3
2025/07/14 18:35:27	1014.0	1.0	27.6	27.6	83.0	83.0	32.0	360.0	8.5	8.5
2025/07/14 18:35:28	1014.0	1.0	27.6	27.6	83.0	83.0	31.0	359.0	8.2	8.2
2025/07/14 18:35:29	1014.0	1.0	27.6	27.6	83.0	83.0	30.0	358.0	8.1	8.1
2025/07/14 18:35:30	1014.0	1.0	27.6	27.6	83.0	83.0	23.0	351.0	8.3	8.3
2025/07/14 18:35:31	1014.0	1.0	27.6	27.6	83.0	83.0	23.0	351.0	9.0	9.0
2025/07/14 18:35:32	1014.0	1.0	27.6	27.6	83.0	83.0	20.0	348.0	9.4	9.4
2025/07/14 18:35:33	1014.0	1.0	27.6	27.6	83.0	83.0	22.0	350.0	9.1	9.4
2025/07/14 18:35:34	1014.0	1.0	27.6	27.6	83.0	83.0	24.0	352.0	8.8	8.8
2025/07/14 18:35:35	1014.0	1.0	27.6	27.6	83.0	83.0	29.0	357.0	8.1	8.1
2025/07/14 18:35:36	1014.0	1.0	27.6	27.6	83.0	83.0	32.0	360.0	7.6	7.6
2025/07/14 18:35:37	1014.0	1.0	27.6	27.6	83.0	83.0	38.0	6.0	7.5	7.5
2025/07/14 18:35:38	1014.0	1.0	27.6	27.6	84.0	83.0	34.0	2.0	7.8	7.8
2025/07/14 18:35:39	1014.0	1.0	27.6	27.6	84.0	83.0	29.0	357.0	8.4	8.4
2025/07/14 18:35:40	1014.0	1.0	27.6	27.6	84.0	83.0	26.0	354.0	8.4	8.4
2025/07/14 18:35:41	1014.0	1.0	27.6	27.6	84.0	83.0	24.0	352.0	8.2	8.2
2025/07/14 18:35:42	1014.0	1.0	27.6	27.6	84.0	83.0	25.0	353.0	7.6	7.6
2025/07/14 18:35:43	1014.0	1.0	27.7	27.6	84.0	83.0	25.0	353.0	7.5	7.5
2025/07/14 18:35:44	1014.0	1.0	27.7	27.6	84.0	83.0	23.0	351.0	7.9	7.9
2025/07/14 18:35:45	1014.0	1.0	27.7	27.7	84.0	83.0	24.0	352.0	8.2	8.2
2025/07/14 18:35:46	1014.0	1.0	27.7	27.7	84.0	83.0	22.0	350.0	8.9	8.9
2025/07/14 18:35:47	1014.0	1.0	27.7	27.7	84.0	84.0	21.0	349.0	8.9	8.9
2025/07/14 18:35:48	1014.0	1.0	27.7	27.7	84.0	84.0	21.0	349.0	8.0	8.0
2025/07/14 18:35:49	1014.0	1.0	27.7	27.7	84.0	84.0	22.0	350.0	7.6	7.6
2025/07/14 18:35:50	1014.0	1.0	27.7	27.7	84.0	84.0	28.0	356.0	7.3	7.3
2025/07/14 18:35:51	1014.0	1.0	27.7	27.7	84.0	84.0	32.0	360.0	7.6	7.6
2025/07/14 18:35:52	1014.0	1.0	27.7	27.7	84.0	84.0	35.0	3.0	7.7	7.7
2025/07/14 18:35:53	1014.0	1.0	27.7	27.7	84.0	84.0	35.0	3.0	8.1	8.1
2025/07/14 18:35:54	1014.0	1.0	27.7	27.7	84.0	84.0	31.0	360.0	8.0	8.0
2025/07/14 18:35:55	1014.0	1.0	27.7	27.7	84.0	84.0	29.0	358.0	7.8	7.8
2025/07/14 18:35:56	1014.0	1.0	27.7	27.7	84.0	84.0	22.0	350.0	7.6	7.6
2025/07/14 18:35:57	1014.0	1.0	27.7	27.7	84.0	84.0	19.0	347.0	7.9	7.9
2025/07/14 18:35:58	1014.0	1.0	27.7	27.7	84.0	84.0	17.0	345.0	8.6	8.6
2025/07/14 18:35:59	1014.0	1.0	27.7	27.7	84.0	84.0	21.0	349.0	8.8	8.8
2025/07/14 18:36:00	1014.0	1.0	27.7	27.7	84.0	84.0	23.0	351.0	9.3	9.3
2025/07/14 18:36:01	1014.0	1.0	27.7	27.7	84.0	84.0	25.0	353.0	8.5	8.5
2025/07/14 18:36:02	1014.0	1.0	27.7	27.7	84.0	84.0	29.0	358.0	7.9	7.9
2025/07/14 18:36:03	1014.0	1.0	27.7	27.7	84.0	84.0	28.0	356.0	8.1	8.1
2025/07/14 18:36:04	1014.0	1.0	27.7	27.7	84.0	84.0	32.0	360.0	7.9	7.9
2025/07/14 18:36:05	1014.0	1.0	27.7	27.7	84.0	84.0	29.0	358.0	9.2	9.2
2025/07/14 18:36:06	1014.0	1.0	27.7	27.7	84.0	84.0	26.0	355.0	9.9	9.9
2025/07/14 18:36:07	1014.0	1.0	27.7	27.7	84.0	84.0	23.0	351.0	9.9	9.9
2025/07/14 18:36:08	1014.0	1.0	27.7	27.7	84.0	84.0	24.0	352.0	9.5	9.5
2025/07/14 18:36:09	1014.0	1.0	27.7	27.7	84.0	84.0	24.0	352.0	9.3	9.3
2025/07/14 18:36:10	1014.0	1.0	27.7	27.7	84.0	84.0	24.0	353.0	9.9	9.9
2025/07/14 18:36:11	1014.0	1.0	27.7	27.7	84.0	84.0	23.0	352.0	10.8	11.1
2025/07/14 18:36:12	1014.0	1.0	27.6	27.7	84.0	84.0	20.0	349.0	11.0	11.3
2025/07/14 18:36:13	1014.0	1.0	27.6	27.6	84.0	84.0	19.0	348.0	11.2	11.2
2025/07/14 18:36:14	1014.0	1.0	27.6	27.6	84.0	84.0	20.0	348.0	10.7	10.7
2025/07/14 18:36:15	1014.0	1.0	27.6	27.6	84.0	84.0	20.0	349.0	10.0	10.0
2025/07/14 18:36:16	1014.0	1.0	27.6	27.6	84.0	84.0	23.0	351.0	9.5	9.8
2025/07/14 18:36:17	1014.0	1.0	27.6	27.6	84.0	84.0	27.0	355.0	9.5	9.8
2025/07/14 18:36:18	1014.0	1.0	27.6	27.6	84.0	84.0	31.0	359.0	9.6	9.6
2025/07/14 18:36:19	1014.0	1.0	27.6	27.6	84.0	84.0	35.0	4.0	9.6	9.6
2025/07/14 18:36:20	1014.0	1.0	27.6	27.6	84.0	84.0	33.0	1.0	9.9	9.9
2025/07/14 18:36:21	1014.0	1.0	27.6	27.6	84.0	84.0	29.0	357.0	9.6	9.6
2025/07/14 18:36:22	1014.0	1.0	27.6	27.6	84.0	84.0	25.0	353.0	9.5	9.5
2025/07/14 18:36:23	1014.0	1.0	27.6	27.6	84.0	84.0	21.0	350.0	10.0	10.0
2025/07/14 18:36:24	1014.0	1.0	27.6	27.6	84.0	84.0	20.0	348.0	10.7	10.7
2025/07/14 18:36:25	1014.0	1.0	27.6	27.6	84.0	84.0	17.0	346.0	10.8	10.8
2025/07/14 18:36:26	1014.0	1.0	27.6	27.6	84.0	84.0	16.0	345.0	11.0	11.0
2025/07/14 18:36:27	1014.0	1.0	27.6	27.6	84.0	84.0	16.0	344.0	10.5	10.5
2025/07/14 18:36:28	1014.0	1.0	27.6	27.6	84.0	84.0	19.0	347.0	10.2	10.2
2025/07/14 18:36:29	1014.0	1.0	27.6	27.6	84.0	84.0	22.0	351.0	9.9	9.9
2025/07/14 18:36:30	1014.0	1.0	27.6	27.6	84.0	84.0	25.0	353.0	9.4	9.4
2025/07/14 18:36:31	1014.0	1.0	27.6	27.6	84.0	84.0	24.0	353.0	10.9	10.9
2025/07/14 18:36:32	1014.0	1.0	27.6	27.6	84.0	84.0	24.0	352.0	10.6	10.6
2025/07/14 18:36:33	1014.0	1.0	27.6	27.6	84.0	84.0	23.0	351.0	10.3	10.3
2025/07/14 18:36:34	1014.0	1.0	27.6	27.6	84.0	84.0	22.0	350.0	9.8	10.1
2025/07/14 18:36:35	1014.0	1.0	27.6	27.6	84.0	84.0	19.0	348.0	10.2	10.5
2025/07/14 18:36:36	1014.0	1.0	27.6	27.6	84.0	84.0	18.0	347.0	10.6	10.6
2025/07/14 18:36:37	1014.0	1.0	27.6	27.6	84.0	84.0	17.0	346.0	10.8	10.8
2025/07/14 18:36:38	1014.0	1.0	27.6	27.6	84.0	84.0	17.0	346.0	10.6	10.6
2025/07/14 18:36:39	1014.0	1.0	27.6	27.6	84.0	84.0	17.0	346.0	10.0	10.0
2025/07/14 18:36:40	1014.0	1.0	27.6	27.6	84.0	84.0	16.0	345.0	9.8	9.8
2025/07/14 18:36:41	1014.0	1.0	27.5	27.6	84.0	84.0	16.0	345.0	10.1	10.1
2025/07/14 18:36:42	1014.0	1.0	27.5	27.6	84.0	83.0	16.0	345.0	10.3	10.3
2025/07/14 18:36:43	1014.0	1.0	27.5	27.6	84.0	83.0	17.0	345.0	10.4	10.4
2025/07/14 18:36:44	1014.0	1.0	27.5	27.6	84.0	83.0	18.0	347.0	9.9	9.9
2025/07/14 18:36:45	1014.0	1.0	27.5	27.5	84.0	83.0	21.0	350.0	9.8	9.8
2025/07/14 18:36:46	1014.0	1.0	27.5	27.5	84.0	83.0	23.0	352.0	9.9	9.9
2025/07/14 18:36:47	1014.0	1.0	27.5	27.5	84.0	83.0	24.0	353.0	9.6	9.6
2025/07/14 18:36:48	1014.0	1.0	27.5	27.5	84.0	83.0	23.0	352.0	9.8	9.8
2025/07/14 18:36:49	1014.0	1.0	27.5	27.5	84.0	83.0	22.0	350.0	9.8	9.8
2025/07/14 18:36:50	1014.0	1.0	27.5	27.5	84.0	83.0	21.0	350.0	10.2	10.2
2025/07/14 18:36:51	1014.0	1.0	27.5	27.5	84.0	83.0	20.0	349.0	10.1	10.1
2025/07/14 18:36:52	1014.0	1.0	27.5	27.5	84.0	83.0	17.0	346.0	10.0	10.0
2025/07/14 18:36:53	1014.0	1.0	27.5	27.5	84.0	83.0	15.0	344.0	9.9	9.9
2025/07/14 18:36:54	1014.0	1.0	27.5	27.5	84.0	83.0	15.0	344.0	10.0	10.0
2025/07/14 18:36:55	1013.9	1.0	27.5	27.5	84.0	83.0	17.0	345.0	9.9	9.9
2025/07/14 18:36:56	1013.9	1.0	27.5	27.5	84.0	83.0	18.0	346.0	9.8	9.8
2025/07/14 18:36:57	1013.9	1.0	27.5	27.5	84.0	83.0	19.0	347.0	10.1	10.1
2025/07/14 18:36:58	1013.9	1.0	27.5	27.5	84.0	83.0	20.0	349.0	9.8	9.8
2025/07/14 18:36:59	1013.9	1.0	27.5	27.5	84.0	83.0	20.0	348.0	9.6	9.6
2025/07/14 18:37:00	1013.9	1.0	27.5	27.5	84.0	83.0	21.0	349.0	9.5	9.5
2025/07/14 18:37:01	1013.9	1.0	27.5	27.5	84.0	83.0	22.0	351.0	9.5	9.5
2025/07/14 18:37:02	1013.9	1.0	27.5	27.5	84.0	83.0	25.0	353.0	9.7	9.7
2025/07/14 18:37:03	1013.9	1.0	27.5	27.5	84.0	84.0	25.0	353.0	9.6	9.6
2025/07/14 18:37:04	1013.9	1.0	27.5	27.5	84.0	84.0	19.0	347.0	9.6	9.6
2025/07/14 18:37:05	1013.9	1.0	27.5	27.5	84.0	84.0	14.0	343.0	9.8	9.8
2025/07/14 18:37:06	1013.9	1.0	27.5	27.5	84.0	84.0	13.0	342.0	10.4	10.4
2025/07/14 18:37:07	1013.9	1.0	27.5	27.5	84.0	84.0	11.0	340.0	10.5	10.5
2025/07/14 18:37:08	1013.9	1.0	27.5	27.5	84.0	84.0	10.0	338.0	10.9	10.9
2025/07/14 18:37:09	1013.9	1.0	27.5	27.5	84.0	84.0	11.0	339.0	11.0	11.0
2025/07/14 18:37:10	1013.9	1.0	27.5	27.5	84.0	84.0	13.0	342.0	10.7	10.7
2025/07/14 18:37:11	1013.9	1.0	27.5	27.5	84.0	84.0	16.0	344.0	10.1	10.1
2025/07/14 18:37:12	1013.9	1.0	27.5	27.5	84.0	84.0	17.0	345.0	9.8	9.8
2025/07/14 18:37:13	1014.0	1.0	27.5	27.5	84.0	84.0	20.0	348.0	9.8	9.8
2025/07/14 18:37:14	1014.0	1.0	27.5	27.5	84.0	84.0	21.0	349.0	9.5	9.5
2025/07/14 18:37:15	1014.0	1.0	27.5	27.5	84.0	84.0	20.0	349.0	9.4	9.7
2025/07/14 18:37:16	1014.0	1.0	27.5	27.5	84.0	84.0	21.0	349.0	10.4	10.4
2025/07/14 18:37:17	1014.0	1.0	27.5	27.5	84.0	84.0	18.0	346.0	10.5	10.5
2025/07/14 18:37:18	1014.0	1.0	27.5	27.5	84.0	84.0	13.0	341.0	10.7	10.7
2025/07/14 18:37:19	1014.0	1.0	27.5	27.5	84.0	84.0	11.0	339.0	10.8	10.8
2025/07/14 18:37:20	1014.0	1.0	27.4	27.5	84.0	84.0	11.0	339.0	10.6	10.6
2025/07/14 18:37:21	1014.0	1.0	27.4	27.5	84.0	84.0	11.0	339.0	10.5	10.5
2025/07/14 18:37:22	1014.0	1.0	27.4	27.5	84.0	84.0	13.0	341.0	10.5	10.5
2025/07/14 18:37:23	1014.0	1.0	27.4	27.5	84.0	84.0	13.0	342.0	10.1	10.3
2025/07/14 18:37:24	1014.0	1.0	27.4	27.5	84.0	84.0	15.0	343.0	10.4	10.4
2025/07/14 18:37:25	1014.0	1.0	27.4	27.5	84.0	84.0	14.0	342.0	10.3	10.3
2025/07/14 18:37:26	1014.0	1.0	27.4	27.5	84.0	84.0	15.0	343.0	10.1	10.1
2025/07/14 18:37:27	1014.0	1.0	27.4	27.4	84.0	83.0	16.0	344.0	10.0	10.0
2025/07/14 18:37:28	1014.0	1.0	27.4	27.4	84.0	83.0	16.0	344.0	10.1	10.1
2025/07/14 18:37:29	1014.0	1.0	27.4	27.4	84.0	83.0	15.0	343.0	9.6	9.6
2025/07/14 18:37:30	1014.0	1.0	27.4	27.4	84.0	83.0	16.0	344.0	10.1	10.1
2025/07/14 18:37:31	1014.0	1.0	27.4	27.4	84.0	83.0	15.0	343.0	10.4	10.4
2025/07/14 18:37:32	1014.0	1.0	27.4	27.4	84.0	83.0	13.0	341.0	11.0	11.0
2025/07/14 18:37:33	1014.0	1.0	27.4	27.4	84.0	83.0	12.0	340.0	10.8	10.8
2025/07/14 18:37:34	1014.0	1.0	27.4	27.4	84.0	83.0	12.0	340.0	10.4	10.4
2025/07/14 18:37:35	1014.0	1.0	27.4	27.4	84.0	83.0	12.0	340.0	10.1	10.1
2025/07/14 18:37:36	1014.0	1.0	27.4	27.4	84.0	83.0	12.0	340.0	10.1	10.1
2025/07/14 18:37:37	1014.0	1.0	27.4	27.4	84.0	84.0	13.0	341.0	10.5	10.5
2025/07/14 18:37:38	1014.0	1.0	27.4	27.4	84.0	84.0	13.0	341.0	10.8	10.8
2025/07/14 18:37:39	1014.0	1.0	27.4	27.4	84.0	84.0	16.0	344.0	10.9	10.9
2025/07/14 18:37:40	1014.0	1.0	27.4	27.4	84.0	84.0	16.0	344.0	10.7	10.7
2025/07/14 18:37:41	1014.0	1.0	27.4	27.4	84.0	84.0	15.0	343.0	10.5	10.5
2025/07/14 18:37:42	1014.0	1.0	27.4	27.4	84.0	84.0	13.0	341.0	10.4	10.4
2025/07/14 18:37:43	1014.0	1.0	27.4	27.4	84.0	84.0	13.0	341.0	10.2	10.2
2025/07/14 18:37:44	1014.0	1.0	27.3	27.4	84.0	84.0	14.0	341.0	10.4	10.4
2025/07/14 18:37:45	1014.0	1.0	27.3	27.4	84.0	84.0	15.0	343.0	10.8	10.8
2025/07/14 18:37:46	1014.0	1.0	27.3	27.4	84.0	84.0	15.0	343.0	10.9	10.9
2025/07/14 18:37:47	1014.0	1.0	27.3	27.4	84.0	84.0	15.0	342.0	10.9	10.9
2025/07/14 18:37:48	1014.0	1.0	27.3	27.4	84.0	83.0	11.0	339.0	11.3	11.3
2025/07/14 18:37:49	1013.9	1.0	27.3	27.4	84.0	83.0	11.0	339.0	10.8	10.8
2025/07/14 18:37:50	1013.9	1.0	27.3	27.4	84.0	83.0	12.0	339.0	10.4	10.4
2025/07/14 18:37:51	1013.9	1.0	27.3	27.4	84.0	83.0	11.0	339.0	10.6	10.6
2025/07/14 18:37:52	1013.9	1.0	27.3	27.4	84.0	83.0	11.0	338.0	10.6	10.6
2025/07/14 18:37:53	1013.9	1.0	27.3	27.4	84.0	83.0	10.0	338.0	10.6	10.6
2025/07/14 18:37:54	1013.9	1.0	27.3	27.4	84.0	83.0	10.0	338.0	10.5	10.7
2025/07/14 18:37:55	1013.9	1.0	27.3	27.4	84.0	83.0	10.0	338.0	10.6	10.8
2025/07/14 18:37:56	1013.9	1.0	27.3	27.4	84.0	83.0	8.0	336.0	10.7	10.7
2025/07/14 18:37:57	1013.9	1.0	27.3	27.4	84.0	83.0	9.0	337.0	10.1	10.1
2025/07/14 18:37:58	1013.9	1.0	27.3	27.4	84.0	83.0	11.0	338.0	9.7	9.7
2025/07/14 18:37:59	1013.9	1.0	27.3	27.4	84.0	83.0	14.0	341.0	10.0	10.0
2025/07/14 18:38:00	1013.9	1.0	27.3	27.4	84.0	83.0	15.0	342.0	10.8	10.8
2025/07/14 18:38:01	1013.9	1.0	27.3	27.4	84.0	83.0	12.0	339.0	11.3	11.3
2025/07/14 18:38:02	1013.9	1.0	27.3	27.4	84.0	83.0	10.0	337.0	11.2	11.2
2025/07/14 18:38:03	1013.9	1.0	27.3	27.4	84.0	83.0	9.0	336.0	10.5	10.5
2025/07/14 18:38:04	1013.9	1.0	27.3	27.4	84.0	83.0	7.0	334.0	10.3	10.3
2025/07/14 18:38:05	1013.9	1.0	27.3	27.4	84.0	83.0	8.0	334.0	10.2	10.2
2025/07/14 18:38:06	1013.9	1.0	27.3	27.4	84.0	83.0	9.0	336.0	10.4	10.7
2025/07/14 18:38:07	1013.9	1.0	27.3	27.4	84.0	83.0	11.0	338.0	11.1	11.1
2025/07/14 18:38:08	1013.9	1.0	27.3	27.4	84.0	83.0	13.0	340.0	11.3	11.3
2025/07/14 18:38:09	1013.9	1.0	27.3	27.4	84.0	83.0	13.0	340.0	11.1	11.1
2025/07/14 18:38:10	1013.9	1.0	27.3	27.4	84.0	83.0	12.0	339.0	10.4	10.6
2025/07/14 18:38:11	1013.9	1.0	27.3	27.4	84.0	83.0	10.0	337.0	9.8	9.8
2025/07/14 18:38:12	1013.9	1.0	27.3	27.4	84.0	83.0	8.0	334.0	9.7	9.7
2025/07/14 18:38:13	1013.9	1.0	27.3	27.4	84.0	83.0	9.0	335.0	10.2	10.2
2025/07/14 18:38:14	1013.9	1.0	27.3	27.4	84.0	83.0	10.0	337.0	10.9	10.9
2025/07/14 18:38:15	1013.9	1.0	27.3	27.4	84.0	83.0	11.0	338.0	11.2	11.2
2025/07/14 18:38:16	1013.9	1.0	27.3	27.4	84.0	83.0	12.0	338.0	11.3	11.3
2025/07/14 18:38:17	1013.9	1.0	27.3	27.4	84.0	83.0	12.0	338.0	10.6	10.6
2025/07/14 18:38:18	1013.9	1.0	27.3	27.4	84.0	83.0	10.0	337.0	10.1	10.1
2025/07/14 18:38:19	1013.9	1.0	27.3	27.4	84.0	83.0	10.0	337.0	10.2	10.2
2025/07/14 18:38:20	1013.9	1.0	27.3	27.4	84.0	83.0	9.0	336.0	10.2	10.2
2025/07/14 18:38:21	1013.9	1.0	27.3	27.4	84.0	83.0	10.0	336.0	10.6	10.6
2025/07/14 18:38:22	1013.9	1.0	27.3	27.4	84.0	83.0	10.0	336.0	10.5	10.5
2025/07/14 18:38:23	1013.9	1.0	27.3	27.4	84.0	83.0	11.0	337.0	10.6	10.6
2025/07/14 18:38:24	1013.9	1.0	27.3	27.4	84.0	83.0	11.0	338.0	10.8	10.8
2025/07/14 18:38:25	1013.9	1.0	27.3	27.4	84.0	83.0	12.0	339.0	10.5	10.5
2025/07/14 18:38:26	1013.9	1.0	27.3	27.4	84.0	83.0	12.0	339.0	10.4	10.4
2025/07/14 18:38:27	1013.9	1.0	27.3	27.4	84.0	83.0	12.0	339.0	10.4	10.4
2025/07/14 18:38:28	1013.9	1.0	27.3	27.4	84.0	83.0	9.0	337.0	10.3	10.5
2025/07/14 18:38:29	1013.9	1.0	27.3	27.4	84.0	83.0	9.0	336.0	10.8	10.8
2025/07/14 18:38:30	1013.9	1.0	27.3	27.4	84.0	83.0	9.0	335.0	10.7	10.7
2025/07/14 18:38:31	1013.9	1.0	27.3	27.4	84.0	83.0	9.0	335.0	10.2	10.2
2025/07/14 18:38:32	1013.9	1.0	27.3	27.4	84.0	83.0	7.0	334.0	10.0	10.0
2025/07/14 18:38:33	1013.9	1.0	27.3	27.4	84.0	83.0	9.0	336.0	10.1	10.1
2025/07/14 18:38:34	1013.9	1.0	27.3	27.4	84.0	83.0	12.0	339.0	10.2	10.2
2025/07/14 18:38:35	1013.9	1.0	27.3	27.4	84.0	83.0	14.0	341.0	10.1	10.1
2025/07/14 18:38:36	1013.9	1.0	27.3	27.4	84.0	83.0	14.0	341.0	9.7	9.9
2025/07/14 18:38:37	1013.9	1.0	27.3	27.4	84.0	83.0	11.0	338.0	9.3	9.5
2025/07/14 18:38:38	1013.9	1.0	27.3	27.4	84.0	83.0	10.0	337.0	9.9	9.9
2025/07/14 18:38:39	1013.9	1.0	27.3	27.4	84.0	83.0	9.0	335.0	10.2	10.2
2025/07/14 18:38:40	1013.9	1.0	27.3	27.4	84.0	83.0	10.0	337.0	10.2	10.2
2025/07/14 18:38:41	1013.9	1.0	27.3	27.4	84.0	83.0	12.0	339.0	10.2	10.2
2025/07/14 18:38:42	1013.9	1.0	27.3	27.4	84.0	83.0	17.0	344.0	10.1	10.1
2025/07/14 18:38:43	1013.9	1.0	27.3	27.4	84.0	83.0	14.0	341.0	9.9	9.9
2025/07/14 18:38:44	1013.9	1.0	27.3	27.4	84.0	83.0	14.0	342.0	10.1	10.1
2025/07/14 18:38:45	1013.9	1.0	27.3	27.4	84.0	83.0	15.0	342.0	9.8	9.8
2025/07/14 18:38:46	1013.9	1.0	27.3	27.4	84.0	84.0	15.0	343.0	9.7	9.7
2025/07/14 18:38:47	1013.9	1.0	27.3	27.4	84.0	84.0	17.0	344.0	10.2	10.2
2025/07/14 18:38:48	1013.9	1.0	27.3	27.4	84.0	84.0	17.0	344.0	10.1	10.1
2025/07/14 18:38:49	1013.9	1.0	27.3	27.4	84.0	84.0	18.0	344.0	9.4	9.4
2025/07/14 18:38:50	1013.9	1.0	27.3	27.4	84.0	84.0	19.0	346.0	9.5	9.5
2025/07/14 18:38:51	1013.9	1.0	27.3	27.4	84.0	84.0	19.0	346.0	9.3	9.3
2025/07/14 18:38:52	1013.9	1.0	27.3	27.4	84.0	84.0	20.0	347.0	9.6	9.6
2025/07/14 18:38:53	1013.9	1.0	27.3	27.4	84.0	84.0	21.0	349.0	9.8	9.8
2025/07/14 18:38:54	1013.9	1.0	27.3	27.4	84.0	84.0	16.0	344.0	9.9	9.9
2025/07/14 18:38:55	1013.9	1.0	27.3	27.4	84.0	84.0	16.0	344.0	9.2	9.2
2025/07/14 18:38:56	1013.9	1.0	27.3	27.4	84.0	84.0	15.0	342.0	9.2	9.2
2025/07/14 18:38:57	1013.9	1.0	27.3	27.4	84.0	84.0	14.0	342.0	9.2	9.2
2025/07/14 18:38:58	1013.9	1.0	27.3	27.4	84.0	84.0	12.0	339.0	9.2	9.2
2025/07/14 18:38:59	1013.9	1.0	27.3	27.4	84.0	84.0	13.0	341.0	9.0	9.0
2025/07/14 18:39:00	1013.9	1.0	27.4	27.4	84.0	84.0	15.0	342.0	9.0	9.0
2025/07/14 18:39:01	1013.9	1.0	27.4	27.4	84.0	84.0	16.0	344.0	9.6	9.6
2025/07/14 18:39:02	1013.9	1.0	27.4	27.4	84.0	84.0	17.0	345.0	9.4	9.4
2025/07/14 18:39:03	1013.9	1.0	27.4	27.4	84.0	84.0	18.0	345.0	9.2	9.2
2025/07/14 18:39:04	1013.9	1.0	27.4	27.4	84.0	84.0	20.0	347.0	9.6	9.6
2025/07/14 18:39:05	1013.9	1.0	27.4	27.4	84.0	84.0	19.0	347.0	9.2	9.2
2025/07/14 18:39:06	1013.9	1.0	27.4	27.4	84.0	84.0	15.0	342.0	9.4	9.4
2025/07/14 18:39:07	1013.9	1.0	27.4	27.4	84.0	84.0	13.0	341.0	10.0	10.0
2025/07/14 18:39:08	1013.9	1.0	27.4	27.4	84.0	84.0	12.0	341.0	10.1	10.1
2025/07/14 18:39:09	1013.9	1.0	27.4	27.4	84.0	84.0	16.0	344.0	10.0	10.0
2025/07/14 18:39:10	1013.9	1.0	27.4	27.4	84.0	84.0	15.0	343.0	10.0	10.0
2025/07/14 18:39:11	1013.9	1.0	27.4	27.4	84.0	84.0	15.0	343.0	9.1	9.1
2025/07/14 18:39:12	1013.9	1.0	27.4	27.4	84.0	84.0	17.0	345.0	8.6	8.6
2025/07/14 18:39:13	1013.9	1.0	27.4	27.4	84.0	84.0	16.0	344.0	9.0	9.0
2025/07/14 18:39:14	1013.9	1.0	27.4	27.4	84.0	84.0	17.0	345.0	9.5	9.5
2025/07/14 18:39:15	1013.9	1.0	27.4	27.4	84.0	84.0	16.0	344.0	10.1	10.1
2025/07/14 18:39:16	1013.9	1.0	27.4	27.4	84.0	84.0	15.0	343.0	10.5	10.5
2025/07/14 18:39:17	1013.9	1.0	27.4	27.4	84.0	84.0	15.0	343.0	10.1	10.1
2025/07/14 18:39:18	1013.9	1.0	27.4	27.4	84.0	84.0	18.0	346.0	10.0	10.0
2025/07/14 18:39:19	1013.9	1.0	27.4	27.4	84.0	84.0	19.0	348.0	9.8	9.8
2025/07/14 18:39:20	1013.9	1.0	27.4	27.4	84.0	84.0	21.0	350.0	9.7	9.7
2025/07/14 18:39:21	1013.9	1.0	27.4	27.4	84.0	84.0	21.0	349.0	9.7	9.7
2025/07/14 18:39:22	1013.9	1.0	27.4	27.4	84.0	84.0	16.0	345.0	9.8	9.8
2025/07/14 18:39:23	1013.9	1.0	27.4	27.4	84.0	84.0	16.0	344.0	9.8	9.8
2025/07/14 18:39:24	1013.9	1.0	27.4	27.4	84.0	84.0	13.0	342.0	9.9	9.9
2025/07/14 18:39:25	1013.9	1.0	27.4	27.4	84.0	84.0	17.0	345.0	10.2	10.2
2025/07/14 18:39:26	1013.9	1.0	27.4	27.4	84.0	84.0	16.0	344.0	10.2	10.2
2025/07/14 18:39:27	1013.9	1.0	27.4	27.4	84.0	84.0	15.0	343.0	10.4	10.4
2025/07/14 18:39:28	1014.0	1.0	27.4	27.4	84.0	84.0	15.0	344.0	10.7	10.7
2025/07/14 18:39:29	1014.0	1.0	27.4	27.4	84.0	84.0	15.0	343.0	10.9	10.9
2025/07/14 18:39:30	1014.0	1.0	27.4	27.4	84.0	83.0	14.0	343.0	10.3	10.7
2025/07/14 18:39:31	1014.0	1.0	27.3	27.4	84.0	83.0	15.0	344.0	10.0	10.4
2025/07/14 18:39:32	1014.0	1.0	27.3	27.4	84.0	83.0	17.0	346.0	10.1	10.3
2025/07/14 18:39:33	1014.0	1.0	27.3	27.4	84.0	83.0	20.0	348.0	10.5	10.5
2025/07/14 18:39:34	1014.0	1.0	27.3	27.4	84.0	83.0	21.0	350.0	10.7	10.7
2025/07/14 18:39:35	1014.0	1.0	27.3	27.4	84.0	83.0	19.0	348.0	10.5	10.8
2025/07/14 18:39:36	1014.0	1.0	27.3	27.4	84.0	83.0	15.0	345.0	10.4	10.6
2025/07/14 18:39:37	1013.9	1.0	27.3	27.4	84.0	83.0	12.0	341.0	10.2	10.2
2025/07/14 18:39:38	1013.9	1.0	27.3	27.4	84.0	83.0	11.0	339.0	10.3	10.3
2025/07/14 18:39:39	1013.9	1.0	27.3	27.4	84.0	83.0	11.0	339.0	10.4	10.4
2025/07/14 18:39:40	1013.9	1.0	27.3	27.4	84.0	83.0	12.0	340.0	10.7	10.7
2025/07/14 18:39:41	1013.9	1.0	27.3	27.4	84.0	83.0	11.0	340.0	10.8	10.8
2025/07/14 18:39:42	1013.9	1.0	27.3	27.4	84.0	83.0	13.0	342.0	10.7	10.7
2025/07/14 18:39:43	1013.9	1.0	27.3	27.4	84.0	83.0	16.0	345.0	10.4	10.4
2025/07/14 18:39:44	1013.9	1.0	27.3	27.4	84.0	83.0	20.0	349.0	10.2	10.2
2025/07/14 18:39:45	1013.9	1.0	27.3	27.4	84.0	83.0	18.0	347.0	10.0	10.0
2025/07/14 18:39:46	1013.9	1.0	27.3	27.4	84.0	83.0	18.0	347.0	9.9	9.9
2025/07/14 18:39:47	1013.9	1.0	27.3	27.4	84.0	83.0	17.0	346.0	10.1	10.1
2025/07/14 18:39:48	1013.9	1.0	27.3	27.4	84.0	83.0	17.0	345.0	9.8	9.8
2025/07/14 18:39:49	1013.9	1.0	27.3	27.4	84.0	83.0	15.0	344.0	10.2	10.2
2025/07/14 18:39:50	1013.9	1.0	27.3	27.4	84.0	83.0	15.0	345.0	10.5	10.7
2025/07/14 18:39:51	1013.9	1.0	27.3	27.4	84.0	83.0	15.0	345.0	11.0	11.0
2025/07/14 18:39:52	1013.9	1.0	27.3	27.4	84.0	83.0	14.0	343.0	10.8	10.8
2025/07/14 18:39:53	1013.9	1.0	27.3	27.4	84.0	83.0	12.0	342.0	10.0	10.3
2025/07/14 18:39:54	1013.9	1.0	27.3	27.4	84.0	83.0	11.0	341.0	9.5	9.8
2025/07/14 18:39:55	1014.0	1.0	27.3	27.4	84.0	83.0	9.0	338.0	9.3	9.3
2025/07/14 18:39:56	1014.0	1.0	27.3	27.4	84.0	83.0	12.0	342.0	10.2	10.2
2025/07/14 18:39:57	1014.0	1.0	27.3	27.4	84.0	83.0	16.0	345.0	10.6	10.8
2025/07/14 18:39:58	1014.0	1.0	27.3	27.4	83.0	83.0	18.0	348.0	10.6	10.9
2025/07/14 18:39:59	1014.0	1.0	27.3	27.4	83.0	83.0	20.0	350.0	10.2	10.2
2025/07/14 18:40:00	1014.0	1.0	27.3	27.4	83.0	83.0	22.0	352.0	9.4	9.4
2025/07/14 18:40:01	1014.0	1.0	27.3	27.4	84.0	83.0	22.0	352.0	9.6	9.6
2025/07/14 18:40:02	1014.0	1.0	27.3	27.4	84.0	83.0	18.0	348.0	9.8	9.8
2025/07/14 18:40:03	1014.0	1.0	27.3	27.4	84.0	83.0	15.0	345.0	9.8	9.8
2025/07/14 18:40:04	1014.1	1.0	27.3	27.4	84.0	83.0	12.0	342.0	10.1	10.1
2025/07/14 18:40:05	1014.1	1.0	27.3	27.4	84.0	83.0	11.0	340.0	10.2	10.2
2025/07/14 18:40:06	1014.1	1.0	27.3	27.4	83.0	83.0	12.0	341.0	10.2	10.2
2025/07/14 18:40:07	1014.1	1.0	27.3	27.4	83.0	83.0	13.0	342.0	10.1	10.1
2025/07/14 18:40:08	1014.1	1.0	27.3	27.4	83.0	83.0	14.0	344.0	9.9	9.9
2025/07/14 18:40:09	1014.1	1.0	27.3	27.4	83.0	83.0	15.0	345.0	9.8	9.8
2025/07/14 18:40:10	1014.1	1.0	27.3	27.4	83.0	83.0	15.0	345.0	9.7	9.7
2025/07/14 18:40:11	1014.1	1.0	27.3	27.4	83.0	83.0	17.0	346.0	9.5	9.5
2025/07/14 18:40:12	1014.1	1.0	27.3	27.4	83.0	83.0	19.0	348.0	9.3	9.3
2025/07/14 18:40:13	1014.0	1.0	27.3	27.4	83.0	83.0	19.0	348.0	9.4	9.4
2025/07/14 18:40:14	1014.0	1.0	27.3	27.4	83.0	83.0	18.0	348.0	9.2	9.5
2025/07/14 18:40:15	1014.0	1.0	27.3	27.4	83.0	82.0	18.0	348.0	9.5	9.5
2025/07/14 18:40:16	1014.0	1.0	27.3	27.4	83.0	82.0	16.0	346.0	9.7	9.7
2025/07/14 18:40:17	1014.0	1.0	27.3	27.4	83.0	83.0	15.0	344.0	10.1	10.1
2025/07/14 18:40:18	1014.0	1.0	27.3	27.4	83.0	83.0	16.0	345.0	10.5	10.5
2025/07/14 18:40:19	1014.0	1.0	27.3	27.4	83.0	83.0	13.0	343.0	10.3	10.3
2025/07/14 18:40:20	1014.0	1.0	27.3	27.4	83.0	83.0	14.0	343.0	9.9	9.9
2025/07/14 18:40:21	1014.0	1.0	27.3	27.4	83.0	83.0	13.0	342.0	9.6	9.6
2025/07/14 18:40:22	1014.0	1.0	27.3	27.4	83.0	83.0	17.0	346.0	9.8	9.8
2025/07/14 18:40:23	1014.0	1.0	27.3	27.4	83.0	83.0	19.0	348.0	10.2	10.2
2025/07/14 18:40:24	1014.0	1.0	27.3	27.4	83.0	83.0	18.0	347.0	10.1	10.1
2025/07/14 18:40:25	1014.0	1.0	27.3	27.4	83.0	83.0	18.0	347.0	9.6	9.6
2025/07/14 18:40:26	1014.0	1.0	27.3	27.4	83.0	83.0	20.0	349.0	9.9	9.9
2025/07/14 18:40:27	1014.0	1.0	27.3	27.4	83.0	83.0	21.0	350.0	9.4	9.4
2025/07/14 18:40:28	1014.0	1.0	27.3	27.4	83.0	83.0	20.0	350.0	9.7	9.7
2025/07/14 18:40:29	1014.0	1.0	27.4	27.4	84.0	83.0	21.0	350.0	10.3	10.3
2025/07/14 18:40:30	1014.0	1.0	27.4	27.4	84.0	83.0	18.0	347.0	10.0	10.0
2025/07/14 18:40:31	1013.9	1.0	27.4	27.4	84.0	83.0	17.0	346.0	10.3	10.3
2025/07/14 18:40:32	1013.9	1.0	27.4	27.4	83.0	83.0	17.0	346.0	10.6	10.6
2025/07/14 18:40:33	1013.9	1.0	27.4	27.4	83.0	83.0	15.0	344.0	10.3	10.3
2025/07/14 18:40:34	1013.9	1.0	27.4	27.4	84.0	83.0	15.0	345.0	10.5	10.5
2025/07/14 18:40:35	1013.9	1.0	27.4	27.4	84.0	83.0	13.0	342.0	10.7	10.7
2025/07/14 18:40:36	1013.9	1.0	27.4	27.4	84.0	83.0	16.0	346.0	10.6	10.6
2025/07/14 18:40:37	1013.9	1.0	27.4	27.4	84.0	83.0	18.0	348.0	10.7	10.7
2025/07/14 18:40:38	1013.9	1.0	27.4	27.4	84.0	83.0	15.0	345.0	10.2	10.2
2025/07/14 18:40:39	1013.9	1.0	27.4	27.4	84.0	83.0	17.0	347.0	9.9	9.9
2025/07/14 18:40:40	1013.9	1.0	27.4	27.4	83.0	83.0	16.0	346.0	10.0	10.0
2025/07/14 18:40:41	1013.9	1.0	27.4	27.4	83.0	83.0	19.0	348.0	10.0	10.0
2025/07/14 18:40:42	1013.9	1.0	27.4	27.4	84.0	83.0	18.0	348.0	10.3	10.3
2025/07/14 18:40:43	1013.9	1.0	27.4	27.4	84.0	83.0	17.0	347.0	10.3	10.6
2025/07/14 18:40:44	1013.9	1.0	27.4	27.4	84.0	83.0	17.0	347.0	10.1	10.4
2025/07/14 18:40:45	1013.9	1.0	27.4	27.4	84.0	83.0	19.0	349.0	10.2	10.5
2025/07/14 18:40:46	1013.9	1.0	27.4	27.4	84.0	83.0	19.0	349.0	10.4	10.4
2025/07/14 18:40:47	1013.9	1.0	27.4	27.4	84.0	83.0	17.0	348.0	10.4	10.4
2025/07/14 18:40:48	1013.9	1.0	27.4	27.4	84.0	83.0	16.0	347.0	10.3	10.3
2025/07/14 18:40:49	1014.0	1.0	27.4	27.4	84.0	83.0	16.0	346.0	9.7	9.7
2025/07/14 18:40:50	1014.0	1.0	27.4	27.4	84.0	83.0	17.0	347.0	9.5	9.5
2025/07/14 18:40:51	1014.0	1.0	27.4	27.4	84.0	83.0	16.0	346.0	9.3	9.3
2025/07/14 18:40:52	1014.0	1.0	27.4	27.4	84.0	83.0	16.0	346.0	9.3	9.3
2025/07/14 18:40:53	1014.0	1.0	27.4	27.4	83.0	83.0	17.0	347.0	9.7	9.7
2025/07/14 18:40:54	1014.0	1.0	27.4	27.4	83.0	83.0	19.0	349.0	10.1	10.1
2025/07/14 18:40:55	1014.0	1.0	27.4	27.4	83.0	83.0	19.0	349.0	10.1	10.1
2025/07/14 18:40:56	1014.0	1.0	27.4	27.4	83.0	83.0	20.0	351.0	9.7	9.7
2025/07/14 18:40:57	1014.0	1.0	27.4	27.4	83.0	83.0	19.0	350.0	10.1	10.1
2025/07/14 18:40:58	1013.9	1.0	27.4	27.4	83.0	83.0	17.0	348.0	10.0	10.0
2025/07/14 18:40:59	1013.9	1.0	27.4	27.4	83.0	83.0	17.0	347.0	10.3	10.3
2025/07/14 18:41:00	1013.9	1.0	27.4	27.4	83.0	83.0	16.0	346.0	9.9	10.1
2025/07/14 18:41:01	1013.9	1.0	27.4	27.4	83.0	83.0	18.0	348.0	10.4	10.7
2025/07/14 18:41:02	1013.9	1.0	27.4	27.4	83.0	83.0	16.0	346.0	11.0	11.0
2025/07/14 18:41:03	1013.9	1.0	27.4	27.4	83.0	83.0	16.0	346.0	11.0	11.0
2025/07/14 18:41:04	1013.9	1.0	27.4	27.4	83.0	83.0	14.0	344.0	10.5	10.5
2025/07/14 18:41:05	1013.9	1.0	27.4	27.4	83.0	83.0	14.0	344.0	10.6	10.6
2025/07/14 18:41:06	1013.9	1.0	27.4	27.4	83.0	83.0	16.0	347.0	10.1	10.1
2025/07/14 18:41:07	1014.0	1.0	27.4	27.4	83.0	83.0	18.0	349.0	9.9	10.2
2025/07/14 18:41:08	1014.0	1.0	27.4	27.4	83.0	83.0	17.0	348.0	10.1	10.1
2025/07/14 18:41:09	1014.0	1.0	27.4	27.4	83.0	83.0	17.0	347.0	9.8	9.8
2025/07/14 18:41:10	1014.0	1.0	27.4	27.4	83.0	83.0	15.0	345.0	9.5	9.5
2025/07/14 18:41:11	1014.0	1.0	27.4	27.4	83.0	83.0	16.0	347.0	9.5	9.8
2025/07/14 18:41:12	1014.0	1.0	27.4	27.4	83.0	83.0	18.0	348.0	9.7	10.0
2025/07/14 18:41:13	1014.0	1.0	27.4	27.4	83.0	83.0	17.0	347.0	9.5	9.5
2025/07/14 18:41:14	1014.0	1.0	27.4	27.4	83.0	83.0	16.0	347.0	9.9	9.9
2025/07/14 18:41:15	1014.0	1.0	27.4	27.4	83.0	83.0	15.0	345.0	10.3	10.3
2025/07/14 18:41:16	1013.9	1.0	27.4	27.4	83.0	83.0	16.0	346.0	10.5	10.5
2025/07/14 18:41:17	1013.9	1.0	27.4	27.4	83.0	83.0	15.0	345.0	9.8	9.8
2025/07/14 18:41:18	1013.9	1.0	27.4	27.4	83.0	83.0	13.0	343.0	9.9	9.9
2025/07/14 18:41:19	1013.9	1.0	27.4	27.4	83.0	83.0	13.0	344.0	10.0	10.0
2025/07/14 18:41:20	1013.9	1.0	27.4	27.4	83.0	83.0	13.0	343.0	10.3	10.3
2025/07/14 18:41:21	1013.9	1.0	27.4	27.4	83.0	83.0	14.0	345.0	10.2	10.2
2025/07/14 18:41:22	1013.9	1.0	27.4	27.4	83.0	83.0	15.0	346.0	9.9	9.9
2025/07/14 18:41:23	1013.9	1.0	27.4	27.4	83.0	83.0	17.0	347.0	9.5	9.5
2025/07/14 18:41:24	1013.9	1.0	27.4	27.4	83.0	83.0	18.0	349.0	9.4	9.4
2025/07/14 18:41:25	1013.9	1.0	27.4	27.4	83.0	83.0	18.0	348.0	9.9	9.9
2025/07/14 18:41:26	1013.9	1.0	27.4	27.4	83.0	83.0	19.0	350.0	10.3	10.3
2025/07/14 18:41:27	1013.9	1.0	27.4	27.4	83.0	83.0	18.0	348.0	10.4	10.4
2025/07/14 18:41:28	1013.9	1.0	27.4	27.4	83.0	82.0	15.0	345.0	10.3	10.3
2025/07/14 18:41:29	1013.9	1.0	27.4	27.4	83.0	82.0	15.0	345.0	10.1	10.1
2025/07/14 18:41:30	1013.9	1.0	27.4	27.4	83.0	82.0	14.0	344.0	9.4	9.6
2025/07/14 18:41:31	1013.9	1.0	27.4	27.4	83.0	83.0	13.0	344.0	9.9	9.9
2025/07/14 18:41:32	1013.9	1.0	27.4	27.4	83.0	83.0	12.0	343.0	10.2	10.2
2025/07/14 18:41:33	1013.9	1.0	27.4	27.4	83.0	83.0	13.0	344.0	10.5	10.5
2025/07/14 18:41:34	1013.9	1.0	27.4	27.4	83.0	83.0	11.0	342.0	10.2	10.2
2025/07/14 18:41:35	1013.9	1.0	27.4	27.4	83.0	83.0	11.0	342.0	9.9	10.1
2025/07/14 18:41:36	1013.9	1.0	27.4	27.4	83.0	83.0	12.0	343.0	10.0	10.2
2025/07/14 18:41:37	1013.9	1.0	27.4	27.4	83.0	83.0	14.0	344.0	10.6	10.6
2025/07/14 18:41:38	1013.9	1.0	27.4	27.4	83.0	83.0	16.0	346.0	10.4	10.4
2025/07/14 18:41:39	1013.9	1.0	27.4	27.4	83.0	83.0	15.0	345.0	10.3	10.3
2025/07/14 18:41:40	1013.9	1.0	27.4	27.4	83.0	83.0	14.0	345.0	10.1	10.1
2025/07/14 18:41:41	1013.9	1.0	27.4	27.4	83.0	83.0	15.0	345.0	9.9	9.9
2025/07/14 18:41:42	1013.9	1.0	27.4	27.4	83.0	83.0	15.0	345.0	10.2	10.2
2025/07/14 18:41:43	1013.9	1.0	27.4	27.4	83.0	83.0	15.0	346.0	10.4	10.4
2025/07/14 18:41:44	1013.9	1.0	27.4	27.4	83.0	83.0	15.0	345.0	10.4	10.4
2025/07/14 18:41:45	1013.9	1.0	27.4	27.4	83.0	83.0	13.0	344.0	10.1	10.1
2025/07/14 18:41:46	1013.9	1.0	27.4	27.4	83.0	83.0	11.0	342.0	10.0	10.0
2025/07/14 18:41:47	1013.9	1.0	27.4	27.4	83.0	83.0	10.0	341.0	10.2	10.2
2025/07/14 18:41:48	1013.9	1.0	27.4	27.4	83.0	83.0	10.0	340.0	10.7	10.7
2025/07/14 18:41:49	1013.9	1.0	27.4	27.4	83.0	83.0	11.0	341.0	11.0	11.0
2025/07/14 18:41:50	1013.9	1.0	27.4	27.4	83.0	82.0	12.0	342.0	10.9	10.9
2025/07/14 18:41:51	1013.9	1.0	27.4	27.4	83.0	82.0	14.0	344.0	10.7	10.7
2025/07/14 18:41:52	1013.9	1.0	27.4	27.4	83.0	82.0	14.0	345.0	10.5	10.5
2025/07/14 18:41:53	1013.9	1.0	27.4	27.4	83.0	82.0	14.0	345.0	10.4	10.4
2025/07/14 18:41:54	1013.9	1.0	27.4	27.4	83.0	82.0	15.0	345.0	10.2	10.2
2025/07/14 18:41:55	1013.9	1.0	27.4	27.5	83.0	83.0	15.0	345.0	10.2	10.2
2025/07/14 18:41:56	1013.9	1.0	27.4	27.5	83.0	83.0	16.0	347.0	9.9	9.9
2025/07/14 18:41:57	1013.9	1.0	27.4	27.5	83.0	83.0	15.0	345.0	9.8	9.8
2025/07/14 18:41:58	1013.9	1.0	27.4	27.5	83.0	82.0	15.0	346.0	9.6	9.6
2025/07/14 18:41:59	1013.9	1.0	27.4	27.5	83.0	82.0	14.0	345.0	9.6	9.6
2025/07/14 18:42:00	1013.9	1.0	27.4	27.5	83.0	82.0	13.0	344.0	9.9	9.9
2025/07/14 18:42:01	1013.9	1.0	27.4	27.5	83.0	82.0	11.0	342.0	10.0	10.0
2025/07/14 18:42:02	1013.9	1.0	27.4	27.5	83.0	82.0	9.0	339.0	10.1	10.1
2025/07/14 18:42:03	1013.9	1.0	27.4	27.5	83.0	82.0	11.0	342.0	10.2	10.2
2025/07/14 18:42:04	1013.9	1.0	27.4	27.5	83.0	82.0	12.0	342.0	10.4	10.4
2025/07/14 18:42:05	1013.9	1.0	27.4	27.5	83.0	82.0	13.0	343.0	10.3	10.3
2025/07/14 18:42:06	1013.9	1.0	27.4	27.5	83.0	83.0	13.0	343.0	10.2	10.2
2025/07/14 18:42:07	1013.9	1.0	27.4	27.5	83.0	83.0	14.0	344.0	9.9	9.9
2025/07/14 18:42:08	1013.9	1.0	27.4	27.5	83.0	83.0	14.0	344.0	9.4	9.4
2025/07/14 18:42:09	1013.9	1.0	27.4	27.5	83.0	83.0	16.0	346.0	9.4	9.4
2025/07/14 18:42:10	1013.9	1.0	27.4	27.5	83.0	83.0	18.0	348.0	9.7	9.7
2025/07/14 18:42:11	1013.9	1.0	27.4	27.5	83.0	82.0	16.0	346.0	10.0	10.0
2025/07/14 18:42:12	1013.9	1.0	27.4	27.5	83.0	82.0	15.0	346.0	9.7	9.7
2025/07/14 18:42:13	1013.9	1.0	27.4	27.5	83.0	83.0	11.0	342.0	9.3	9.3
2025/07/14 18:42:14	1013.9	1.0	27.4	27.5	83.0	83.0	8.0	339.0	9.6	9.6
2025/07/14 18:42:15	1013.9	1.0	27.4	27.5	83.0	83.0	10.0	341.0	10.2	10.2
2025/07/14 18:42:16	1013.9	1.0	27.4	27.5	83.0	83.0	11.0	342.0	10.6	10.6
2025/07/14 18:42:17	1013.9	1.0	27.4	27.5	83.0	83.0	12.0	342.0	10.3	10.3
2025/07/14 18:42:18	1013.9	1.0	27.4	27.5	83.0	83.0	13.0	344.0	9.9	9.9
2025/07/14 18:42:19	1013.9	1.0	27.4	27.5	83.0	83.0	13.0	344.0	9.7	9.7
2025/07/14 18:42:20	1013.9	1.0	27.4	27.5	83.0	83.0	13.0	344.0	9.8	9.8
2025/07/14 18:42:21	1013.9	1.0	27.4	27.5	83.0	83.0	15.0	345.0	9.9	9.9
2025/07/14 18:42:22	1013.9	1.0	27.4	27.5	83.0	83.0	16.0	346.0	10.1	10.1
2025/07/14 18:42:23	1013.9	1.0	27.4	27.5	83.0	83.0	16.0	347.0	9.8	9.8
2025/07/14 18:42:24	1013.9	1.0	27.4	27.5	83.0	83.0	16.0	347.0	9.6	9.6
2025/07/14 18:42:25	1013.9	1.0	27.4	27.5	83.0	83.0	15.0	345.0	9.7	9.7
2025/07/14 18:42:26	1013.9	1.0	27.4	27.5	83.0	82.0	13.0	343.0	9.7	9.7
2025/07/14 18:42:27	1013.9	1.0	27.4	27.5	83.0	82.0	11.0	342.0	10.0	10.0
2025/07/14 18:42:28	1013.9	1.0	27.4	27.5	83.0	82.0	10.0	341.0	10.2	10.2
2025/07/14 18:42:29	1013.9	1.0	27.4	27.5	83.0	82.0	9.0	339.0	10.3	10.3
2025/07/14 18:42:30	1013.9	1.0	27.4	27.5	83.0	82.0	9.0	339.0	10.2	10.2
2025/07/14 18:42:31	1013.9	1.0	27.4	27.5	83.0	82.0	11.0	341.0	10.0	10.0
2025/07/14 18:42:32	1013.9	1.0	27.4	27.5	83.0	82.0	12.0	343.0	10.0	10.0
2025/07/14 18:42:33	1013.9	1.0	27.4	27.5	83.0	82.0	10.0	341.0	10.5	10.5
2025/07/14 18:42:34	1013.9	1.0	27.4	27.5	83.0	82.0	13.0	343.0	10.4	10.4
2025/07/14 18:42:35	1013.9	1.0	27.4	27.5	83.0	82.0	13.0	343.0	10.3	10.3
2025/07/14 18:42:36	1013.9	1.0	27.4	27.5	83.0	82.0	13.0	343.0	10.2	10.2
2025/07/14 18:42:37	1013.9	1.0	27.4	27.5	83.0	82.0	13.0	343.0	10.4	10.4
2025/07/14 18:42:38	1013.9	1.0	27.4	27.5	83.0	82.0	12.0	343.0	10.2	10.2
2025/07/14 18:42:39	1013.9	1.0	27.4	27.5	83.0	83.0	12.0	343.0	10.4	10.4
2025/07/14 18:42:40	1013.9	1.0	27.4	27.5	83.0	83.0	12.0	343.0	10.8	10.8
2025/07/14 18:42:41	1013.9	1.0	27.4	27.5	83.0	83.0	10.0	340.0	11.0	11.0
2025/07/14 18:42:42	1013.9	1.0	27.4	27.5	83.0	83.0	10.0	341.0	10.7	10.7
2025/07/14 18:42:43	1013.9	1.0	27.4	27.5	83.0	83.0	10.0	340.0	10.4	10.4
2025/07/14 18:42:44	1013.9	1.0	27.4	27.5	83.0	83.0	10.0	341.0	10.3	10.3
2025/07/14 18:42:45	1013.9	1.0	27.4	27.5	83.0	83.0	10.0	341.0	10.2	10.2
2025/07/14 18:42:46	1014.0	1.0	27.4	27.5	83.0	83.0	12.0	343.0	10.2	10.2
2025/07/14 18:42:47	1014.0	1.0	27.4	27.5	83.0	83.0	14.0	345.0	10.2	10.2
2025/07/14 18:42:48	1014.0	1.0	27.4	27.5	83.0	83.0	15.0	347.0	9.9	9.9
2025/07/14 18:42:49	1014.0	1.0	27.4	27.5	83.0	83.0	14.0	345.0	9.5	9.7
2025/07/14 18:42:50	1014.0	1.0	27.4	27.5	83.0	82.0	14.0	344.0	10.1	10.1
2025/07/14 18:42:51	1014.0	1.0	27.4	27.5	83.0	82.0	15.0	345.0	10.1	10.1
2025/07/14 18:42:52	1014.0	1.0	27.4	27.5	83.0	82.0	13.0	344.0	9.7	10.0
2025/07/14 18:42:53	1014.0	1.0	27.4	27.5	83.0	83.0	12.0	343.0	10.0	10.4
2025/07/14 18:42:54	1014.0	1.0	27.4	27.5	83.0	83.0	13.0	345.0	10.1	10.4
2025/07/14 18:42:55	1013.9	1.0	27.4	27.5	83.0	83.0	15.0	346.0	10.1	10.1
2025/07/14 18:42:56	1013.9	1.0	27.4	27.5	83.0	83.0	14.0	346.0	9.8	10.1
2025/07/14 18:42:57	1013.9	1.0	27.4	27.5	83.0	83.0	15.0	346.0	9.9	10.2
2025/07/14 18:42:58	1013.9	1.0	27.4	27.5	83.0	83.0	12.0	344.0	10.0	10.3
2025/07/14 18:42:59	1013.9	1.0	27.4	27.5	83.0	83.0	11.0	342.0	10.3	10.3
2025/07/14 18:43:00	1013.9	1.0	27.4	27.5	83.0	83.0	10.0	341.0	10.3	10.3
2025/07/14 18:43:01	1013.9	1.0	27.4	27.5	83.0	83.0	10.0	341.0	10.3	10.3
2025/07/14 18:43:02	1013.9	1.0	27.4	27.5	83.0	83.0	11.0	343.0	10.1	10.3
2025/07/14 18:43:03	1013.9	1.0	27.4	27.5	83.0	83.0	13.0	345.0	9.9	10.2
2025/07/14 18:43:04	1013.9	1.0	27.4	27.5	83.0	83.0	15.0	346.0	9.9	9.9
2025/07/14 18:43:05	1013.9	1.0	27.4	27.5	83.0	83.0	16.0	347.0	9.5	9.5
2025/07/14 18:43:06	1013.9	1.0	27.4	27.5	83.0	83.0	16.0	347.0	9.3	9.3
2025/07/14 18:43:07	1013.9	1.0	27.4	27.5	83.0	83.0	17.0	348.0	9.3	9.3
2025/07/14 18:43:08	1013.9	1.0	27.4	27.5	83.0	83.0	17.0	348.0	9.4	9.4
2025/07/14 18:43:09	1013.9	1.0	27.4	27.5	83.0	82.0	15.0	346.0	9.8	9.8
2025/07/14 18:43:10	1013.9	1.0	27.4	27.5	83.0	82.0	14.0	345.0	9.9	9.9
2025/07/14 18:43:11	1013.9	1.0	27.4	27.5	83.0	83.0	13.0	344.0	9.8	9.8
2025/07/14 18:43:12	1013.9	1.0	27.4	27.5	83.0	83.0	11.0	342.0	9.8	9.8
2025/07/14 18:43:13	1013.9	1.0	27.4	27.5	83.0	83.0	11.0	342.0	9.5	9.5
2025/07/14 18:43:14	1013.9	1.0	27.4	27.5	83.0	83.0	11.0	342.0	9.7	9.7
2025/07/14 18:43:15	1013.9	1.0	27.4	27.5	83.0	83.0	13.0	344.0	9.8	9.8
2025/07/14 18:43:16	1013.9	1.0	27.4	27.5	83.0	83.0	13.0	344.0	9.7	9.7
2025/07/14 18:43:17	1013.9	1.0	27.4	27.5	83.0	83.0	14.0	345.0	9.7	9.7
2025/07/14 18:43:18	1013.9	1.0	27.4	27.5	83.0	83.0	14.0	345.0	10.0	10.0
2025/07/14 18:43:19	1013.9	1.0	27.4	27.5	83.0	83.0	17.0	348.0	9.8	10.1
2025/07/14 18:43:20	1013.9	1.0	27.4	27.5	83.0	83.0	18.0	349.0	9.4	9.7
2025/07/14 18:43:21	1013.9	1.0	27.4	27.5	83.0	83.0	16.0	347.0	9.7	9.7
2025/07/14 18:43:22	1013.9	1.0	27.4	27.5	83.0	83.0	17.0	348.0	9.6	9.6
2025/07/14 18:43:23	1013.9	1.0	27.4	27.5	83.0	83.0	15.0	346.0	9.8	9.8
2025/07/14 18:43:24	1013.9	1.0	27.4	27.5	83.0	83.0	13.0	344.0	9.6	9.6
2025/07/14 18:43:25	1013.9	1.0	27.4	27.5	83.0	83.0	11.0	343.0	9.9	9.9
2025/07/14 18:43:26	1013.9	1.0	27.4	27.5	83.0	83.0	9.0	341.0	10.3	10.3
2025/07/14 18:43:27	1013.9	1.0	27.4	27.5	83.0	83.0	8.0	339.0	10.1	10.1
2025/07/14 18:43:28	1013.9	1.0	27.4	27.5	83.0	83.0	8.0	339.0	10.4	10.4
2025/07/14 18:43:29	1013.9	1.0	27.4	27.5	83.0	83.0	9.0	341.0	10.1	10.1
2025/07/14 18:43:30	1013.9	1.0	27.4	27.5	83.0	83.0	12.0	343.0	9.8	9.8
2025/07/14 18:43:31	1013.9	1.0	27.4	27.5	83.0	83.0	16.0	347.0	9.4	9.4
2025/07/14 18:43:32	1013.9	1.0	27.4	27.5	83.0	83.0	20.0	351.0	9.4	9.4
2025/07/14 18:43:33	1013.9	1.0	27.4	27.5	83.0	83.0	20.0	352.0	9.1	9.1
2025/07/14 18:43:34	1013.9	1.0	27.4	27.5	83.0	83.0	18.0	349.0	9.2	9.2
2025/07/14 18:43:35	1013.9	1.0	27.4	27.5	83.0	83.0	14.0	346.0	9.4	9.4
2025/07/14 18:43:36	1013.9	1.0	27.4	27.5	83.0	83.0	12.0	343.0	9.9	9.9
2025/07/14 18:43:37	1013.9	1.0	27.4	27.5	83.0	83.0	11.0	343.0	9.8	9.8
2025/07/14 18:43:38	1013.9	1.0	27.4	27.5	83.0	83.0	12.0	344.0	9.5	9.5
2025/07/14 18:43:39	1013.9	1.0	27.4	27.5	83.0	83.0	12.0	343.0	9.5	9.5
2025/07/14 18:43:40	1013.9	1.0	27.4	27.5	83.0	83.0	11.0	342.0	9.5	9.5
2025/07/14 18:43:41	1013.9	1.0	27.4	27.5	83.0	83.0	12.0	344.0	9.2	9.2
2025/07/14 18:43:42	1013.9	1.0	27.4	27.5	83.0	83.0	13.0	344.0	9.0	9.0
2025/07/14 18:43:43	1013.9	1.0	27.4	27.5	83.0	83.0	13.0	345.0	9.0	9.0
2025/07/14 18:43:44	1013.9	1.0	27.4	27.5	83.0	83.0	13.0	344.0	8.9	8.9
2025/07/14 18:43:45	1013.9	1.0	27.4	27.5	83.0	83.0	18.0	350.0	9.1	9.1
2025/07/14 18:43:46	1013.9	1.0	27.4	27.5	83.0	83.0	19.0	350.0	9.0	9.0
2025/07/14 18:43:47	1013.9	1.0	27.4	27.5	83.0	83.0	18.0	349.0	8.9	8.9
2025/07/14 18:43:48	1013.9	1.0	27.4	27.5	83.0	83.0	16.0	348.0	9.0	9.0
2025/07/14 18:43:49	1013.9	1.0	27.4	27.5	83.0	83.0	15.0	347.0	9.2	9.2
2025/07/14 18:43:50	1013.9	1.0	27.4	27.5	83.0	83.0	12.0	343.0	9.1	9.1
2025/07/14 18:43:51	1013.9	1.0	27.4	27.5	83.0	83.0	11.0	342.0	9.2	9.2
2025/07/14 18:43:52	1013.9	1.0	27.4	27.5	83.0	83.0	11.0	342.0	9.3	9.3
2025/07/14 18:43:53	1013.9	1.0	27.4	27.5	83.0	83.0	11.0	342.0	9.7	9.7
2025/07/14 18:43:54	1013.9	1.0	27.4	27.5	83.0	83.0	8.0	340.0	9.9	9.9
2025/07/14 18:43:55	1013.9	1.0	27.4	27.5	83.0	83.0	11.0	342.0	9.6	9.6
2025/07/14 18:43:56	1013.9	1.0	27.4	27.5	83.0	83.0	13.0	344.0	10.3	10.3
2025/07/14 18:43:57	1013.9	1.0	27.5	27.5	83.0	83.0	12.0	344.0	10.3	10.3
2025/07/14 18:43:58	1014.0	1.0	27.5	27.5	83.0	83.0	9.0	341.0	9.7	9.7
2025/07/14 18:43:59	1014.0	1.0	27.5	27.5	83.0	83.0	12.0	343.0	9.1	9.1
2025/07/14 18:44:00	1014.0	1.0	27.4	27.5	83.0	83.0	13.0	344.0	8.8	8.8
2025/07/14 18:44:01	1014.0	1.0	27.4	27.5	83.0	83.0	16.0	347.0	9.2	9.2
2025/07/14 18:44:02	1014.0	1.0	27.5	27.5	83.0	83.0	17.0	348.0	9.4	9.4
2025/07/14 18:44:03	1014.0	1.0	27.5	27.5	83.0	83.0	15.0	347.0	9.0	9.0
2025/07/14 18:44:04	1014.0	1.0	27.5	27.5	83.0	83.0	14.0	345.0	9.0	9.0
2025/07/14 18:44:05	1014.0	1.0	27.5	27.5	83.0	83.0	12.0	344.0	9.2	9.2
2025/07/14 18:44:06	1014.0	1.0	27.5	27.5	83.0	83.0	9.0	341.0	9.5	9.5
2025/07/14 18:44:07	1013.9	1.0	27.5	27.5	83.0	83.0	9.0	340.0	9.3	9.3
2025/07/14 18:44:08	1013.9	1.0	27.5	27.5	83.0	83.0	10.0	342.0	9.2	9.2
2025/07/14 18:44:09	1013.9	1.0	27.5	27.5	83.0	83.0	11.0	342.0	9.3	9.3
2025/07/14 18:44:10	1013.9	1.0	27.4	27.5	83.0	83.0	12.0	343.0	9.6	9.6
2025/07/14 18:44:11	1013.9	1.0	27.4	27.5	83.0	83.0	14.0	345.0	9.7	9.7
2025/07/14 18:44:12	1013.9	1.0	27.4	27.5	83.0	83.0	15.0	346.0	9.6	9.6
2025/07/14 18:44:13	1013.9	1.0	27.5	27.5	83.0	83.0	17.0	348.0	10.1	10.1
2025/07/14 18:44:14	1013.9	1.0	27.5	27.5	83.0	83.0	19.0	350.0	9.9	9.9
2025/07/14 18:44:15	1013.9	1.0	27.5	27.5	84.0	83.0	19.0	350.0	10.1	10.1
2025/07/14 18:44:16	1013.9	1.0	27.5	27.5	84.0	83.0	18.0	349.0	9.9	9.9
2025/07/14 18:44:17	1013.9	1.0	27.5	27.5	84.0	83.0	15.0	346.0	9.7	9.7
2025/07/14 18:44:18	1013.9	1.0	27.4	27.5	83.0	83.0	10.0	341.0	9.6	9.6
2025/07/14 18:44:19	1013.9	1.0	27.4	27.5	83.0	83.0	12.0	343.0	9.7	9.7
2025/07/14 18:44:20	1013.9	1.0	27.4	27.5	84.0	83.0	13.0	344.0	10.2	10.2
2025/07/14 18:44:21	1013.9	1.0	27.4	27.5	84.0	83.0	13.0	344.0	10.4	10.4
2025/07/14 18:44:22	1013.9	1.0	27.4	27.5	84.0	83.0	10.0	342.0	10.2	10.2
2025/07/14 18:44:23	1013.9	1.0	27.4	27.5	83.0	83.0	6.0	337.0	9.5	9.5
2025/07/14 18:44:24	1013.9	1.0	27.4	27.5	83.0	83.0	9.0	339.0	8.7	8.7
2025/07/14 18:44:25	1013.9	1.0	27.5	27.5	83.0	83.0	12.0	343.0	8.7	8.7
2025/07/14 18:44:26	1013.9	1.0	27.5	27.5	83.0	83.0	17.0	347.0	9.3	9.3
2025/07/14 18:44:27	1013.9	1.0	27.5	27.5	83.0	83.0	17.0	348.0	10.0	10.0
2025/07/14 18:44:28	1013.9	1.0	27.5	27.5	84.0	83.0	20.0	350.0	10.2	10.2
2025/07/14 18:44:29	1013.9	1.0	27.5	27.5	84.0	83.0	20.0	350.0	9.8	9.8
2025/07/14 18:44:30	1013.9	1.0	27.5	27.5	84.0	83.0	20.0	351.0	9.6	9.6
2025/07/14 18:44:31	1013.9	1.0	27.5	27.5	84.0	83.0	18.0	349.0	9.2	9.2
2025/07/14 18:44:32	1013.9	1.0	27.5	27.5	84.0	83.0	16.0	347.0	9.2	9.2
2025/07/14 18:44:33	1013.9	1.0	27.4	27.5	83.0	83.0	17.0	347.0	9.8	9.8
2025/07/14 18:44:34	1014.0	1.0	27.4	27.5	83.0	83.0	16.0	346.0	10.0	10.0
2025/07/14 18:44:35	1014.0	1.0	27.4	27.5	83.0	83.0	14.0	345.0	9.8	9.8
2025/07/14 18:44:36	1014.0	1.0	27.5	27.5	83.0	83.0	15.0	346.0	9.6	9.6
2025/07/14 18:44:37	1014.0	1.0	27.5	27.5	83.0	83.0	15.0	345.0	9.2	9.2
2025/07/14 18:44:38	1014.0	1.0	27.5	27.5	83.0	83.0	15.0	346.0	9.0	9.0
2025/07/14 18:44:39	1014.0	1.0	27.4	27.5	83.0	83.0	16.0	347.0	9.5	9.5
2025/07/14 18:44:40	1014.0	1.0	27.4	27.5	83.0	83.0	18.0	349.0	9.5	9.5
2025/07/14 18:44:41	1014.0	1.0	27.4	27.5	83.0	83.0	18.0	348.0	9.2	9.2
2025/07/14 18:44:42	1014.0	1.0	27.4	27.5	83.0	83.0	17.0	348.0	9.3	9.3
2025/07/14 18:44:43	1014.0	1.0	27.4	27.5	83.0	83.0	16.0	346.0	9.2	9.2
2025/07/14 18:44:44	1014.0	1.0	27.4	27.5	83.0	83.0	14.0	344.0	9.2	9.2
2025/07/14 18:44:45	1014.0	1.0	27.4	27.5	83.0	83.0	15.0	345.0	9.4	9.4
2025/07/14 18:44:46	1014.0	1.0	27.4	27.5	83.0	83.0	13.0	343.0	9.4	9.4
2025/07/14 18:44:47	1014.0	1.0	27.4	27.5	83.0	83.0	13.0	344.0	9.3	9.3
2025/07/14 18:44:48	1014.0	1.0	27.4	27.5	83.0	83.0	12.0	342.0	9.0	9.0
2025/07/14 18:44:49	1014.0	1.0	27.4	27.5	83.0	83.0	11.0	342.0	9.0	9.0
2025/07/14 18:44:50	1014.0	1.0	27.4	27.5	83.0	83.0	11.0	341.0	8.9	8.9
2025/07/14 18:44:51	1014.0	1.0	27.4	27.5	83.0	83.0	13.0	343.0	9.0	9.0
2025/07/14 18:44:52	1014.0	1.0	27.4	27.5	83.0	83.0	12.0	342.0	9.2	9.2
2025/07/14 18:44:53	1014.0	1.0	27.4	27.5	83.0	83.0	12.0	342.0	9.8	9.8
2025/07/14 18:44:54	1014.0	1.0	27.4	27.5	83.0	83.0	13.0	343.0	9.6	9.6
2025/07/14 18:44:55	1014.0	1.0	27.4	27.5	83.0	83.0	14.0	344.0	9.4	9.4
2025/07/14 18:44:56	1014.0	1.0	27.4	27.5	83.0	83.0	13.0	343.0	9.0	9.0
2025/07/14 18:44:57	1014.0	1.0	27.4	27.5	83.0	83.0	13.0	343.0	8.8	8.8
2025/07/14 18:44:58	1014.0	1.0	27.4	27.5	83.0	83.0	11.0	341.0	9.1	9.1
2025/07/14 18:44:59	1014.0	1.0	27.4	27.5	83.0	83.0	11.0	341.0	9.3	9.3
2025/07/14 18:45:00	1014.0	1.0	27.4	27.5	83.0	83.0	10.0	339.0	9.5	9.5
2025/07/14 18:45:01	1013.9	1.0	27.4	27.5	83.0	83.0	9.0	338.0	9.7	9.7
2025/07/14 18:45:02	1013.9	1.0	27.4	27.5	83.0	83.0	7.0	337.0	9.6	9.6
2025/07/14 18:45:03	1013.9	1.0	27.4	27.5	83.0	83.0	6.0	336.0	9.4	9.4
2025/07/14 18:45:04	1013.9	1.0	27.5	27.5	83.0	83.0	7.0	337.0	9.3	9.3
2025/07/14 18:45:05	1013.9	1.0	27.5	27.5	83.0	83.0	13.0	342.0	9.2	9.2
2025/07/14 18:45:06	1013.9	1.0	27.5	27.5	83.0	83.0	13.0	344.0	8.7	8.9
2025/07/14 18:45:07	1013.9	1.0	27.4	27.5	83.0	83.0	13.0	344.0	8.4	8.7
2025/07/14 18:45:08	1013.9	1.0	27.4	27.5	83.0	83.0	13.0	344.0	8.8	9.0
2025/07/14 18:45:09	1014.0	1.0	27.5	27.5	83.0	83.0	15.0	345.0	8.6	8.6
2025/07/14 18:45:10	1014.0	1.0	27.5	27.5	83.0	83.0	13.0	343.0	8.5	8.5
2025/07/14 18:45:11	1014.0	1.0	27.5	27.5	83.0	83.0	14.0	344.0	8.5	8.5
2025/07/14 18:45:12	1014.0	1.0	27.5	27.5	83.0	83.0	15.0	345.0	8.8	8.8
2025/07/14 18:45:13	1014.0	1.0	27.5	27.5	83.0	83.0	14.0	344.0	8.8	8.8
2025/07/14 18:45:14	1014.0	1.0	27.5	27.5	84.0	83.0	15.0	344.0	8.7	8.7
2025/07/14 18:45:15	1014.0	1.0	27.5	27.5	84.0	83.0	13.0	343.0	9.4	9.4
2025/07/14 18:45:16	1014.0	1.0	27.5	27.5	84.0	83.0	14.0	344.0	9.7	9.7
2025/07/14 18:45:17	1014.0	1.0	27.5	27.5	84.0	83.0	13.0	343.0	9.8	9.8
2025/07/14 18:45:18	1014.0	1.0	27.5	27.5	84.0	83.0	12.0	343.0	9.6	9.6
2025/07/14 18:45:19	1014.0	1.0	27.5	27.5	84.0	83.0	10.0	340.0	9.3	9.3
2025/07/14 18:45:20	1014.0	1.0	27.5	27.5	84.0	83.0	10.0	340.0	9.5	9.5
2025/07/14 18:45:21	1014.0	1.0	27.5	27.5	84.0	83.0	12.0	342.0	10.0	10.0
2025/07/14 18:45:22	1014.0	1.0	27.5	27.5	84.0	83.0	12.0	342.0	9.8	9.8
2025/07/14 18:45:23	1014.0	1.0	27.5	27.5	84.0	83.0	12.0	343.0	9.7	9.7
2025/07/14 18:45:24	1014.0	1.0	27.5	27.5	84.0	83.0	13.0	343.0	9.5	9.5
2025/07/14 18:45:25	1014.0	1.0	27.5	27.5	83.0	83.0	15.0	344.0	9.5	9.5
2025/07/14 18:45:26	1014.0	1.0	27.5	27.5	83.0	83.0	17.0	347.0	9.4	9.4
2025/07/14 18:45:27	1013.9	1.0	27.5	27.5	83.0	83.0	18.0	348.0	9.0	9.0
2025/07/14 18:45:28	1013.9	1.0	27.5	27.5	83.0	83.0	20.0	350.0	9.3	9.3
2025/07/14 18:45:29	1013.9	1.0	27.5	27.5	83.0	83.0	18.0	349.0	9.6	9.6
2025/07/14 18:45:30	1013.9	1.0	27.5	27.5	83.0	83.0	15.0	346.0	9.9	9.9
2025/07/14 18:45:31	1013.9	1.0	27.5	27.5	83.0	83.0	14.0	345.0	9.7	9.7
2025/07/14 18:45:32	1013.9	1.0	27.5	27.5	83.0	83.0	13.0	343.0	9.2	9.2
2025/07/14 18:45:33	1013.9	1.0	27.5	27.5	84.0	83.0	11.0	341.0	9.5	9.5
2025/07/14 18:45:34	1013.9	1.0	27.5	27.5	84.0	83.0	18.0	348.0	9.4	9.4
2025/07/14 18:45:35	1013.9	1.0	27.5	27.5	84.0	83.0	16.0	346.0	9.3	9.3
2025/07/14 18:45:36	1014.0	1.0	27.5	27.5	84.0	83.0	12.0	343.0	9.2	9.2
2025/07/14 18:45:37	1014.0	1.0	27.5	27.5	84.0	83.0	13.0	343.0	9.4	9.4
2025/07/14 18:45:38	1014.0	1.0	27.5	27.5	83.0	83.0	14.0	344.0	9.1	9.1
2025/07/14 18:45:39	1014.0	1.0	27.5	27.5	83.0	83.0	13.0	343.0	9.2	9.2
2025/07/14 18:45:40	1014.0	1.0	27.5	27.5	83.0	83.0	13.0	344.0	9.1	9.1
2025/07/14 18:45:41	1014.0	1.0	27.5	27.5	84.0	83.0	17.0	348.0	9.1	9.1
2025/07/14 18:45:42	1014.0	1.0	27.5	27.5	84.0	83.0	16.0	347.0	9.4	9.4
2025/07/14 18:45:43	1014.0	1.0	27.5	27.5	83.0	83.0	15.0	346.0	9.4	9.4
2025/07/14 18:45:44	1014.0	1.0	27.5	27.5	83.0	83.0	18.0	348.0	9.0	9.0
2025/07/14 18:45:45	1013.9	1.0	27.5	27.5	83.0	83.0	18.0	348.0	8.6	8.6
2025/07/14 18:45:46	1013.9	1.0	27.5	27.5	84.0	83.0	17.0	347.0	8.6	8.6
2025/07/14 18:45:47	1013.9	1.0	27.5	27.6	84.0	83.0	14.0	344.0	9.2	9.2
2025/07/14 18:45:48	1013.9	1.0	27.5	27.6	84.0	83.0	14.0	344.0	9.4	9.4
2025/07/14 18:45:49	1013.9	1.0	27.5	27.6	84.0	83.0	14.0	345.0	9.2	9.2
2025/07/14 18:45:50	1013.9	1.0	27.5	27.6	84.0	83.0	16.0	346.0	9.1	9.1
2025/07/14 18:45:51	1013.9	1.0	27.5	27.6	84.0	83.0	16.0	346.0	9.3	9.3
2025/07/14 18:45:52	1013.9	1.0	27.5	27.6	84.0	83.0	17.0	347.0	9.0	9.0
2025/07/14 18:45:53	1013.9	1.0	27.5	27.6	84.0	83.0	17.0	347.0	9.2	9.2
2025/07/14 18:45:54	1013.9	1.0	27.5	27.6	84.0	83.0	19.0	349.0	9.8	9.8
2025/07/14 18:45:55	1013.9	1.0	27.5	27.6	84.0	84.0	22.0	352.0	9.9	9.9
2025/07/14 18:45:56	1013.9	1.0	27.5	27.6	84.0	84.0	25.0	355.0	9.5	9.5
2025/07/14 18:45:57	1013.9	1.0	27.5	27.6	84.0	84.0	25.0	355.0	9.3	9.3
2025/07/14 18:45:58	1013.9	1.0	27.5	27.6	84.0	84.0	23.0	353.0	9.3	9.3
2025/07/14 18:45:59	1013.9	1.0	27.5	27.6	84.0	84.0	22.0	352.0	9.4	9.4
2025/07/14 18:46:00	1013.9	1.0	27.5	27.6	84.0	84.0	19.0	349.0	9.6	9.6
2025/07/14 18:46:01	1013.9	1.0	27.5	27.6	84.0	83.0	17.0	347.0	9.9	9.9
2025/07/14 18:46:02	1013.9	1.0	27.5	27.6	84.0	83.0	16.0	346.0	9.8	9.8
2025/07/14 18:46:03	1013.9	1.0	27.5	27.6	84.0	83.0	17.0	347.0	9.4	9.4
2025/07/14 18:46:04	1013.9	1.0	27.5	27.6	84.0	83.0	16.0	346.0	8.8	8.8
2025/07/14 18:46:05	1013.9	1.0	27.5	27.6	84.0	83.0	19.0	350.0	8.6	8.6
2025/07/14 18:46:06	1013.9	1.0	27.5	27.5	84.0	83.0	21.0	351.0	9.0	9.0
2025/07/14 18:46:07	1013.9	1.0	27.5	27.5	83.0	83.0	20.0	350.0	8.9	8.9
2025/07/14 18:46:08	1013.9	1.0	27.5	27.5	83.0	83.0	22.0	352.0	9.1	9.1
2025/07/14 18:46:09	1013.9	1.0	27.5	27.5	83.0	83.0	18.0	348.0	8.9	8.9
2025/07/14 18:46:10	1013.9	1.0	27.4	27.5	83.0	83.0	19.0	349.0	8.6	8.6
2025/07/14 18:46:11	1013.9	1.0	27.4	27.5	83.0	82.0	21.0	351.0	8.4	8.4
2025/07/14 18:46:12	1013.9	1.0	27.4	27.5	83.0	82.0	17.0	347.0	9.0	9.0
2025/07/14 18:46:13	1013.9	1.0	27.4	27.5	83.0	82.0	18.0	348.0	9.1	9.1
2025/07/14 18:46:14	1013.9	1.0	27.4	27.5	83.0	82.0	14.0	345.0	8.7	8.7
2025/07/14 18:46:15	1013.9	1.0	27.4	27.5	83.0	82.0	14.0	344.0	9.1	9.1
2025/07/14 18:46:16	1013.9	1.0	27.4	27.5	83.0	82.0	19.0	349.0	9.0	9.0
2025/07/14 18:46:17	1013.9	1.0	27.4	27.5	83.0	82.0	19.0	349.0	9.5	9.5
2025/07/14 18:46:18	1013.9	1.0	27.4	27.5	83.0	82.0	19.0	349.0	10.0	10.0
2025/07/14 18:46:19	1013.9	1.0	27.4	27.5	83.0	83.0	19.0	349.0	10.1	10.1
2025/07/14 18:46:20	1013.9	1.0	27.4	27.5	83.0	83.0	19.0	349.0	9.9	9.9
2025/07/14 18:46:21	1014.0	1.0	27.4	27.5	83.0	83.0	19.0	349.0	9.8	9.8
2025/07/14 18:46:22	1014.0	1.0	27.5	27.5	83.0	83.0	21.0	351.0	9.3	9.3
2025/07/14 18:46:23	1014.0	1.0	27.5	27.5	83.0	83.0	20.0	351.0	9.2	9.2
2025/07/14 18:46:24	1014.0	1.0	27.5	27.5	83.0	83.0	18.0	348.0	9.1	9.1
2025/07/14 18:46:25	1014.0	1.0	27.5	27.5	83.0	83.0	18.0	348.0	9.3	9.3
2025/07/14 18:46:26	1014.0	1.0	27.5	27.5	83.0	83.0	20.0	350.0	9.2	9.2
2025/07/14 18:46:27	1014.0	1.0	27.5	27.5	83.0	83.0	18.0	349.0	8.7	8.7
2025/07/14 18:46:28	1014.0	1.0	27.5	27.5	83.0	83.0	12.0	343.0	9.6	9.6
2025/07/14 18:46:29	1014.0	1.0	27.5	27.5	83.0	83.0	12.0	343.0	9.8	9.8
2025/07/14 18:46:30	1013.9	1.0	27.5	27.5	83.0	83.0	12.0	343.0	9.1	9.1
2025/07/14 18:46:31	1013.9	1.0	27.5	27.5	83.0	83.0	12.0	343.0	8.4	8.4
2025/07/14 18:46:32	1013.9	1.0	27.5	27.6	83.0	83.0	11.0	342.0	8.4	8.4
2025/07/14 18:46:33	1013.9	1.0	27.5	27.6	84.0	83.0	12.0	342.0	8.9	8.9
2025/07/14 18:46:34	1013.9	1.0	27.5	27.6	84.0	83.0	12.0	342.0	9.3	9.3
2025/07/14 18:46:35	1013.9	1.0	27.5	27.6	84.0	83.0	12.0	343.0	9.7	9.7
2025/07/14 18:46:36	1013.9	1.0	27.5	27.6	84.0	83.0	15.0	345.0	9.8	9.8
2025/07/14 18:46:37	1013.9	1.0	27.5	27.6	84.0	83.0	15.0	346.0	9.6	9.6
2025/07/14 18:46:38	1013.9	1.0	27.5	27.6	84.0	83.0	18.0	349.0	9.1	9.1
2025/07/14 18:46:39	1014.0	1.0	27.5	27.6	84.0	83.0	19.0	350.0	9.4	9.4
2025/07/14 18:46:40	1014.0	1.0	27.5	27.6	84.0	83.0	16.0	347.0	9.2	9.2
2025/07/14 18:46:41	1014.0	1.0	27.5	27.6	84.0	83.0	14.0	344.0	9.2	9.2
2025/07/14 18:46:42	1014.0	1.0	27.5	27.6	84.0	83.0	12.0	343.0	9.0	9.0
2025/07/14 18:46:43	1014.0	1.0	27.5	27.6	84.0	83.0	13.0	344.0	9.2	9.2
2025/07/14 18:46:44	1014.0	1.0	27.5	27.6	84.0	83.0	13.0	344.0	9.4	9.4
2025/07/14 18:46:45	1014.0	1.0	27.5	27.6	84.0	83.0	12.0	343.0	9.7	9.7
2025/07/14 18:46:46	1014.0	1.0	27.5	27.6	83.0	83.0	15.0	346.0	9.4	9.4
2025/07/14 18:46:47	1014.0	1.0	27.5	27.6	83.0	83.0	14.0	345.0	9.3	9.3
2025/07/14 18:46:48	1014.0	1.0	27.5	27.6	83.0	83.0	14.0	345.0	9.1	9.1
2025/07/14 18:46:49	1014.0	1.0	27.5	27.6	83.0	83.0	14.0	345.0	9.2	9.2
2025/07/14 18:46:50	1014.0	1.0	27.5	27.6	83.0	83.0	14.0	344.0	8.9	8.9
2025/07/14 18:46:51	1014.0	1.0	27.5	27.6	83.0	83.0	16.0	347.0	9.4	9.4
2025/07/14 18:46:52	1014.0	1.0	27.5	27.6	83.0	83.0	18.0	349.0	10.1	10.1
2025/07/14 18:46:53	1014.0	1.0	27.5	27.6	83.0	83.0	18.0	349.0	9.7	9.7
2025/07/14 18:46:54	1014.0	1.0	27.5	27.6	83.0	83.0	18.0	349.0	9.7	9.7
2025/07/14 18:46:55	1014.0	1.0	27.5	27.6	83.0	83.0	15.0	345.0	9.3	9.3
2025/07/14 18:46:56	1014.0	1.0	27.5	27.6	83.0	83.0	14.0	345.0	9.5	9.5
2025/07/14 18:46:57	1014.0	1.0	27.5	27.6	83.0	83.0	14.0	345.0	10.1	10.1
2025/07/14 18:46:58	1014.0	1.0	27.5	27.6	83.0	83.0	14.0	344.0	10.3	10.3
2025/07/14 18:46:59	1014.0	1.0	27.5	27.6	83.0	83.0	13.0	344.0	10.2	10.2
2025/07/14 18:47:00	1014.0	1.0	27.5	27.6	83.0	83.0	10.0	341.0	9.8	9.8
2025/07/14 18:47:01	1014.0	1.0	27.5	27.5	83.0	83.0	10.0	341.0	9.8	9.8
2025/07/14 18:47:02	1014.0	1.0	27.4	27.5	83.0	83.0	10.0	341.0	9.9	9.9
2025/07/14 18:47:03	1014.0	1.0	27.4	27.5	83.0	83.0	13.0	344.0	9.7	9.7
2025/07/14 18:47:04	1014.0	1.0	27.4	27.5	83.0	82.0	17.0	347.0	9.5	9.5
2025/07/14 18:47:05	1014.0	1.0	27.4	27.5	83.0	82.0	19.0	349.0	9.5	9.5
2025/07/14 18:47:06	1014.0	1.0	27.4	27.5	83.0	82.0	16.0	346.0	9.3	9.3
2025/07/14 18:47:07	1014.0	1.0	27.4	27.5	83.0	82.0	12.0	343.0	9.0	9.0
2025/07/14 18:47:08	1014.0	1.0	27.4	27.5	83.0	82.0	14.0	344.0	9.0	9.0
2025/07/14 18:47:09	1014.0	1.0	27.4	27.5	83.0	82.0	15.0	345.0	9.3	9.3
2025/07/14 18:47:10	1014.0	1.0	27.4	27.5	83.0	82.0	13.0	343.0	9.8	9.8
2025/07/14 18:47:11	1014.0	1.0	27.4	27.5	83.0	82.0	10.0	341.0	9.7	9.7
2025/07/14 18:47:12	1014.0	1.0	27.4	27.5	83.0	82.0	14.0	345.0	9.5	9.5
2025/07/14 18:47:13	1014.0	1.0	27.4	27.5	83.0	82.0	16.0	346.0	9.6	9.6
2025/07/14 18:47:14	1014.0	1.0	27.4	27.5	83.0	82.0	12.0	343.0	10.0	10.2
2025/07/14 18:47:15	1014.0	1.0	27.4	27.5	83.0	82.0	14.0	344.0	10.4	10.4
2025/07/14 18:47:16	1014.0	1.0	27.4	27.5	83.0	82.0	15.0	345.0	10.1	10.1
2025/07/14 18:47:17	1014.0	1.0	27.4	27.5	83.0	82.0	13.0	343.0	10.6	10.6
2025/07/14 18:47:18	1014.0	1.0	27.4	27.5	83.0	82.0	13.0	344.0	10.2	10.5
2025/07/14 18:47:19	1014.0	1.0	27.4	27.5	83.0	82.0	17.0	347.0	9.8	10.2
2025/07/14 18:47:20	1014.0	1.0	27.4	27.5	83.0	82.0	19.0	349.0	9.3	9.6
2025/07/14 18:47:21	1014.0	1.0	27.4	27.5	83.0	82.0	23.0	353.0	8.9	8.9
2025/07/14 18:47:22	1014.0	1.0	27.4	27.5	83.0	82.0	23.0	353.0	8.7	8.7
2025/07/14 18:47:23	1014.0	1.0	27.4	27.5	83.0	82.0	22.0	353.0	9.1	9.1
2025/07/14 18:47:24	1013.9	1.0	27.4	27.5	83.0	82.0	19.0	350.0	9.4	9.7
2025/07/14 18:47:25	1013.9	1.0	27.4	27.5	83.0	82.0	16.0	347.0	9.2	9.5
2025/07/14 18:47:26	1013.9	1.0	27.4	27.5	83.0	82.0	14.0	344.0	9.3	9.3
2025/07/14 18:47:27	1013.9	1.0	27.4	27.5	83.0	82.0	12.0	342.0	9.1	9.1
2025/07/14 18:47:28	1013.9	1.0	27.4	27.5	83.0	82.0	11.0	341.0	9.1	9.1
2025/07/14 18:47:29	1013.9	1.0	27.4	27.5	83.0	82.0	11.0	342.0	9.1	9.3
2025/07/14 18:47:30	1013.9	1.0	27.4	27.5	83.0	82.0	13.0	344.0	9.2	9.5
2025/07/14 18:47:31	1013.9	1.0	27.4	27.5	83.0	82.0	18.0	348.0	9.3	9.6
2025/07/14 18:47:32	1013.9	1.0	27.4	27.5	83.0	82.0	18.0	348.0	9.6	9.6
2025/07/14 18:47:33	1013.9	1.0	27.4	27.5	83.0	82.0	16.0	346.0	9.7	9.7
2025/07/14 18:47:34	1013.9	1.0	27.4	27.5	83.0	82.0	16.0	346.0	9.7	9.7
2025/07/14 18:47:35	1013.9	1.0	27.4	27.5	83.0	82.0	18.0	348.0	9.8	9.8
2025/07/14 18:47:36	1013.9	1.0	27.4	27.5	83.0	82.0	19.0	349.0	9.2	9.2
2025/07/14 18:47:37	1013.9	1.0	27.4	27.5	83.0	82.0	18.0	348.0	8.9	8.9
2025/07/14 18:47:38	1013.9	1.0	27.4	27.5	83.0	82.0	17.0	347.0	8.9	8.9
2025/07/14 18:47:39	1013.9	1.0	27.4	27.5	83.0	82.0	15.0	345.0	9.8	9.8
2025/07/14 18:47:40	1013.9	1.0	27.4	27.5	83.0	82.0	12.0	343.0	9.6	9.8
2025/07/14 18:47:41	1013.9	1.0	27.4	27.5	83.0	82.0	10.0	340.0	10.0	10.0
2025/07/14 18:47:42	1013.9	1.0	27.4	27.5	83.0	82.0	9.0	339.0	10.2	10.2
2025/07/14 18:47:43	1013.9	1.0	27.4	27.5	83.0	82.0	12.0	342.0	10.3	10.3
2025/07/14 18:47:44	1013.9	1.0	27.4	27.5	83.0	82.0	12.0	342.0	10.3	10.3
2025/07/14 18:47:45	1013.9	1.0	27.4	27.5	83.0	82.0	14.0	345.0	9.8	10.0
2025/07/14 18:47:46	1013.9	1.0	27.4	27.5	83.0	82.0	17.0	347.0	9.7	10.0
2025/07/14 18:47:47	1013.9	1.0	27.4	27.5	83.0	82.0	19.0	349.0	10.1	10.1
2025/07/14 18:47:48	1013.9	1.0	27.4	27.5	83.0	82.0	18.0	348.0	10.2	10.2
2025/07/14 18:47:49	1013.9	1.0	27.4	27.5	83.0	82.0	16.0	347.0	10.3	10.3
2025/07/14 18:47:50	1013.9	1.0	27.4	27.5	83.0	82.0	16.0	347.0	10.4	10.4
2025/07/14 18:47:51	1014.0	1.0	27.4	27.5	83.0	82.0	17.0	347.0	10.3	10.3
2025/07/14 18:47:52	1014.0	1.0	27.4	27.5	83.0	82.0	17.0	348.0	10.1	10.1
2025/07/14 18:47:53	1014.0	1.0	27.4	27.5	83.0	82.0	17.0	348.0	9.8	9.8
2025/07/14 18:47:54	1014.0	1.0	27.4	27.5	83.0	82.0	17.0	347.0	10.0	10.0
2025/07/14 18:47:55	1014.0	1.0	27.4	27.5	83.0	82.0	16.0	347.0	10.3	10.3
2025/07/14 18:47:56	1014.0	1.0	27.4	27.5	83.0	82.0	16.0	346.0	10.1	10.1
2025/07/14 18:47:57	1014.0	1.0	27.4	27.5	83.0	82.0	16.0	347.0	9.6	9.6
2025/07/14 18:47:58	1014.0	1.0	27.4	27.5	83.0	82.0	17.0	348.0	9.0	9.0
2025/07/14 18:47:59	1014.0	1.0	27.4	27.5	83.0	82.0	18.0	348.0	9.6	9.6
2025/07/14 18:48:00	1013.9	1.0	27.4	27.5	83.0	82.0	19.0	350.0	10.0	10.0
2025/07/14 18:48:01	1013.9	1.0	27.4	27.5	83.0	82.0	20.0	351.0	9.8	9.8
2025/07/14 18:48:02	1013.9	1.0	27.4	27.5	83.0	82.0	19.0	350.0	10.0	10.0
2025/07/14 18:48:03	1013.9	1.0	27.4	27.5	83.0	82.0	18.0	349.0	9.6	9.6
2025/07/14 18:48:04	1013.9	1.0	27.4	27.5	83.0	82.0	16.0	347.0	9.5	9.5
2025/07/14 18:48:05	1013.9	1.0	27.4	27.5	83.0	82.0	16.0	347.0	9.5	9.5
2025/07/14 18:48:06	1013.9	1.0	27.4	27.5	83.0	82.0	16.0	347.0	9.8	9.8
2025/07/14 18:48:07	1013.9	1.0	27.4	27.5	83.0	82.0	14.0	345.0	9.7	9.7
2025/07/14 18:48:08	1013.9	1.0	27.4	27.5	83.0	82.0	13.0	344.0	9.7	9.7
2025/07/14 18:48:09	1014.0	1.0	27.4	27.5	83.0	82.0	12.0	343.0	10.4	10.4
2025/07/14 18:48:10	1014.0	1.0	27.4	27.5	83.0	82.0	14.0	345.0	10.3	10.3
2025/07/14 18:48:11	1014.0	1.0	27.4	27.5	83.0	82.0	15.0	346.0	10.3	10.3
2025/07/14 18:48:12	1014.0	1.0	27.4	27.5	83.0	82.0	19.0	349.0	10.0	10.0
2025/07/14 18:48:13	1014.0	1.0	27.4	27.5	83.0	82.0	22.0	353.0	9.9	9.9
2025/07/14 18:48:14	1014.0	1.0	27.4	27.5	83.0	82.0	26.0	357.0	9.9	9.9
2025/07/14 18:48:15	1014.0	1.0	27.4	27.5	83.0	82.0	27.0	357.0	9.1	9.4
2025/07/14 18:48:16	1014.0	1.0	27.4	27.5	83.0	82.0	26.0	357.0	9.1	9.1
2025/07/14 18:48:17	1014.0	1.0	27.4	27.5	83.0	82.0	25.0	355.0	9.4	9.4
2025/07/14 18:48:18	1014.0	1.0	27.4	27.5	83.0	82.0	22.0	353.0	9.7	9.7
2025/07/14 18:48:19	1014.0	1.0	27.4	27.5	83.0	82.0	20.0	351.0	9.2	9.2
2025/07/14 18:48:20	1014.0	1.0	27.4	27.5	83.0	82.0	18.0	349.0	9.0	9.0
2025/07/14 18:48:21	1014.0	1.0	27.4	27.5	83.0	82.0	17.0	347.0	9.1	9.1
2025/07/14 18:48:22	1014.0	1.0	27.4	27.5	83.0	82.0	16.0	347.0	9.4	9.4
2025/07/14 18:48:23	1014.0	1.0	27.5	27.5	83.0	82.0	16.0	347.0	9.5	9.5
2025/07/14 18:48:24	1014.0	1.0	27.5	27.5	83.0	82.0	17.0	348.0	9.6	9.6
2025/07/14 18:48:25	1014.0	1.0	27.5	27.5	83.0	82.0	21.0	352.0	9.4	9.4
2025/07/14 18:48:26	1014.0	1.0	27.4	27.5	83.0	82.0	23.0	353.0	9.2	9.2
2025/07/14 18:48:27	1014.0	1.0	27.4	27.5	83.0	82.0	25.0	356.0	9.4	9.4
2025/07/14 18:48:28	1014.0	1.0	27.5	27.5	83.0	82.0	28.0	358.0	9.6	9.6
2025/07/14 18:48:29	1014.0	1.0	27.5	27.5	83.0	82.0	28.0	359.0	9.3	9.3
2025/07/14 18:48:30	1014.0	1.0	27.5	27.5	83.0	82.0	30.0	360.0	9.4	9.4
2025/07/14 18:48:31	1014.0	1.0	27.4	27.5	83.0	82.0	30.0	360.0	9.4	9.4
2025/07/14 18:48:32	1014.0	1.0	27.4	27.5	83.0	82.0	30.0	360.0	9.0	9.0
2025/07/14 18:48:33	1014.0	1.0	27.4	27.5	83.0	82.0	28.0	358.0	9.1	9.1
2025/07/14 18:48:34	1014.0	1.0	27.4	27.5	82.0	82.0	22.0	352.0	8.9	8.9
2025/07/14 18:48:35	1014.0	1.0	27.4	27.5	82.0	82.0	19.0	350.0	9.2	9.2
2025/07/14 18:48:36	1013.9	1.0	27.5	27.5	83.0	82.0	19.0	350.0	8.6	8.9
2025/07/14 18:48:37	1013.9	1.0	27.5	27.5	83.0	82.0	13.0	345.0	8.9	9.2
2025/07/14 18:48:38	1013.9	1.0	27.5	27.5	83.0	82.0	15.0	345.0	9.3	9.3
2025/07/14 18:48:39	1013.9	1.0	27.5	27.5	82.0	82.0	20.0	350.0	9.4	9.4
2025/07/14 18:48:40	1013.9	1.0	27.5	27.5	82.0	82.0	18.0	348.0	9.6	9.6
2025/07/14 18:48:41	1013.9	1.0	27.5	27.5	82.0	82.0	20.0	350.0	9.2	9.2
2025/07/14 18:48:42	1013.9	1.0	27.5	27.5	83.0	82.0	22.0	352.0	9.1	9.1
2025/07/14 18:48:43	1013.9	1.0	27.5	27.5	83.0	82.0	23.0	353.0	9.0	9.0
2025/07/14 18:48:44	1013.9	1.0	27.5	27.5	83.0	82.0	23.0	353.0	9.0	9.0
2025/07/14 18:48:45	1013.9	1.0	27.5	27.5	83.0	82.0	20.0	351.0	9.2	9.2
2025/07/14 18:48:46	1013.9	1.0	27.5	27.5	83.0	82.0	17.0	348.0	9.4	9.4
2025/07/14 18:48:47	1013.9	1.0	27.5	27.5	83.0	82.0	17.0	347.0	9.5	9.5
2025/07/14 18:48:48	1013.9	1.0	27.5	27.5	83.0	82.0	15.0	345.0	9.6	9.6
2025/07/14 18:48:49	1013.9	1.0	27.5	27.5	83.0	82.0	16.0	346.0	9.7	9.7
2025/07/14 18:48:50	1013.9	1.0	27.5	27.5	83.0	82.0	17.0	347.0	9.9	9.9
2025/07/14 18:48:51	1013.9	1.0	27.5	27.5	83.0	82.0	19.0	349.0	10.0	10.0
2025/07/14 18:48:52	1013.9	1.0	27.5	27.5	83.0	82.0	19.0	350.0	10.1	10.1
2025/07/14 18:48:53	1013.9	1.0	27.5	27.5	83.0	82.0	16.0	347.0	9.5	9.8
2025/07/14 18:48:54	1014.0	1.0	27.5	27.5	83.0	82.0	17.0	347.0	9.5	9.8
2025/07/14 18:48:55	1014.0	1.0	27.5	27.5	83.0	82.0	19.0	349.0	10.0	10.0
2025/07/14 18:48:56	1014.0	1.0	27.5	27.5	83.0	82.0	21.0	351.0	9.8	9.8
2025/07/14 18:48:57	1014.0	1.0	27.5	27.5	83.0	82.0	21.0	351.0	9.6	9.6
2025/07/14 18:48:58	1014.0	1.0	27.5	27.5	83.0	82.0	20.0	350.0	9.7	10.0
2025/07/14 18:48:59	1014.0	1.0	27.5	27.5	83.0	82.0	20.0	350.0	9.4	9.7
2025/07/14 18:49:00	1014.0	1.0	27.5	27.5	83.0	82.0	22.0	352.0	9.8	9.8
2025/07/14 18:49:01	1014.0	1.0	27.5	27.5	83.0	82.0	19.0	350.0	9.5	9.5
2025/07/14 18:49:02	1014.0	1.0	27.5	27.5	83.0	82.0	17.0	347.0	9.6	9.6
2025/07/14 18:49:03	1013.9	1.0	27.5	27.5	83.0	82.0	14.0	344.0	9.8	9.8
2025/07/14 18:49:04	1013.9	1.0	27.5	27.5	83.0	82.0	13.0	343.0	9.8	9.8
2025/07/14 18:49:05	1013.9	1.0	27.5	27.5	83.0	82.0	11.0	341.0	9.5	9.5
2025/07/14 18:49:06	1013.9	1.0	27.5	27.5	83.0	82.0	13.0	343.0	9.3	9.3
2025/07/14 18:49:07	1013.9	1.0	27.5	27.5	83.0	82.0	15.0	344.0	9.3	9.3
2025/07/14 18:49:08	1013.9	1.0	27.5	27.5	83.0	82.0	18.0	348.0	9.2	9.2
2025/07/14 18:49:09	1013.9	1.0	27.5	27.5	83.0	82.0	19.0	350.0	9.1	9.1
2025/07/14 18:49:10	1013.9	1.0	27.5	27.6	83.0	82.0	20.0	351.0	9.2	9.2
2025/07/14 18:49:11	1013.9	1.0	27.5	27.6	83.0	82.0	21.0	352.0	9.2	9.2
2025/07/14 18:49:12	1013.9	1.0	27.5	27.5	83.0	82.0	19.0	350.0	9.2	9.2
2025/07/14 18:49:13	1013.9	1.0	27.5	27.5	83.0	82.0	17.0	348.0	9.2	9.2
2025/07/14 18:49:14	1013.9	1.0	27.5	27.5	83.0	82.0	17.0	347.0	9.2	9.2
2025/07/14 18:49:15	1013.9	1.0	27.5	27.5	83.0	82.0	17.0	348.0	8.9	9.2
2025/07/14 18:49:16	1013.9	1.0	27.5	27.5	83.0	82.0	16.0	347.0	9.0	9.3
2025/07/14 18:49:17	1013.9	1.0	27.5	27.5	83.0	82.0	16.0	347.0	9.5	9.5
2025/07/14 18:49:18	1013.9	1.0	27.5	27.5	83.0	82.0	14.0	345.0	9.9	9.9
2025/07/14 18:49:19	1013.9	1.0	27.5	27.5	83.0	82.0	14.0	345.0	9.4	9.4
2025/07/14 18:49:20	1013.9	1.0	27.5	27.5	83.0	82.0	11.0	341.0	9.0	9.0
2025/07/14 18:49:21	1014.0	1.0	27.5	27.5	83.0	82.0	11.0	342.0	8.8	8.8
2025/07/14 18:49:22	1014.0	1.0	27.5	27.5	83.0	82.0	15.0	345.0	9.0	9.0
2025/07/14 18:49:23	1014.0	1.0	27.5	27.5	83.0	82.0	16.0	347.0	9.6	9.6
2025/07/14 18:49:24	1014.0	1.0	27.5	27.5	83.0	82.0	16.0	347.0	9.6	9.6
2025/07/14 18:49:25	1014.0	1.0	27.5	27.5	83.0	82.0	16.0	346.0	9.3	9.3
2025/07/14 18:49:26	1014.0	1.0	27.5	27.5	83.0	82.0	19.0	349.0	9.1	9.1
2025/07/14 18:49:27	1014.0	1.0	27.5	27.5	83.0	82.0	19.0	350.0	9.2	9.2
2025/07/14 18:49:28	1014.0	1.0	27.5	27.5	83.0	82.0	19.0	350.0	9.3	9.3
2025/07/14 18:49:29	1014.0	1.0	27.5	27.5	83.0	82.0	16.0	347.0	8.8	8.8
2025/07/14 18:49:30	1013.9	1.0	27.5	27.6	83.0	82.0	14.0	345.0	8.8	8.8
2025/07/14 18:49:31	1013.9	1.0	27.5	27.6	83.0	82.0	12.0	342.0	9.8	9.8
2025/07/14 18:49:32	1013.9	1.0	27.5	27.6	83.0	82.0	12.0	342.0	9.7	9.7
2025/07/14 18:49:33	1013.9	1.0	27.5	27.6	83.0	82.0	12.0	343.0	9.4	9.4
2025/07/14 18:49:34	1013.9	1.0	27.5	27.6	83.0	82.0	14.0	344.0	9.4	9.4
2025/07/14 18:49:35	1013.9	1.0	27.5	27.6	83.0	82.0	15.0	346.0	9.2	9.2
2025/07/14 18:49:36	1013.9	1.0	27.5	27.6	83.0	82.0	16.0	347.0	9.5	9.5
2025/07/14 18:49:37	1013.9	1.0	27.5	27.6	83.0	82.0	17.0	347.0	9.2	9.2
2025/07/14 18:49:38	1013.9	1.0	27.5	27.6	83.0	82.0	19.0	350.0	8.9	8.9
2025/07/14 18:49:39	1013.9	1.0	27.5	27.6	83.0	82.0	18.0	349.0	8.7	8.7
2025/07/14 18:49:40	1013.9	1.0	27.5	27.6	83.0	82.0	16.0	347.0	8.6	8.6
2025/07/14 18:49:41	1013.9	1.0	27.5	27.6	83.0	82.0	12.0	343.0	8.8	9.0
2025/07/14 18:49:42	1013.9	1.0	27.5	27.6	83.0	82.0	11.0	342.0	8.9	8.9
2025/07/14 18:49:43	1013.9	1.0	27.5	27.6	83.0	82.0	10.0	340.0	8.6	8.6
2025/07/14 18:49:44	1013.9	1.0	27.5	27.6	83.0	82.0	9.0	340.0	8.2	8.4
2025/07/14 18:49:45	1013.9	1.0	27.5	27.6	83.0	82.0	11.0	342.0	8.4	8.7
2025/07/14 18:49:46	1013.9	1.0	27.5	27.6	83.0	82.0	10.0	341.0	8.6	8.9
2025/07/14 18:49:47	1013.9	1.0	27.5	27.6	83.0	82.0	15.0	346.0	8.9	8.9
2025/07/14 18:49:48	1013.9	1.0	27.5	27.6	83.0	82.0	17.0	347.0	9.5	9.5
2025/07/14 18:49:49	1013.9	1.0	27.5	27.6	83.0	82.0	17.0	348.0	9.0	9.0
2025/07/14 18:49:50	1013.9	1.0	27.5	27.6	83.0	82.0	17.0	347.0	8.7	8.7
2025/07/14 18:49:51	1013.9	1.0	27.5	27.6	83.0	82.0	13.0	344.0	8.9	8.9
2025/07/14 18:49:52	1013.9	1.0	27.5	27.6	83.0	82.0	11.0	341.0	9.1	9.1
2025/07/14 18:49:53	1013.9	1.0	27.5	27.6	83.0	82.0	11.0	342.0	9.1	9.1
2025/07/14 18:49:54	1013.9	1.0	27.5	27.6	83.0	83.0	11.0	342.0	9.2	9.2
2025/07/14 18:49:55	1013.9	1.0	27.5	27.6	83.0	83.0	12.0	343.0	9.4	9.4
2025/07/14 18:49:56	1013.9	1.0	27.5	27.6	83.0	83.0	13.0	343.0	9.3	9.3
2025/07/14 18:49:57	1013.9	1.0	27.5	27.6	83.0	83.0	13.0	343.0	9.1	9.1
2025/07/14 18:49:58	1013.9	1.0	27.5	27.6	83.0	83.0	13.0	343.0	9.2	9.2
2025/07/14 18:49:59	1013.9	1.0	27.5	27.6	83.0	82.0	13.0	343.0	9.3	9.3
2025/07/14 18:50:00	1013.9	1.0	27.5	27.6	83.0	82.0	13.0	343.0	9.4	9.4
2025/07/14 18:50:01	1013.9	1.0	27.5	27.6	83.0	82.0	12.0	343.0	9.2	9.2
2025/07/14 18:50:02	1013.9	1.0	27.5	27.6	83.0	82.0	11.0	341.0	9.1	9.1
2025/07/14 18:50:03	1013.9	1.0	27.5	27.6	83.0	82.0	11.0	342.0	8.8	8.8
2025/07/14 18:50:04	1013.9	1.0	27.5	27.6	83.0	82.0	13.0	343.0	9.0	9.0
2025/07/14 18:50:05	1013.9	1.0	27.5	27.6	83.0	82.0	16.0	346.0	9.0	9.0
2025/07/14 18:50:06	1014.0	1.0	27.5	27.6	83.0	82.0	16.0	347.0	9.3	9.3
2025/07/14 18:50:07	1014.0	1.0	27.5	27.6	83.0	82.0	17.0	348.0	8.6	9.0
2025/07/14 18:50:08	1014.0	1.0	27.5	27.6	83.0	82.0	15.0	347.0	8.5	8.9
2025/07/14 18:50:09	1014.0	1.0	27.5	27.6	83.0	82.0	17.0	347.0	8.5	8.5
2025/07/14 18:50:10	1014.0	1.0	27.5	27.6	83.0	82.0	12.0	342.0	8.5	8.5
2025/07/14 18:50:11	1014.0	1.0	27.5	27.6	83.0	82.0	10.0	341.0	8.4	8.7
2025/07/14 18:50:12	1014.0	1.0	27.5	27.6	83.0	82.0	17.0	347.0	8.4	8.8
2025/07/14 18:50:13	1014.0	1.0	27.5	27.6	83.0	82.0	19.0	349.0	8.8	9.1
2025/07/14 18:50:14	1014.0	1.0	27.5	27.6	83.0	82.0	22.0	352.0	9.2	9.2
2025/07/14 18:50:15	1013.9	1.0	27.5	27.6	83.0	82.0	23.0	354.0	8.7	8.7
2025/07/14 18:50:16	1013.9	1.0	27.5	27.6	83.0	82.0	24.0	355.0	8.4	8.4
2025/07/14 18:50:17	1013.9	1.0	27.5	27.6	83.0	82.0	25.0	355.0	7.7	7.7
2025/07/14 18:50:18	1013.9	1.0	27.5	27.6	83.0	82.0	19.0	350.0	7.9	7.9
2025/07/14 18:50:19	1013.9	1.0	27.6	27.6	83.0	82.0	19.0	349.0	8.1	8.1
2025/07/14 18:50:20	1013.9	1.0	27.6	27.6	83.0	83.0	19.0	349.0	8.1	8.1
2025/07/14 18:50:21	1013.9	1.0	27.6	27.6	83.0	83.0	19.0	349.0	8.4	8.4
2025/07/14 18:50:22	1013.9	1.0	27.6	27.6	83.0	83.0	18.0	349.0	8.9	8.9
2025/07/14 18:50:23	1013.9	1.0	27.6	27.6	83.0	83.0	18.0	349.0	8.8	8.8
2025/07/14 18:50:24	1013.9	1.0	27.6	27.6	83.0	83.0	16.0	347.0	8.5	8.5
2025/07/14 18:50:25	1013.9	1.0	27.6	27.6	83.0	83.0	17.0	348.0	8.4	8.4
2025/07/14 18:50:26	1013.9	1.0	27.6	27.6	83.0	83.0	18.0	349.0	8.1	8.4
2025/07/14 18:50:27	1013.9	1.0	27.6	27.6	83.0	83.0	22.0	352.0	8.2	8.5
2025/07/14 18:50:28	1013.9	1.0	27.6	27.6	83.0	83.0	24.0	354.0	7.9	8.2
2025/07/14 18:50:29	1013.9	1.0	27.6	27.6	83.0	83.0	25.0	356.0	7.9	8.2
2025/07/14 18:50:30	1013.9	1.0	27.6	27.6	83.0	83.0	24.0	355.0	8.3	8.3
2025/07/14 18:50:31	1013.9	1.0	27.6	27.6	83.0	83.0	24.0	355.0	8.2	8.2
2025/07/14 18:50:32	1013.9	1.0	27.6	27.6	83.0	83.0	20.0	351.0	8.1	8.1
2025/07/14 18:50:33	1013.9	1.0	27.6	27.6	83.0	83.0	17.0	348.0	8.1	8.1
2025/07/14 18:50:34	1013.9	1.0	27.6	27.6	83.0	83.0	16.0	347.0	8.2	8.2
2025/07/14 18:50:35	1013.9	1.0	27.6	27.6	83.0	83.0	15.0	346.0	8.3	8.5
2025/07/14 18:50:36	1013.9	1.0	27.6	27.6	83.0	83.0	12.0	342.0	8.8	8.8
2025/07/14 18:50:37	1013.9	1.0	27.6	27.6	83.0	83.0	11.0	342.0	8.6	8.6
2025/07/14 18:50:38	1013.9	1.0	27.6	27.6	83.0	83.0	11.0	342.0	8.5	8.5
2025/07/14 18:50:39	1013.9	1.0	27.6	27.6	83.0	83.0	13.0	344.0	8.8	8.8
2025/07/14 18:50:40	1013.9	1.0	27.6	27.6	83.0	83.0	14.0	344.0	9.5	9.5
2025/07/14 18:50:41	1013.9	1.0	27.6	27.6	83.0	83.0	18.0	349.0	9.3	9.3
2025/07/14 18:50:42	1013.9	1.0	27.5	27.6	83.0	83.0	18.0	348.0	9.1	9.1
2025/07/14 18:50:43	1013.9	1.0	27.5	27.6	83.0	83.0	17.0	347.0	8.4	8.4
2025/07/14 18:50:44	1013.9	1.0	27.5	27.6	83.0	82.0	16.0	347.0	8.1	8.1
2025/07/14 18:50:45	1013.9	1.0	27.5	27.6	83.0	82.0	18.0	349.0	8.3	8.3
2025/07/14 18:50:46	1013.9	1.0	27.5	27.6	83.0	82.0	17.0	347.0	9.1	9.1
2025/07/14 18:50:47	1013.9	1.0	27.5	27.6	83.0	82.0	15.0	345.0	9.2	9.2
2025/07/14 18:50:48	1013.9	1.0	27.5	27.6	83.0	82.0	17.0	347.0	9.2	9.2
2025/07/14 18:50:49	1013.9	1.0	27.5	27.6	83.0	82.0	18.0	348.0	9.4	9.4
2025/07/14 18:50:50	1013.9	1.0	27.5	27.6	83.0	82.0	16.0	347.0	8.8	8.8
2025/07/14 18:50:51	1013.9	1.0	27.5	27.6	83.0	82.0	11.0	341.0	8.7	8.7
2025/07/14 18:50:52	1013.9	1.0	27.5	27.6	83.0	82.0	10.0	340.0	8.6	8.6
2025/07/14 18:50:53	1013.9	1.0	27.5	27.6	83.0	82.0	15.0	345.0	8.8	8.8
2025/07/14 18:50:54	1013.9	1.0	27.5	27.6	83.0	82.0	22.0	352.0	8.4	8.4
2025/07/14 18:50:55	1013.9	1.0	27.5	27.6	83.0	82.0	25.0	354.0	8.2	8.2
2025/07/14 18:50:56	1013.9	1.0	27.5	27.6	83.0	82.0	19.0	349.0	8.0	8.0
2025/07/14 18:50:57	1013.9	1.0	27.5	27.6	83.0	82.0	18.0	348.0	7.9	7.9
2025/07/14 18:50:58	1013.9	1.0	27.5	27.6	83.0	82.0	22.0	352.0	8.1	8.1
2025/07/14 18:50:59	1013.9	1.0	27.5	27.6	83.0	82.0	24.0	353.0	7.9	7.9
2025/07/14 18:51:00	1013.9	1.0	27.5	27.6	83.0	83.0	21.0	350.0	7.8	7.8
2025/07/14 18:51:01	1013.9	1.0	27.5	27.6	83.0	83.0	19.0	349.0	7.8	7.8
2025/07/14 18:51:02	1013.9	1.0	27.5	27.6	83.0	83.0	16.0	346.0	7.7	7.7
2025/07/14 18:51:03	1013.9	1.0	27.5	27.6	83.0	83.0	16.0	345.0	7.9	7.9
2025/07/14 18:51:04	1013.9	1.0	27.6	27.6	83.0	83.0	14.0	343.0	8.0	8.0
2025/07/14 18:51:05	1013.9	1.0	27.6	27.6	83.0	83.0	11.0	340.0	8.5	8.5
2025/07/14 18:51:06	1013.9	1.0	27.6	27.6	83.0	83.0	12.0	342.0	8.9	8.9
2025/07/14 18:51:07	1013.9	1.0	27.6	27.6	83.0	83.0	16.0	345.0	8.5	8.5
2025/07/14 18:51:08	1013.9	1.0	27.6	27.6	83.0	83.0	14.0	343.0	8.5	8.5
2025/07/14 18:51:09	1013.9	1.0	27.6	27.6	83.0	83.0	14.0	344.0	8.4	8.4
2025/07/14 18:51:10	1013.9	1.0	27.6	27.6	83.0	83.0	21.0	350.0	7.8	7.8
2025/07/14 18:51:11	1013.9	1.0	27.6	27.6	83.0	83.0	23.0	353.0	7.7	7.7
2025/07/14 18:51:12	1013.9	1.0	27.6	27.6	83.0	83.0	22.0	352.0	8.2	8.2
2025/07/14 18:51:13	1013.9	1.0	27.6	27.6	83.0	83.0	20.0	349.0	8.2	8.2
2025/07/14 18:51:14	1013.9	1.0	27.6	27.6	83.0	83.0	22.0	352.0	8.0	8.0
2025/07/14 18:51:15	1013.9	1.0	27.6	27.6	83.0	83.0	20.0	350.0	8.5	8.5
2025/07/14 18:51:16	1013.9	1.0	27.6	27.6	83.0	83.0	17.0	347.0	8.4	8.4
2025/07/14 18:51:17	1013.9	1.0	27.6	27.6	83.0	83.0	19.0	349.0	8.5	8.5
2025/07/14 18:51:18	1013.9	1.0	27.6	27.6	83.0	83.0	15.0	345.0	8.0	8.0
2025/07/14 18:51:19	1013.9	1.0	27.6	27.6	83.0	83.0	13.0	343.0	8.9	8.9
2025/07/14 18:51:20	1013.9	1.0	27.6	27.6	83.0	83.0	16.0	345.0	8.6	8.6
2025/07/14 18:51:21	1013.9	1.0	27.6	27.6	83.0	83.0	17.0	347.0	8.8	8.8
2025/07/14 18:51:22	1013.9	1.0	27.6	27.6	84.0	83.0	21.0	351.0	8.7	8.7
2025/07/14 18:51:23	1013.9	1.0	27.6	27.6	84.0	84.0	22.0	352.0	8.0	8.0
2025/07/14 18:51:24	1013.9	1.0	27.6	27.6	83.0	84.0	24.0	354.0	7.8	7.8
2025/07/14 18:51:25	1013.9	1.0	27.6	27.6	83.0	83.0	24.0	354.0	7.5	7.5
2025/07/14 18:51:26	1013.9	1.0	27.6	27.6	83.0	83.0	23.0	353.0	8.2	8.2
2025/07/14 18:51:27	1013.9	1.0	27.6	27.6	83.0	83.0	21.0	350.0	8.5	8.5
2025/07/14 18:51:28	1013.9	1.0	27.6	27.6	83.0	83.0	22.0	352.0	8.6	8.6
2025/07/14 18:51:29	1013.9	1.0	27.6	27.6	83.0	83.0	21.0	351.0	8.7	8.7
2025/07/14 18:51:30	1013.9	1.0	27.6	27.6	83.0	83.0	19.0	348.0	8.2	8.2
2025/07/14 18:51:31	1013.9	1.0	27.6	27.6	83.0	83.0	18.0	348.0	7.9	7.9
2025/07/14 18:51:32	1013.9	1.0	27.6	27.6	84.0	83.0	13.0	343.0	7.9	7.9
2025/07/14 18:51:33	1013.9	1.0	27.6	27.6	84.0	83.0	13.0	342.0	8.2	8.2
2025/07/14 18:51:34	1013.9	1.0	27.6	27.6	84.0	83.0	17.0	347.0	8.3	8.3
2025/07/14 18:51:35	1013.9	1.0	27.6	27.6	84.0	83.0	20.0	350.0	8.5	8.5
2025/07/14 18:51:36	1013.9	1.0	27.6	27.6	84.0	83.0	25.0	355.0	8.0	8.0
2025/07/14 18:51:37	1013.9	1.0	27.6	27.6	83.0	83.0	32.0	2.0	7.3	7.3
2025/07/14 18:51:38	1013.9	1.0	27.6	27.6	83.0	83.0	29.0	359.0	7.1	7.1
2025/07/14 18:51:39	1013.9	1.0	27.6	27.6	83.0	83.0	28.0	358.0	6.7	7.0
2025/07/14 18:51:40	1013.9	1.0	27.6	27.6	84.0	83.0	25.0	354.0	8.1	8.1
2025/07/14 18:51:41	1013.9	1.0	27.6	27.6	84.0	83.0	20.0	350.0	9.8	9.8
2025/07/14 18:51:42	1013.9	1.0	27.6	27.6	84.0	83.0	16.0	345.0	10.1	10.1
2025/07/14 18:51:43	1013.9	1.0	27.6	27.6	84.0	83.0	16.0	345.0	9.3	9.3
2025/07/14 18:51:44	1013.9	1.0	27.6	27.6	84.0	83.0	18.0	347.0	8.6	8.6
2025/07/14 18:51:45	1013.9	1.0	27.6	27.6	83.0	83.0	22.0	351.0	8.4	8.4
2025/07/14 18:51:46	1013.9	1.0	27.6	27.6	83.0	83.0	20.0	350.0	8.5	8.5
2025/07/14 18:51:47	1013.9	1.0	27.6	27.6	83.0	83.0	21.0	351.0	8.6	8.6
2025/07/14 18:51:48	1013.9	1.0	27.5	27.6	83.0	83.0	20.0	349.0	8.8	8.8
2025/07/14 18:51:49	1013.9	1.0	27.5	27.6	83.0	83.0	22.0	352.0	8.7	8.7
2025/07/14 18:51:50	1013.9	1.0	27.5	27.6	83.0	83.0	20.0	349.0	8.6	8.6
2025/07/14 18:51:51	1013.9	1.0	27.5	27.6	83.0	83.0	17.0	346.0	8.2	8.2
2025/07/14 18:51:52	1013.9	1.0	27.5	27.6	83.0	83.0	16.0	345.0	8.4	8.4
2025/07/14 18:51:53	1013.9	1.0	27.6	27.6	83.0	83.0	23.0	352.0	8.2	8.2
2025/07/14 18:51:54	1013.9	1.0	27.6	27.6	83.0	83.0	24.0	354.0	8.0	8.0
2025/07/14 18:51:55	1013.9	1.0	27.6	27.6	83.0	83.0	26.0	355.0	8.6	8.6
2025/07/14 18:51:56	1013.9	1.0	27.6	27.6	83.0	83.0	26.0	355.0	8.7	8.7
2025/07/14 18:51:57	1013.9	1.0	27.6	27.6	83.0	83.0	24.0	354.0	9.1	9.1
2025/07/14 18:51:58	1013.9	1.0	27.6	27.6	83.0	83.0	22.0	352.0	9.0	9.0
2025/07/14 18:51:59	1013.9	1.0	27.5	27.6	83.0	83.0	22.0	352.0	8.8	8.8
2025/07/14 18:52:00	1013.9	1.0	27.5	27.6	83.0	82.0	21.0	350.0	9.0	9.0
2025/07/14 18:52:01	1013.9	1.0	27.5	27.6	83.0	82.0	19.0	349.0	9.0	9.3
2025/07/14 18:52:02	1013.9	1.0	27.5	27.6	83.0	82.0	21.0	350.0	9.2	9.5
2025/07/14 18:52:03	1013.9	1.0	27.5	27.6	83.0	82.0	21.0	351.0	9.3	9.3
2025/07/14 18:52:04	1013.9	1.0	27.5	27.6	83.0	82.0	23.0	352.0	8.9	8.9
2025/07/14 18:52:05	1013.9	1.0	27.5	27.6	83.0	82.0	24.0	354.0	8.4	8.4
2025/07/14 18:52:06	1013.9	1.0	27.5	27.6	83.0	82.0	21.0	352.0	8.4	8.4
2025/07/14 18:52:07	1013.9	1.0	27.5	27.6	83.0	82.0	19.0	350.0	8.5	8.5
2025/07/14 18:52:08	1013.9	1.0	27.5	27.6	83.0	82.0	20.0	350.0	8.8	8.8
2025/07/14 18:52:09	1013.9	1.0	27.5	27.6	83.0	82.0	20.0	350.0	8.8	8.8
2025/07/14 18:52:10	1013.9	1.0	27.5	27.6	83.0	82.0	22.0	352.0	8.8	8.8
2025/07/14 18:52:11	1013.9	1.0	27.5	27.6	83.0	82.0	23.0	353.0	8.8	8.8
2025/07/14 18:52:12	1013.9	1.0	27.5	27.6	83.0	82.0	23.0	353.0	8.7	8.7
2025/07/14 18:52:13	1013.9	1.0	27.5	27.6	83.0	82.0	22.0	352.0	8.5	8.5
2025/07/14 18:52:14	1013.9	1.0	27.5	27.6	83.0	82.0	21.0	352.0	8.6	8.6
2025/07/14 18:52:15	1013.9	1.0	27.5	27.6	83.0	82.0	19.0	350.0	8.4	8.4
2025/07/14 18:52:16	1013.9	1.0	27.5	27.6	83.0	82.0	20.0	351.0	8.4	8.4
2025/07/14 18:52:17	1013.9	1.0	27.5	27.6	83.0	82.0	23.0	353.0	8.3	8.3
2025/07/14 18:52:18	1013.9	1.0	27.5	27.6	83.0	82.0	26.0	356.0	8.2	8.2
2025/07/14 18:52:19	1013.9	1.0	27.5	27.6	83.0	82.0	26.0	357.0	8.4	8.4
2025/07/14 18:52:20	1013.9	1.0	27.5	27.6	83.0	82.0	25.0	355.0	8.6	8.6
2025/07/14 18:52:21	1013.9	1.0	27.5	27.6	83.0	82.0	23.0	353.0	8.8	8.8
2025/07/14 18:52:22	1013.9	1.0	27.5	27.6	83.0	82.0	20.0	351.0	9.1	9.1
2025/07/14 18:52:23	1013.9	1.0	27.5	27.6	83.0	82.0	19.0	349.0	8.9	8.9
2025/07/14 18:52:24	1013.9	1.0	27.5	27.6	83.0	82.0	18.0	348.0	8.7	8.7
2025/07/14 18:52:25	1013.9	1.0	27.5	27.6	83.0	82.0	20.0	351.0	9.1	9.1
2025/07/14 18:52:26	1013.9	1.0	27.5	27.6	83.0	82.0	21.0	352.0	9.2	9.2
2025/07/14 18:52:27	1013.9	1.0	27.5	27.6	83.0	82.0	21.0	351.0	9.5	9.5
2025/07/14 18:52:28	1013.9	1.0	27.5	27.6	83.0	82.0	24.0	354.0	8.9	8.9
2025/07/14 18:52:29	1013.9	1.0	27.5	27.6	83.0	82.0	23.0	353.0	8.6	8.6
2025/07/14 18:52:30	1013.9	1.0	27.5	27.6	83.0	82.0	23.0	354.0	8.7	8.7
2025/07/14 18:52:31	1013.9	1.0	27.5	27.6	83.0	82.0	22.0	352.0	8.7	8.7
2025/07/14 18:52:32	1013.9	1.0	27.5	27.6	83.0	82.0	21.0	352.0	8.8	8.8
2025/07/14 18:52:33	1013.9	1.0	27.5	27.6	83.0	82.0	21.0	351.0	8.8	8.8
2025/07/14 18:52:34	1013.9	1.0	27.5	27.6	83.0	82.0	19.0	349.0	8.6	8.6
2025/07/14 18:52:35	1013.9	1.0	27.5	27.6	83.0	82.0	17.0	347.0	9.1	9.1
2025/07/14 18:52:36	1013.9	1.0	27.5	27.6	83.0	82.0	16.0	346.0	9.4	9.4
2025/07/14 18:52:37	1013.9	1.0	27.5	27.6	83.0	82.0	15.0	345.0	9.2	9.2
2025/07/14 18:52:38	1013.9	1.0	27.5	27.6	83.0	82.0	14.0	344.0	9.3	9.3
2025/07/14 18:52:39	1013.9	1.0	27.5	27.6	83.0	82.0	19.0	350.0	9.2	9.2
2025/07/14 18:52:40	1013.9	1.0	27.5	27.6	83.0	82.0	19.0	349.0	8.7	8.7
2025/07/14 18:52:41	1013.9	1.0	27.5	27.6	83.0	82.0	16.0	346.0	8.8	8.8
2025/07/14 18:52:42	1013.9	1.0	27.5	27.6	83.0	82.0	22.0	352.0	9.2	9.2
2025/07/14 18:52:43	1013.9	1.0	27.5	27.6	83.0	82.0	21.0	351.0	9.7	9.7
2025/07/14 18:52:44	1013.9	1.0	27.5	27.6	83.0	82.0	23.0	353.0	9.5	9.5
2025/07/14 18:52:45	1013.9	1.0	27.5	27.6	83.0	82.0	24.0	354.0	9.3	9.3
2025/07/14 18:52:46	1013.9	1.0	27.5	27.6	83.0	82.0	25.0	355.0	9.2	9.2
2025/07/14 18:52:47	1013.9	1.0	27.5	27.6	83.0	82.0	26.0	356.0	8.9	9.2
2025/07/14 18:52:48	1013.9	1.0	27.5	27.6	83.0	82.0	23.0	353.0	8.8	8.8
2025/07/14 18:52:49	1013.9	1.0	27.5	27.6	83.0	82.0	19.0	348.0	9.1	9.1
2025/07/14 18:52:50	1013.9	1.0	27.5	27.6	83.0	82.0	14.0	344.0	9.6	9.9
2025/07/14 18:52:51	1013.9	1.0	27.5	27.6	83.0	82.0	15.0	345.0	9.1	9.5
2025/07/14 18:52:52	1013.9	1.0	27.5	27.6	83.0	82.0	21.0	351.0	8.8	9.1
2025/07/14 18:52:53	1013.9	1.0	27.5	27.6	83.0	82.0	24.0	353.0	8.5	8.5
2025/07/14 18:52:54	1013.9	1.0	27.5	27.6	83.0	82.0	23.0	353.0	8.9	8.9
2025/07/14 18:52:55	1013.9	1.0	27.5	27.6	83.0	82.0	22.0	352.0	9.1	9.4
2025/07/14 18:52:56	1013.9	1.0	27.5	27.6	83.0	82.0	23.0	352.0	9.3	9.3
2025/07/14 18:52:57	1013.9	1.0	27.5	27.6	83.0	82.0	23.0	352.0	8.9	8.9
2025/07/14 18:52:58	1013.9	1.0	27.5	27.6	83.0	82.0	23.0	352.0	8.7	8.7
2025/07/14 18:52:59	1013.9	1.0	27.5	27.6	83.0	82.0	22.0	352.0	8.8	8.8
2025/07/14 18:53:00	1013.9	1.0	27.5	27.6	83.0	82.0	20.0	350.0	9.4	9.4
2025/07/14 18:53:01	1013.9	1.0	27.5	27.6	83.0	82.0	21.0	350.0	9.6	9.6
2025/07/14 18:53:02	1013.9	1.0	27.5	27.6	83.0	82.0	21.0	350.0	9.7	9.7
2025/07/14 18:53:03	1013.9	1.0	27.5	27.6	83.0	82.0	21.0	351.0	9.3	9.3
2025/07/14 18:53:04	1013.9	1.0	27.5	27.6	83.0	82.0	21.0	350.0	8.8	8.8
2025/07/14 18:53:05	1013.9	1.0	27.5	27.6	83.0	82.0	18.0	347.0	8.8	8.8
2025/07/14 18:53:06	1013.9	1.0	27.5	27.6	83.0	82.0	24.0	353.0	8.9	8.9
2025/07/14 18:53:07	1013.9	1.0	27.5	27.6	83.0	82.0	23.0	352.0	9.8	9.8
2025/07/14 18:53:08	1013.9	1.0	27.5	27.6	83.0	81.0	21.0	350.0	10.2	10.2
2025/07/14 18:53:09	1013.9	1.0	27.5	27.6	83.0	81.0	19.0	348.0	9.7	9.7
2025/07/14 18:53:10	1013.9	1.0	27.5	27.6	83.0	81.0	18.0	348.0	8.9	8.9
2025/07/14 18:53:11	1013.9	1.0	27.5	27.6	83.0	81.0	18.0	347.0	8.8	8.8
2025/07/14 18:53:12	1013.9	1.0	27.5	27.6	82.0	81.0	18.0	348.0	8.8	8.8
2025/07/14 18:53:13	1013.9	1.0	27.5	27.6	82.0	81.0	19.0	349.0	9.0	9.0
2025/07/14 18:53:14	1013.9	1.0	27.5	27.6	82.0	81.0	15.0	344.0	8.8	8.8
2025/07/14 18:53:15	1013.9	1.0	27.5	27.6	82.0	81.0	16.0	346.0	9.3	9.3
2025/07/14 18:53:16	1013.9	1.0	27.5	27.6	82.0	81.0	22.0	351.0	9.3	9.3
2025/07/14 18:53:17	1013.9	1.0	27.5	27.6	82.0	81.0	22.0	351.0	9.4	9.4
2025/07/14 18:53:18	1013.9	1.0	27.5	27.6	82.0	81.0	19.0	348.0	8.9	8.9
2025/07/14 18:53:19	1013.9	1.0	27.5	27.6	82.0	81.0	17.0	347.0	8.7	8.7
2025/07/14 18:53:20	1013.9	1.0	27.5	27.6	82.0	81.0	17.0	347.0	9.0	9.0
2025/07/14 18:53:21	1013.9	1.0	27.5	27.6	82.0	81.0	13.0	343.0	9.6	9.6
2025/07/14 18:53:22	1013.9	1.0	27.5	27.6	82.0	81.0	15.0	344.0	9.3	9.3
2025/07/14 18:53:23	1013.9	1.0	27.5	27.6	82.0	81.0	14.0	344.0	8.5	8.5
2025/07/14 18:53:24	1013.9	1.0	27.5	27.6	82.0	81.0	21.0	350.0	8.4	8.4
2025/07/14 18:53:25	1013.9	1.0	27.5	27.6	82.0	81.0	20.0	350.0	8.9	8.9
2025/07/14 18:53:26	1013.9	1.0	27.5	27.6	82.0	81.0	16.0	346.0	8.7	8.7
2025/07/14 18:53:27	1013.9	1.0	27.5	27.6	82.0	81.0	15.0	345.0	9.5	9.5
2025/07/14 18:53:28	1013.9	1.0	27.5	27.6	82.0	81.0	15.0	345.0	9.6	9.6
2025/07/14 18:53:29	1013.9	1.0	27.5	27.6	82.0	82.0	16.0	345.0	10.2	10.2
2025/07/14 18:53:30	1013.9	1.0	27.5	27.6	82.0	82.0	17.0	347.0	9.9	9.9
2025/07/14 18:53:31	1013.9	1.0	27.5	27.6	82.0	82.0	16.0	346.0	9.8	9.8
2025/07/14 18:53:32	1013.9	1.0	27.5	27.6	82.0	82.0	17.0	347.0	9.7	9.7
2025/07/14 18:53:33	1013.9	1.0	27.5	27.6	82.0	82.0	20.0	350.0	10.1	10.1
2025/07/14 18:53:34	1013.9	1.0	27.5	27.6	82.0	81.0	20.0	350.0	10.0	10.0
2025/07/14 18:53:35	1013.9	1.0	27.5	27.6	82.0	81.0	19.0	349.0	9.8	9.8
2025/07/14 18:53:36	1013.9	1.0	27.5	27.6	82.0	81.0	19.0	349.0	9.5	9.5
2025/07/14 18:53:37	1013.9	1.0	27.5	27.6	82.0	81.0	19.0	349.0	9.5	9.5
2025/07/14 18:53:38	1013.9	1.0	27.5	27.6	82.0	81.0	20.0	350.0	10.2	10.2
2025/07/14 18:53:39	1013.9	1.0	27.5	27.6	82.0	81.0	22.0	352.0	10.3	10.3
2025/07/14 18:53:40	1013.9	1.0	27.5	27.6	82.0	81.0	20.0	350.0	10.0	10.0
2025/07/14 18:53:41	1013.9	1.0	27.5	27.6	82.0	81.0	18.0	348.0	9.1	9.1
2025/07/14 18:53:42	1013.9	1.0	27.5	27.6	82.0	81.0	16.0	346.0	8.8	8.8
2025/07/14 18:53:43	1013.9	1.0	27.5	27.6	82.0	81.0	15.0	345.0	8.9	8.9
2025/07/14 18:53:44	1013.9	1.0	27.5	27.6	82.0	81.0	15.0	345.0	9.6	9.6
2025/07/14 18:53:45	1013.9	1.0	27.5	27.6	82.0	81.0	14.0	344.0	9.7	9.7
2025/07/14 18:53:46	1013.9	1.0	27.5	27.6	82.0	81.0	15.0	345.0	9.7	9.7
2025/07/14 18:53:47	1013.9	1.0	27.5	27.6	82.0	81.0	19.0	349.0	9.0	9.0
2025/07/14 18:53:48	1013.9	1.0	27.5	27.6	82.0	81.0	20.0	350.0	8.8	8.8
2025/07/14 18:53:49	1013.9	1.0	27.6	27.6	82.0	81.0	20.0	350.0	9.2	9.2
2025/07/14 18:53:50	1013.9	1.0	27.6	27.6	82.0	81.0	20.0	350.0	9.0	9.0
2025/07/14 18:53:51	1013.9	1.0	27.6	27.6	82.0	81.0	18.0	348.0	9.3	9.3
2025/07/14 18:53:52	1013.9	1.0	27.6	27.6	82.0	81.0	18.0	348.0	9.7	9.7
2025/07/14 18:53:53	1013.9	1.0	27.6	27.6	82.0	81.0	17.0	347.0	9.5	9.5
2025/07/14 18:53:54	1013.9	1.0	27.6	27.6	82.0	81.0	16.0	346.0	9.4	9.4
2025/07/14 18:53:55	1013.9	1.0	27.6	27.6	82.0	81.0	14.0	344.0	9.5	9.5
2025/07/14 18:53:56	1013.9	1.0	27.6	27.6	82.0	81.0	17.0	347.0	10.2	10.2
2025/07/14 18:53:57	1013.9	1.0	27.6	27.6	82.0	81.0	19.0	349.0	10.6	10.6
2025/07/14 18:53:58	1013.9	1.0	27.6	27.6	82.0	81.0	20.0	350.0	10.4	10.4
2025/07/14 18:53:59	1013.9	1.0	27.6	27.6	82.0	81.0	20.0	350.0	10.1	10.1
2025/07/14 18:54:00	1013.9	1.0	27.6	27.6	82.0	81.0	19.0	349.0	9.8	9.8
2025/07/14 18:54:01	1013.9	1.0	27.6	27.6	82.0	81.0	17.0	348.0	9.8	9.8
2025/07/14 18:54:02	1013.9	1.0	27.6	27.6	82.0	81.0	18.0	348.0	9.4	9.4
2025/07/14 18:54:03	1013.9	1.0	27.6	27.6	82.0	81.0	20.0	349.0	9.5	9.5
2025/07/14 18:54:04	1013.9	1.0	27.6	27.6	82.0	81.0	22.0	352.0	9.4	9.4
2025/07/14 18:54:05	1013.9	1.0	27.6	27.6	82.0	81.0	24.0	354.0	9.3	9.3
2025/07/14 18:54:06	1013.9	1.0	27.6	27.6	82.0	81.0	23.0	353.0	9.3	9.3
2025/07/14 18:54:07	1013.9	1.0	27.6	27.6	82.0	81.0	25.0	355.0	9.7	9.7
2025/07/14 18:54:08	1013.9	1.0	27.6	27.6	82.0	81.0	25.0	355.0	9.7	9.7
2025/07/14 18:54:09	1013.8	1.0	27.6	27.6	82.0	81.0	26.0	355.0	9.6	9.6
2025/07/14 18:54:10	1013.8	1.0	27.6	27.6	82.0	81.0	26.0	355.0	9.6	9.6
2025/07/14 18:54:11	1013.8	1.0	27.6	27.6	82.0	81.0	24.0	353.0	9.7	9.7
2025/07/14 18:54:12	1013.8	1.0	27.6	27.6	82.0	81.0	25.0	355.0	9.7	9.7
2025/07/14 18:54:13	1013.8	1.0	27.6	27.6	82.0	81.0	25.0	354.0	9.7	9.7
2025/07/14 18:54:14	1013.8	1.0	27.6	27.6	82.0	81.0	23.0	353.0	9.1	9.1
2025/07/14 18:54:15	1013.8	1.0	27.6	27.6	82.0	81.0	24.0	353.0	8.9	8.9
2025/07/14 18:54:16	1013.8	1.0	27.6	27.6	82.0	81.0	26.0	355.0	9.1	9.1
2025/07/14 18:54:17	1013.8	1.0	27.6	27.6	82.0	81.0	26.0	356.0	9.1	9.4
2025/07/14 18:54:18	1013.9	1.0	27.6	27.6	82.0	81.0	25.0	355.0	9.3	9.6
2025/07/14 18:54:19	1013.9	1.0	27.6	27.6	82.0	81.0	24.0	354.0	9.4	9.4
2025/07/14 18:54:20	1013.9	1.0	27.6	27.6	82.0	81.0	22.0	352.0	9.3	9.3
2025/07/14 18:54:21	1013.9	1.0	27.6	27.6	82.0	81.0	20.0	350.0	9.3	9.3
2025/07/14 18:54:22	1013.9	1.0	27.6	27.6	82.0	81.0	21.0	350.0	9.6	9.6
2025/07/14 18:54:23	1013.9	1.0	27.5	27.6	82.0	81.0	23.0	353.0	9.9	9.9
2025/07/14 18:54:24	1013.9	1.0	27.5	27.6	82.0	81.0	26.0	355.0	9.5	9.5
2025/07/14 18:54:25	1013.9	1.0	27.5	27.6	82.0	81.0	27.0	356.0	9.0	9.0
2025/07/14 18:54:26	1013.9	1.0	27.5	27.6	82.0	81.0	29.0	359.0	9.0	9.0
2025/07/14 18:54:27	1013.9	1.0	27.5	27.6	82.0	80.0	26.0	356.0	9.3	9.3
2025/07/14 18:54:28	1013.9	1.0	27.5	27.6	82.0	80.0	25.0	355.0	9.1	9.1
2025/07/14 18:54:29	1013.9	1.0	27.5	27.6	82.0	81.0	24.0	354.0	9.0	9.0
2025/07/14 18:54:30	1013.9	1.0	27.5	27.6	82.0	81.0	24.0	354.0	9.1	9.1
2025/07/14 18:54:31	1013.9	1.0	27.5	27.6	82.0	81.0	24.0	354.0	9.8	9.8
2025/07/14 18:54:32	1013.9	1.0	27.5	27.6	82.0	81.0	27.0	357.0	9.6	9.6
2025/07/14 18:54:33	1013.9	1.0	27.5	27.6	82.0	81.0	27.0	357.0	9.8	9.8
2025/07/14 18:54:34	1013.9	1.0	27.5	27.6	82.0	81.0	28.0	358.0	9.2	9.2
2025/07/14 18:54:35	1013.9	1.0	27.5	27.6	82.0	81.0	26.0	356.0	9.3	9.3
2025/07/14 18:54:36	1013.9	1.0	27.5	27.6	81.0	81.0	26.0	356.0	9.6	9.6
2025/07/14 18:54:37	1013.9	1.0	27.5	27.6	81.0	80.0	28.0	358.0	10.1	10.1
2025/07/14 18:54:38	1013.9	1.0	27.6	27.6	81.0	80.0	32.0	1.0	9.9	9.9
2025/07/14 18:54:39	1013.9	1.0	27.6	27.6	81.0	80.0	33.0	3.0	9.4	9.4
2025/07/14 18:54:40	1013.9	1.0	27.6	27.6	81.0	81.0	33.0	3.0	9.2	9.2
2025/07/14 18:54:41	1013.9	1.0	27.6	27.6	82.0	81.0	29.0	359.0	9.2	9.2
2025/07/14 18:54:42	1013.9	1.0	27.6	27.6	82.0	81.0	28.0	358.0	9.0	9.0
2025/07/14 18:54:43	1013.9	1.0	27.6	27.6	82.0	81.0	27.0	357.0	9.1	9.1
2025/07/14 18:54:44	1013.9	1.0	27.6	27.6	82.0	81.0	24.0	354.0	8.9	8.9
2025/07/14 18:54:45	1013.9	1.0	27.6	27.6	82.0	81.0	25.0	354.0	9.4	9.4
2025/07/14 18:54:46	1013.9	1.0	27.6	27.6	82.0	81.0	26.0	355.0	9.8	9.8
2025/07/14 18:54:47	1013.9	1.0	27.6	27.6	82.0	81.0	26.0	355.0	9.6	9.6
2025/07/14 18:54:48	1013.9	1.0	27.6	27.6	82.0	81.0	29.0	358.0	9.4	9.4
2025/07/14 18:54:49	1013.9	1.0	27.6	27.6	82.0	81.0	29.0	359.0	9.2	9.2
2025/07/14 18:54:50	1013.9	1.0	27.6	27.6	82.0	81.0	29.0	359.0	9.7	9.7
2025/07/14 18:54:51	1013.9	1.0	27.6	27.6	82.0	81.0	29.0	359.0	9.2	9.2
2025/07/14 18:54:52	1013.9	1.0	27.6	27.6	82.0	81.0	26.0	355.0	8.8	8.8
2025/07/14 18:54:53	1013.9	1.0	27.6	27.6	82.0	81.0	24.0	353.0	8.8	8.8
2025/07/14 18:54:54	1013.9	1.0	27.6	27.6	82.0	81.0	22.0	352.0	9.6	9.6
2025/07/14 18:54:55	1013.9	1.0	27.6	27.6	82.0	81.0	24.0	353.0	9.8	9.8
2025/07/14 18:54:56	1013.9	1.0	27.6	27.6	82.0	81.0	25.0	354.0	9.4	9.4
2025/07/14 18:54:57	1013.9	1.0	27.6	27.6	81.0	81.0	26.0	355.0	9.2	9.2
2025/07/14 18:54:58	1013.9	1.0	27.6	27.6	81.0	81.0	23.0	353.0	9.2	9.2
2025/07/14 18:54:59	1013.9	1.0	27.6	27.6	81.0	81.0	22.0	352.0	9.1	9.1
2025/07/14 18:55:00	1013.9	1.0	27.6	27.6	82.0	81.0	24.0	353.0	9.2	9.2
2025/07/14 18:55:01	1013.9	1.0	27.6	27.6	82.0	81.0	27.0	356.0	9.6	9.6
2025/07/14 18:55:02	1013.9	1.0	27.6	27.6	82.0	81.0	28.0	357.0	9.5	9.5
2025/07/14 18:55:03	1013.9	1.0	27.6	27.6	82.0	81.0	28.0	358.0	9.4	9.4
2025/07/14 18:55:04	1013.9	1.0	27.6	27.6	82.0	81.0	28.0	357.0	9.1	9.1
2025/07/14 18:55:05	1013.9	1.0	27.6	27.6	82.0	81.0	27.0	357.0	9.1	9.1
2025/07/14 18:55:06	1013.9	1.0	27.6	27.6	82.0	81.0	25.0	354.0	9.4	9.4
2025/07/14 18:55:07	1013.9	1.0	27.6	27.6	82.0	81.0	21.0	350.0	9.7	9.7
2025/07/14 18:55:08	1013.9	1.0	27.6	27.6	82.0	81.0	21.0	350.0	9.3	9.3
2025/07/14 18:55:09	1013.9	1.0	27.6	27.6	82.0	81.0	22.0	352.0	9.0	9.0
2025/07/14 18:55:10	1013.9	1.0	27.6	27.6	82.0	81.0	21.0	350.0	9.2	9.2
2025/07/14 18:55:11	1013.9	1.0	27.6	27.6	82.0	81.0	19.0	349.0	9.2	9.2
2025/07/14 18:55:12	1013.9	1.0	27.6	27.6	82.0	81.0	23.0	353.0	9.1	9.1
2025/07/14 18:55:13	1013.9	1.0	27.6	27.6	82.0	81.0	30.0	360.0	8.6	8.6
2025/07/14 18:55:14	1013.9	1.0	27.6	27.6	82.0	81.0	27.0	357.0	8.6	8.6
2025/07/14 18:55:15	1013.9	1.0	27.6	27.6	82.0	81.0	25.0	355.0	8.7	8.7
2025/07/14 18:55:16	1013.9	1.0	27.6	27.6	82.0	81.0	23.0	353.0	9.0	9.0
2025/07/14 18:55:17	1013.9	1.0	27.6	27.6	82.0	81.0	23.0	353.0	9.4	9.4
2025/07/14 18:55:18	1013.9	1.0	27.6	27.6	82.0	81.0	23.0	353.0	9.3	9.3
2025/07/14 18:55:19	1013.9	1.0	27.6	27.6	82.0	81.0	22.0	352.0	9.4	9.4
2025/07/14 18:55:20	1013.9	1.0	27.6	27.6	82.0	81.0	21.0	350.0	9.3	9.3
2025/07/14 18:55:21	1013.8	1.0	27.6	27.6	82.0	81.0	20.0	350.0	9.1	9.4
2025/07/14 18:55:22	1013.8	1.0	27.6	27.6	82.0	81.0	25.0	355.0	8.6	8.9
2025/07/14 18:55:23	1013.8	1.0	27.6	27.6	82.0	81.0	25.0	355.0	9.2	9.2
2025/07/14 18:55:24	1013.8	1.0	27.6	27.6	82.0	81.0	20.0	351.0	9.6	9.6
2025/07/14 18:55:25	1013.8	1.0	27.6	27.6	82.0	81.0	18.0	349.0	9.2	9.2
2025/07/14 18:55:26	1013.8	1.0	27.6	27.6	82.0	81.0	20.0	350.0	8.9	8.9
2025/07/14 18:55:27	1013.8	1.0	27.6	27.6	82.0	81.0	18.0	348.0	9.1	9.1
2025/07/14 18:55:28	1013.8	1.0	27.6	27.6	82.0	81.0	14.0	344.0	9.1	9.1
2025/07/14 18:55:29	1013.8	1.0	27.6	27.6	82.0	81.0	16.0	346.0	9.3	9.3
2025/07/14 18:55:30	1013.9	1.0	27.6	27.6	82.0	81.0	20.0	350.0	9.0	9.0
2025/07/14 18:55:31	1013.9	1.0	27.6	27.6	82.0	81.0	19.0	349.0	8.7	8.7
2025/07/14 18:55:32	1013.9	1.0	27.6	27.6	82.0	81.0	17.0	347.0	8.6	8.6
2025/07/14 18:55:33	1013.9	1.0	27.6	27.6	82.0	81.0	21.0	352.0	8.8	8.8
2025/07/14 18:55:34	1013.9	1.0	27.6	27.6	82.0	81.0	21.0	351.0	9.0	9.0
2025/07/14 18:55:35	1013.9	1.0	27.6	27.6	82.0	81.0	19.0	350.0	8.8	8.8
2025/07/14 18:55:36	1013.9	1.0	27.6	27.6	82.0	81.0	19.0	349.0	8.8	8.8
2025/07/14 18:55:37	1013.9	1.0	27.6	27.7	82.0	81.0	20.0	350.0	8.0	8.0
2025/07/14 18:55:38	1013.9	1.0	27.6	27.7	82.0	81.0	20.0	350.0	8.2	8.2
2025/07/14 18:55:39	1013.9	1.0	27.6	27.7	82.0	81.0	19.0	349.0	8.6	8.6
2025/07/14 18:55:40	1013.9	1.0	27.6	27.7	82.0	81.0	19.0	349.0	9.3	9.3
2025/07/14 18:55:41	1013.9	1.0	27.7	27.7	82.0	81.0	18.0	348.0	9.6	9.6
2025/07/14 18:55:42	1013.9	1.0	27.7	27.7	82.0	81.0	19.0	349.0	9.3	9.3
2025/07/14 18:55:43	1013.9	1.0	27.7	27.7	82.0	81.0	20.0	350.0	9.6	9.6
2025/07/14 18:55:44	1013.9	1.0	27.7	27.7	82.0	81.0	17.0	347.0	9.6	9.6
2025/07/14 18:55:45	1013.9	1.0	27.7	27.7	82.0	82.0	22.0	352.0	9.5	9.5
2025/07/14 18:55:46	1013.9	1.0	27.7	27.7	82.0	82.0	23.0	353.0	9.4	9.4
2025/07/14 18:55:47	1013.9	1.0	27.7	27.7	82.0	82.0	24.0	354.0	8.8	8.8
2025/07/14 18:55:48	1013.9	1.0	27.7	27.7	82.0	82.0	25.0	355.0	9.2	9.2
2025/07/14 18:55:49	1013.9	1.0	27.7	27.7	82.0	82.0	26.0	356.0	9.3	9.3
2025/07/14 18:55:50	1013.9	1.0	27.7	27.7	82.0	82.0	26.0	357.0	9.5	9.5
2025/07/14 18:55:51	1013.9	1.0	27.7	27.7	82.0	81.0	26.0	357.0	9.7	9.7
2025/07/14 18:55:52	1013.9	1.0	27.6	27.7	82.0	81.0	26.0	357.0	9.5	9.5
2025/07/14 18:55:53	1013.9	1.0	27.6	27.7	82.0	81.0	28.0	358.0	9.7	9.7
2025/07/14 18:55:54	1013.9	1.0	27.6	27.7	82.0	81.0	24.0	354.0	9.6	9.6
2025/07/14 18:55:55	1013.9	1.0	27.6	27.7	82.0	81.0	25.0	355.0	9.6	9.6
2025/07/14 18:55:56	1013.9	1.0	27.6	27.7	82.0	81.0	24.0	354.0	9.6	9.6
2025/07/14 18:55:57	1013.9	1.0	27.6	27.7	82.0	81.0	24.0	354.0	9.6	9.6
2025/07/14 18:55:58	1013.9	1.0	27.6	27.7	82.0	81.0	23.0	353.0	9.5	9.5
2025/07/14 18:55:59	1013.9	1.0	27.6	27.7	82.0	81.0	22.0	353.0	9.5	9.5
2025/07/14 18:56:00	1013.9	1.0	27.6	27.7	82.0	81.0	22.0	353.0	9.3	9.3
2025/07/14 18:56:01	1013.9	1.0	27.6	27.7	82.0	81.0	23.0	353.0	8.9	8.9
2025/07/14 18:56:02	1013.9	1.0	27.6	27.7	82.0	81.0	18.0	349.0	9.3	9.3
2025/07/14 18:56:03	1013.9	1.0	27.6	27.7	82.0	81.0	24.0	354.0	9.5	9.5
2025/07/14 18:56:04	1013.9	1.0	27.6	27.7	82.0	81.0	25.0	356.0	9.4	9.4
2025/07/14 18:56:05	1013.9	1.0	27.6	27.7	82.0	81.0	26.0	357.0	9.2	9.2
2025/07/14 18:56:06	1013.9	1.0	27.6	27.7	82.0	81.0	26.0	357.0	9.2	9.2
2025/07/14 18:56:07	1013.9	1.0	27.6	27.6	82.0	81.0	25.0	356.0	9.4	9.4
2025/07/14 18:56:08	1013.9	1.0	27.6	27.6	82.0	81.0	23.0	354.0	9.8	9.8
2025/07/14 18:56:09	1013.9	1.0	27.6	27.7	82.0	81.0	20.0	351.0	10.2	10.2
2025/07/14 18:56:10	1013.9	1.0	27.6	27.7	82.0	81.0	19.0	350.0	10.1	10.1
2025/07/14 18:56:11	1013.9	1.0	27.6	27.7	82.0	81.0	17.0	348.0	9.9	9.9
2025/07/14 18:56:12	1013.9	1.0	27.6	27.7	82.0	81.0	18.0	348.0	9.9	9.9
2025/07/14 18:56:13	1013.9	1.0	27.6	27.7	82.0	81.0	19.0	350.0	10.0	10.0
2025/07/14 18:56:14	1013.9	1.0	27.6	27.7	82.0	81.0	22.0	353.0	9.7	9.7
2025/07/14 18:56:15	1013.9	1.0	27.6	27.6	82.0	81.0	23.0	354.0	9.5	9.5
2025/07/14 18:56:16	1013.9	1.0	27.6	27.6	82.0	81.0	22.0	353.0	9.6	9.6
2025/07/14 18:56:17	1013.9	1.0	27.6	27.6	82.0	81.0	22.0	354.0	9.7	9.7
2025/07/14 18:56:18	1013.9	1.0	27.6	27.6	82.0	81.0	22.0	353.0	9.6	9.6
2025/07/14 18:56:19	1013.9	1.0	27.6	27.6	82.0	81.0	22.0	353.0	9.4	9.4
2025/07/14 18:56:20	1013.9	1.0	27.6	27.6	82.0	81.0	21.0	353.0	9.5	9.5
2025/07/14 18:56:21	1013.9	1.0	27.6	27.6	81.0	81.0	22.0	353.0	9.9	9.9
2025/07/14 18:56:22	1013.9	1.0	27.6	27.6	81.0	80.0	20.0	352.0	10.3	10.3
2025/07/14 18:56:23	1013.9	1.0	27.6	27.6	81.0	80.0	21.0	352.0	10.2	10.2
2025/07/14 18:56:24	1013.9	1.0	27.6	27.6	81.0	80.0	22.0	354.0	9.6	9.6
2025/07/14 18:56:25	1013.9	1.0	27.6	27.6	81.0	80.0	23.0	354.0	9.4	9.4
2025/07/14 18:56:26	1013.9	1.0	27.6	27.6	81.0	80.0	23.0	355.0	9.4	9.4
2025/07/14 18:56:27	1013.9	1.0	27.6	27.6	81.0	80.0	21.0	353.0	9.5	9.5
2025/07/14 18:56:28	1013.9	1.0	27.6	27.6	81.0	80.0	22.0	353.0	9.7	9.7
2025/07/14 18:56:29	1013.9	1.0	27.6	27.6	81.0	80.0	22.0	353.0	9.4	9.4
2025/07/14 18:56:30	1013.9	1.0	27.6	27.6	81.0	80.0	22.0	354.0	9.4	9.4
2025/07/14 18:56:31	1013.9	1.0	27.6	27.6	81.0	80.0	22.0	354.0	9.7	9.7
2025/07/14 18:56:32	1013.9	1.0	27.6	27.6	81.0	80.0	22.0	353.0	9.9	9.9
2025/07/14 18:56:33	1013.9	1.0	27.6	27.6	81.0	80.0	22.0	353.0	9.6	9.6
2025/07/14 18:56:34	1013.9	1.0	27.6	27.6	81.0	80.0	23.0	355.0	9.2	9.2
2025/07/14 18:56:35	1013.9	1.0	27.6	27.6	81.0	80.0	24.0	356.0	9.0	9.0
2025/07/14 18:56:36	1013.9	1.0	27.6	27.6	81.0	80.0	24.0	355.0	8.8	8.8
2025/07/14 18:56:37	1013.9	1.0	27.6	27.6	81.0	80.0	24.0	355.0	9.0	9.0
2025/07/14 18:56:38	1013.9	1.0	27.6	27.6	81.0	80.0	21.0	352.0	9.3	9.3
2025/07/14 18:56:39	1013.9	1.0	27.6	27.6	81.0	80.0	20.0	351.0	9.5	9.5
2025/07/14 18:56:40	1013.9	1.0	27.6	27.6	81.0	80.0	19.0	350.0	9.6	9.6
2025/07/14 18:56:41	1013.9	1.0	27.6	27.6	81.0	80.0	18.0	350.0	9.5	9.5
2025/07/14 18:56:42	1013.8	1.0	27.6	27.6	81.0	80.0	20.0	351.0	9.3	9.3
2025/07/14 18:56:43	1013.8	1.0	27.6	27.6	81.0	80.0	23.0	354.0	9.5	9.5
2025/07/14 18:56:44	1013.8	1.0	27.6	27.6	81.0	80.0	26.0	357.0	9.0	9.0
2025/07/14 18:56:45	1013.8	1.0	27.6	27.6	81.0	80.0	26.0	357.0	9.0	9.0
2025/07/14 18:56:46	1013.8	1.0	27.6	27.6	81.0	80.0	20.0	352.0	9.1	9.1
2025/07/14 18:56:47	1013.8	1.0	27.6	27.6	81.0	80.0	20.0	352.0	9.1	9.1
2025/07/14 18:56:48	1013.8	1.0	27.6	27.6	81.0	80.0	20.0	351.0	8.9	8.9
2025/07/14 18:56:49	1013.8	1.0	27.6	27.6	81.0	80.0	24.0	355.0	8.6	8.6
2025/07/14 18:56:50	1013.8	1.0	27.6	27.6	81.0	80.0	27.0	357.0	8.7	8.7
2025/07/14 18:56:51	1013.8	1.0	27.6	27.6	81.0	80.0	28.0	358.0	8.6	8.6
2025/07/14 18:56:52	1013.8	1.0	27.6	27.6	81.0	80.0	29.0	360.0	8.4	8.4
2025/07/14 18:56:53	1013.8	1.0	27.6	27.6	81.0	80.0	24.0	355.0	8.7	8.7
2025/07/14 18:56:54	1013.8	1.0	27.6	27.6	81.0	80.0	20.0	352.0	9.1	9.1
2025/07/14 18:56:55	1013.8	1.0	27.6	27.6	81.0	80.0	19.0	351.0	9.3	9.3
2025/07/14 18:56:56	1013.8	1.0	27.6	27.6	81.0	81.0	16.0	347.0	9.2	9.2
2025/07/14 18:56:57	1013.8	1.0	27.6	27.6	81.0	81.0	18.0	349.0	8.9	8.9
2025/07/14 18:56:58	1013.8	1.0	27.6	27.6	81.0	81.0	18.0	349.0	8.6	8.6
2025/07/14 18:56:59	1013.8	1.0	27.6	27.6	81.0	81.0	21.0	352.0	8.2	8.2
2025/07/14 18:57:00	1013.8	1.0	27.6	27.6	81.0	81.0	24.0	355.0	8.2	8.2
2025/07/14 18:57:01	1013.8	1.0	27.6	27.6	81.0	81.0	27.0	358.0	8.7	8.7
2025/07/14 18:57:02	1013.8	1.0	27.6	27.6	81.0	81.0	27.0	358.0	9.0	9.0
2025/07/14 18:57:03	1013.8	1.0	27.6	27.6	81.0	81.0	26.0	357.0	8.4	8.4
2025/07/14 18:57:04	1013.8	1.0	27.6	27.7	81.0	81.0	23.0	354.0	8.0	8.0
2025/07/14 18:57:05	1013.8	1.0	27.6	27.7	81.0	81.0	21.0	352.0	7.8	7.8
2025/07/14 18:57:06	1013.8	1.0	27.6	27.7	81.0	81.0	20.0	352.0	7.9	7.9
2025/07/14 18:57:07	1013.8	1.0	27.6	27.7	81.0	81.0	20.0	351.0	8.4	8.4
2025/07/14 18:57:08	1013.8	1.0	27.6	27.7	81.0	81.0	24.0	354.0	8.9	8.9
2025/07/14 18:57:09	1013.8	1.0	27.6	27.7	81.0	81.0	22.0	352.0	8.9	8.9
2025/07/14 18:57:10	1013.8	1.0	27.6	27.7	81.0	81.0	19.0	350.0	8.9	8.9
2025/07/14 18:57:11	1013.8	1.0	27.6	27.7	81.0	81.0	19.0	350.0	8.5	8.5
2025/07/14 18:57:12	1013.8	1.0	27.6	27.7	81.0	81.0	17.0	348.0	8.3	8.3
2025/07/14 18:57:13	1013.8	1.0	27.6	27.7	81.0	81.0	17.0	348.0	8.5	8.5
2025/07/14 18:57:14	1013.8	1.0	27.6	27.7	81.0	81.0	15.0	345.0	8.6	8.6
2025/07/14 18:57:15	1013.8	1.0	27.6	27.7	81.0	81.0	19.0	349.0	8.9	8.9
2025/07/14 18:57:16	1013.8	1.0	27.7	27.7	82.0	81.0	23.0	354.0	8.8	8.8
2025/07/14 18:57:17	1013.8	1.0	27.7	27.7	82.0	81.0	23.0	353.0	8.8	8.8
2025/07/14 18:57:18	1013.8	1.0	27.7	27.7	82.0	81.0	21.0	352.0	8.5	8.5
2025/07/14 18:57:19	1013.8	1.0	27.7	27.7	82.0	81.0	21.0	352.0	8.3	8.3
2025/07/14 18:57:20	1013.8	1.0	27.7	27.7	82.0	81.0	24.0	355.0	8.0	8.0
2025/07/14 18:57:21	1013.8	1.0	27.7	27.7	82.0	81.0	20.0	351.0	8.0	8.0
2025/07/14 18:57:22	1013.8	1.0	27.7	27.7	82.0	81.0	17.0	348.0	8.4	8.4
2025/07/14 18:57:23	1013.8	1.0	27.7	27.7	82.0	81.0	17.0	347.0	9.0	9.0
2025/07/14 18:57:24	1013.8	1.0	27.7	27.7	82.0	81.0	17.0	347.0	9.1	9.1
2025/07/14 18:57:25	1013.8	1.0	27.7	27.7	82.0	81.0	16.0	346.0	8.6	8.6
2025/07/14 18:57:26	1013.8	1.0	27.6	27.7	82.0	81.0	15.0	346.0	8.5	8.5
2025/07/14 18:57:27	1013.8	1.0	27.6	27.7	82.0	81.0	18.0	348.0	8.9	8.9
2025/07/14 18:57:28	1013.8	1.0	27.6	27.7	82.0	81.0	17.0	347.0	9.2	9.2
2025/07/14 18:57:29	1013.8	1.0	27.6	27.7	82.0	81.0	18.0	348.0	9.4	9.4
2025/07/14 18:57:30	1013.8	1.0	27.6	27.7	82.0	81.0	18.0	348.0	9.3	9.3
2025/07/14 18:57:31	1013.8	1.0	27.6	27.7	82.0	81.0	17.0	347.0	8.8	8.8
2025/07/14 18:57:32	1013.8	1.0	27.7	27.7	82.0	81.0	22.0	352.0	9.1	9.1
2025/07/14 18:57:33	1013.8	1.0	27.7	27.7	82.0	81.0	23.0	352.0	8.6	8.6
2025/07/14 18:57:34	1013.8	1.0	27.7	27.7	82.0	81.0	21.0	351.0	8.5	8.5
2025/07/14 18:57:35	1013.8	1.0	27.7	27.7	82.0	82.0	19.0	349.0	8.5	8.5
2025/07/14 18:57:36	1013.9	1.0	27.7	27.7	82.0	82.0	19.0	349.0	8.7	8.7
2025/07/14 18:57:37	1013.9	1.0	27.7	27.7	82.0	82.0	15.0	345.0	8.3	8.6
2025/07/14 18:57:38	1013.9	1.0	27.7	27.7	82.0	82.0	16.0	345.0	8.3	8.6
2025/07/14 18:57:39	1013.9	1.0	27.7	27.7	82.0	82.0	15.0	344.0	8.4	8.6
2025/07/14 18:57:40	1013.9	1.0	27.7	27.7	82.0	82.0	14.0	343.0	8.9	8.9
2025/07/14 18:57:41	1013.9	1.0	27.7	27.7	82.0	82.0	17.0	346.0	9.6	9.6
2025/07/14 18:57:42	1013.9	1.0	27.7	27.7	82.0	82.0	19.0	348.0	9.7	9.7
2025/07/14 18:57:43	1013.9	1.0	27.7	27.7	82.0	82.0	19.0	348.0	9.5	9.5
2025/07/14 18:57:44	1013.9	1.0	27.7	27.7	82.0	82.0	18.0	347.0	9.1	9.1
2025/07/14 18:57:45	1013.9	1.0	27.7	27.7	82.0	82.0	17.0	346.0	8.7	8.7
2025/07/14 18:57:46	1013.9	1.0	27.7	27.7	82.0	82.0	21.0	349.0	8.2	8.2
2025/07/14 18:57:47	1013.9	1.0	27.7	27.7	82.0	82.0	25.0	353.0	8.4	8.4
2025/07/14 18:57:48	1013.9	1.0	27.7	27.7	82.0	82.0	25.0	353.0	8.4	8.4
2025/07/14 18:57:49	1013.9	1.0	27.7	27.7	82.0	82.0	20.0	349.0	8.0	8.0
2025/07/14 18:57:50	1013.9	1.0	27.7	27.7	82.0	82.0	18.0	346.0	7.9	7.9
2025/07/14 18:57:51	1013.9	1.0	27.7	27.7	82.0	82.0	19.0	347.0	8.1	8.1
2025/07/14 18:57:52	1013.9	1.0	27.7	27.7	82.0	82.0	20.0	348.0	8.3	8.3
2025/07/14 18:57:53	1013.9	1.0	27.7	27.7	82.0	82.0	22.0	350.0	8.8	8.8
2025/07/14 18:57:54	1013.9	1.0	27.7	27.7	82.0	82.0	24.0	351.0	8.9	8.9
2025/07/14 18:57:55	1013.9	1.0	27.7	27.7	82.0	82.0	23.0	351.0	9.0	9.0
2025/07/14 18:57:56	1013.9	1.0	27.7	27.7	82.0	82.0	24.0	351.0	8.6	8.6
2025/07/14 18:57:57	1013.9	1.0	27.7	27.7	82.0	82.0	28.0	355.0	8.2	8.2
2025/07/14 18:57:58	1013.9	1.0	27.7	27.7	82.0	82.0	30.0	357.0	8.0	8.0
2025/07/14 18:57:59	1013.9	1.0	27.7	27.7	82.0	82.0	31.0	358.0	8.8	8.8
2025/07/14 18:58:00	1013.9	1.0	27.7	27.7	82.0	82.0	29.0	356.0	9.3	9.3
2025/07/14 18:58:01	1013.9	1.0	27.7	27.7	82.0	82.0	26.0	354.0	8.9	9.2
2025/07/14 18:58:02	1013.9	1.0	27.7	27.7	82.0	82.0	23.0	351.0	8.8	9.1
2025/07/14 18:58:03	1013.9	1.0	27.7	27.7	82.0	82.0	22.0	349.0	9.0	9.0
2025/07/14 18:58:04	1013.9	1.0	27.7	27.7	82.0	82.0	20.0	346.0	8.7	8.7
2025/07/14 18:58:05	1013.9	1.0	27.7	27.7	82.0	82.0	16.0	343.0	8.8	8.8
2025/07/14 18:58:06	1013.9	1.0	27.7	27.7	82.0	82.0	17.0	343.0	8.9	8.9
2025/07/14 18:58:07	1013.9	1.0	27.7	27.7	82.0	81.0	20.0	347.0	8.9	8.9
2025/07/14 18:58:08	1013.9	1.0	27.7	27.7	82.0	81.0	24.0	350.0	8.9	8.9
2025/07/14 18:58:09	1013.9	1.0	27.6	27.7	82.0	81.0	24.0	350.0	9.0	9.0
2025/07/14 18:58:10	1013.9	1.0	27.6	27.7	82.0	81.0	23.0	349.0	8.9	8.9
2025/07/14 18:58:11	1013.9	1.0	27.6	27.7	82.0	81.0	26.0	352.0	9.0	9.0
2025/07/14 18:58:12	1013.9	1.0	27.6	27.7	82.0	81.0	27.0	353.0	8.9	8.9
2025/07/14 18:58:13	1013.9	1.0	27.6	27.7	82.0	81.0	23.0	349.0	8.4	8.4
2025/07/14 18:58:14	1013.9	1.0	27.6	27.7	82.0	81.0	21.0	347.0	8.3	8.3
2025/07/14 18:58:15	1013.9	1.0	27.6	27.7	82.0	81.0	20.0	346.0	8.3	8.3
2025/07/14 18:58:16	1013.9	1.0	27.6	27.7	82.0	81.0	18.0	343.0	8.6	8.6
2025/07/14 18:58:17	1013.9	1.0	27.7	27.7	82.0	81.0	19.0	344.0	8.6	8.6
2025/07/14 18:58:18	1013.9	1.0	27.7	27.7	82.0	82.0	16.0	341.0	8.5	8.5
2025/07/14 18:58:19	1013.9	1.0	27.7	27.7	82.0	82.0	17.0	342.0	8.4	8.4
2025/07/14 18:58:20	1013.9	1.0	27.7	27.7	82.0	82.0	17.0	342.0	8.6	8.6
2025/07/14 18:58:21	1013.9	1.0	27.7	27.7	82.0	82.0	18.0	343.0	8.9	8.9
2025/07/14 18:58:22	1013.9	1.0	27.7	27.7	82.0	82.0	21.0	346.0	9.5	9.5
2025/07/14 18:58:23	1013.9	1.0	27.7	27.7	82.0	82.0	26.0	350.0	9.5	9.5
2025/07/14 18:58:24	1013.9	1.0	27.7	27.7	82.0	82.0	30.0	354.0	9.1	9.4
2025/07/14 18:58:25	1013.9	1.0	27.7	27.7	82.0	82.0	29.0	353.0	9.0	9.3
2025/07/14 18:58:26	1013.9	1.0	27.7	27.7	82.0	82.0	27.0	351.0	9.0	9.0
2025/07/14 18:58:27	1013.9	1.0	27.7	27.7	82.0	82.0	26.0	349.0	8.8	8.8
2025/07/14 18:58:28	1013.9	1.0	27.7	27.7	82.0	82.0	28.0	352.0	8.7	9.0
2025/07/14 18:58:29	1013.9	1.0	27.7	27.7	82.0	82.0	29.0	352.0	9.7	9.7
2025/07/14 18:58:30	1013.9	1.0	27.7	27.7	82.0	82.0	29.0	353.0	9.8	9.8
2025/07/14 18:58:31	1013.9	1.0	27.7	27.7	82.0	81.0	28.0	351.0	9.5	9.5
2025/07/14 18:58:32	1013.9	1.0	27.6	27.7	82.0	81.0	26.0	349.0	8.9	8.9
2025/07/14 18:58:33	1013.9	1.0	27.6	27.7	82.0	81.0	26.0	349.0	8.7	8.7
2025/07/14 18:58:34	1013.9	1.0	27.6	27.7	82.0	81.0	25.0	348.0	8.9	8.9
2025/07/14 18:58:35	1013.9	1.0	27.6	27.7	82.0	81.0	27.0	350.0	9.2	9.2
2025/07/14 18:58:36	1013.9	1.0	27.6	27.7	82.0	81.0	27.0	350.0	9.6	9.6
2025/07/14 18:58:37	1013.9	1.0	27.6	27.7	82.0	81.0	28.0	350.0	9.6	9.6
2025/07/14 18:58:38	1013.9	1.0	27.6	27.7	82.0	81.0	28.0	350.0	9.4	9.4
2025/07/14 18:58:39	1013.9	1.0	27.6	27.7	82.0	81.0	29.0	351.0	9.1	9.1
2025/07/14 18:58:40	1013.9	1.0	27.6	27.7	82.0	81.0	27.0	348.0	9.2	9.2
2025/07/14 18:58:41	1013.9	1.0	27.6	27.7	82.0	81.0	26.0	348.0	9.1	9.1
2025/07/14 18:58:42	1013.9	1.0	27.6	27.7	82.0	81.0	26.0	348.0	9.2	9.2
2025/07/14 18:58:43	1013.9	1.0	27.6	27.7	82.0	81.0	23.0	344.0	9.4	9.4
2025/07/14 18:58:44	1013.9	1.0	27.6	27.7	82.0	81.0	22.0	343.0	9.6	9.6
2025/07/14 18:58:45	1013.9	1.0	27.6	27.7	82.0	81.0	21.0	342.0	9.6	9.6
2025/07/14 18:58:46	1013.9	1.0	27.6	27.7	82.0	81.0	20.0	342.0	9.2	9.2
2025/07/14 18:58:47	1013.9	1.0	27.6	27.7	82.0	81.0	21.0	343.0	9.1	9.1
2025/07/14 18:58:48	1013.9	1.0	27.6	27.7	82.0	81.0	22.0	343.0	9.2	9.2
2025/07/14 18:58:49	1013.9	1.0	27.6	27.7	82.0	81.0	20.0	342.0	9.2	9.4
2025/07/14 18:58:50	1013.9	1.0	27.6	27.7	82.0	81.0	20.0	342.0	9.0	9.2
2025/07/14 18:58:51	1013.9	1.0	27.6	27.7	82.0	81.0	22.0	343.0	9.0	9.0
2025/07/14 18:58:52	1013.9	1.0	27.6	27.7	82.0	81.0	23.0	343.0	9.0	9.0
2025/07/14 18:58:53	1013.9	1.0	27.6	27.7	81.0	81.0	23.0	343.0	9.0	9.0
2025/07/14 18:58:54	1013.9	1.0	27.6	27.7	81.0	81.0	26.0	346.0	9.2	9.2
2025/07/14 18:58:55	1013.9	1.0	27.6	27.7	81.0	81.0	25.0	345.0	9.2	9.2
2025/07/14 18:58:56	1013.9	1.0	27.6	27.7	81.0	81.0	25.0	345.0	9.1	9.1
2025/07/14 18:58:57	1013.8	1.0	27.6	27.7	81.0	80.0	23.0	343.0	8.8	8.8
2025/07/14 18:58:58	1013.8	1.0	27.6	27.7	81.0	80.0	23.0	343.0	8.7	8.7
2025/07/14 18:58:59	1013.8	1.0	27.6	27.7	81.0	80.0	22.0	342.0	8.6	8.6
2025/07/14 18:59:00	1013.8	1.0	27.6	27.7	81.0	81.0	21.0	341.0	8.7	8.7
2025/07/14 18:59:01	1013.8	1.0	27.6	27.7	81.0	81.0	19.0	339.0	9.1	9.1
2025/07/14 18:59:02	1013.8	1.0	27.6	27.7	81.0	80.0	18.0	338.0	8.9	9.2
2025/07/14 18:59:03	1013.8	1.0	27.6	27.7	81.0	80.0	18.0	338.0	9.4	9.4
2025/07/14 18:59:04	1013.8	1.0	27.6	27.7	81.0	80.0	19.0	338.0	8.7	8.7
2025/07/14 18:59:05	1013.8	1.0	27.6	27.7	81.0	81.0	22.0	341.0	8.4	8.4
2025/07/14 18:59:06	1013.8	1.0	27.6	27.7	81.0	81.0	26.0	345.0	8.6	8.6
2025/07/14 18:59:07	1013.8	1.0	27.6	27.7	81.0	81.0	28.0	348.0	8.8	8.8
2025/07/14 18:59:08	1013.8	1.0	27.6	27.7	81.0	81.0	29.0	349.0	8.7	8.7
2025/07/14 18:59:09	1013.8	1.0	27.6	27.7	81.0	81.0	30.0	349.0	8.5	8.5
2025/07/14 18:59:10	1013.8	1.0	27.6	27.7	81.0	81.0	29.0	348.0	8.6	8.6
2025/07/14 18:59:11	1013.8	1.0	27.6	27.7	81.0	81.0	25.0	344.0	8.7	8.7
2025/07/14 18:59:12	1013.8	1.0	27.6	27.7	82.0	81.0	24.0	343.0	8.9	8.9
2025/07/14 18:59:13	1013.8	1.0	27.6	27.7	82.0	81.0	21.0	340.0	9.1	9.1
2025/07/14 18:59:14	1013.8	1.0	27.6	27.7	81.0	81.0	20.0	339.0	9.1	9.1
2025/07/14 18:59:15	1013.8	1.0	27.6	27.7	81.0	81.0	20.0	339.0	9.1	9.1
2025/07/14 18:59:16	1013.8	1.0	27.6	27.7	81.0	81.0	22.0	340.0	9.7	9.7
2025/07/14 18:59:17	1013.8	1.0	27.7	27.7	82.0	81.0	23.0	341.0	9.8	9.8
2025/07/14 18:59:18	1013.8	1.0	27.7	27.7	82.0	81.0	21.0	339.0	9.6	9.6
2025/07/14 18:59:19	1013.8	1.0	27.7	27.7	82.0	81.0	23.0	341.0	8.9	8.9
2025/07/14 18:59:20	1013.8	1.0	27.7	27.7	82.0	81.0	26.0	344.0	9.3	9.3
2025/07/14 18:59:21	1013.8	1.0	27.7	27.7	82.0	81.0	25.0	343.0	10.0	10.0
2025/07/14 18:59:22	1013.8	1.0	27.7	27.7	82.0	81.0	25.0	343.0	10.2	10.2
2025/07/14 18:59:23	1013.8	1.0	27.7	27.7	82.0	81.0	29.0	346.0	10.2	10.2
2025/07/14 18:59:24	1013.9	1.0	27.7	27.7	82.0	81.0	31.0	348.0	10.1	10.4
2025/07/14 18:59:25	1013.9	1.0	27.7	27.7	82.0	81.0	26.0	344.0	10.2	10.4
2025/07/14 18:59:26	1013.9	1.0	27.7	27.7	82.0	81.0	23.0	341.0	10.3	10.3
2025/07/14 18:59:27	1013.9	1.0	27.7	27.7	82.0	81.0	21.0	338.0	10.1	10.1
2025/07/14 18:59:28	1013.9	1.0	27.7	27.7	82.0	81.0	21.0	338.0	10.4	10.4
2025/07/14 18:59:29	1013.9	1.0	27.7	27.7	82.0	81.0	22.0	338.0	10.6	10.6
2025/07/14 18:59:30	1013.9	1.0	27.6	27.7	82.0	81.0	22.0	339.0	10.8	10.8
2025/07/14 18:59:31	1013.9	1.0	27.6	27.7	82.0	81.0	23.0	340.0	10.5	10.5
2025/07/14 18:59:32	1013.9	1.0	27.6	27.7	82.0	81.0	22.0	339.0	10.2	10.2
2025/07/14 18:59:33	1013.8	1.0	27.6	27.7	82.0	81.0	25.0	341.0	9.8	9.8
2025/07/14 18:59:34	1013.8	1.0	27.6	27.7	82.0	81.0	26.0	342.0	9.2	9.2
2025/07/14 18:59:35	1013.8	1.0	27.6	27.7	82.0	81.0	30.0	345.0	9.7	9.7
2025/07/14 18:59:36	1013.8	1.0	27.6	27.7	82.0	81.0	30.0	345.0	10.3	10.3
2025/07/14 18:59:37	1013.8	1.0	27.6	27.7	82.0	81.0	28.0	344.0	10.4	10.4
2025/07/14 18:59:38	1013.8	1.0	27.6	27.7	82.0	81.0	26.0	342.0	10.1	10.1
2025/07/14 18:59:39	1013.8	1.0	27.6	27.7	82.0	81.0	23.0	339.0	9.8	10.0
2025/07/14 18:59:40	1013.8	1.0	27.6	27.7	81.0	81.0	22.0	338.0	10.0	10.0
2025/07/14 18:59:41	1013.8	1.0	27.6	27.7	81.0	80.0	21.0	336.0	9.9	9.9
2025/07/14 18:59:42	1013.8	1.0	27.6	27.7	81.0	80.0	18.0	333.0	10.1	10.1
2025/07/14 18:59:43	1013.8	1.0	27.6	27.7	81.0	80.0	19.0	333.0	10.2	10.2
2025/07/14 18:59:44	1013.8	1.0	27.6	27.7	81.0	80.0	22.0	336.0	10.3	10.3
2025/07/14 18:59:45	1013.8	1.0	27.6	27.7	81.0	80.0	23.0	337.0	10.0	10.0
2025/07/14 18:59:46	1013.8	1.0	27.6	27.7	81.0	80.0	21.0	335.0	9.4	9.4
2025/07/14 18:59:47	1013.8	1.0	27.6	27.7	81.0	81.0	23.0	336.0	9.1	9.1
2025/07/14 18:59:48	1013.8	1.0	27.7	27.7	81.0	81.0	24.0	338.0	8.9	8.9
2025/07/14 18:59:49	1013.8	1.0	27.7	27.7	81.0	81.0	25.0	339.0	9.0	9.0
2025/07/14 18:59:50	1013.8	1.0	27.7	27.7	81.0	81.0	26.0	339.0	8.9	8.9
2025/07/14 18:59:51	1013.8	1.0	27.7	27.7	81.0	81.0	25.0	338.0	8.7	8.7
2025/07/14 18:59:52	1013.8	1.0	27.7	27.7	81.0	81.0	25.0	338.0	8.6	8.6
2025/07/14 18:59:53	1013.8	1.0	27.7	27.7	81.0	81.0	21.0	334.0	9.1	9.1
2025/07/14 18:59:54	1013.8	1.0	27.7	27.7	81.0	81.0	20.0	333.0	9.4	9.4
2025/07/14 18:59:55	1013.8	1.0	27.7	27.7	81.0	81.0	24.0	337.0	9.0	9.0
2025/07/14 18:59:56	1013.8	1.0	27.7	27.7	81.0	81.0	22.0	335.0	8.8	8.8
2025/07/14 18:59:57	1013.8	1.0	27.7	27.8	81.0	81.0	20.0	334.0	8.3	8.5
2025/07/14 18:59:58	1013.8	1.0	27.7	27.8	81.0	81.0	21.0	333.0	9.1	9.1
2025/07/14 18:59:59	1013.8	1.0	27.6	27.8	81.0	81.0	22.0	334.0	9.1	9.1
2025/07/14 19:00:00	1013.7	1.0	27.6	27.8	81.0	81.0	25.0	337.0	8.7	8.7
2025/07/14 19:00:01	1013.7	1.0	27.6	27.8	81.0	81.0	24.0	337.0	8.5	8.5
2025/07/14 19:00:02	1013.7	1.0	27.6	27.8	81.0	81.0	25.0	337.0	8.5	8.5
2025/07/14 19:00:03	1013.7	1.0	27.6	27.8	81.0	81.0	28.0	340.0	8.6	8.6
2025/07/14 19:00:04	1013.7	1.0	27.6	27.8	81.0	81.0	26.0	338.0	8.8	8.8
2025/07/14 19:00:05	1013.7	1.0	27.6	27.8	81.0	81.0	25.0	337.0	9.1	9.1
2025/07/14 19:00:06	1013.7	1.0	27.6	27.8	81.0	81.0	24.0	336.0	9.2	9.2
2025/07/14 19:00:07	1013.7	1.0	27.6	27.8	81.0	81.0	23.0	334.0	9.3	9.3
2025/07/14 19:00:08	1013.7	1.0	27.6	27.8	81.0	81.0	22.0	333.0	9.4	9.4
2025/07/14 19:00:09	1013.7	1.0	27.7	27.8	81.0	81.0	23.0	334.0	9.5	9.5
2025/07/14 19:00:10	1013.7	1.0	27.7	27.8	81.0	81.0	24.0	335.0	9.7	9.7
2025/07/14 19:00:11	1013.7	1.0	27.7	27.8	81.0	81.0	25.0	337.0	9.2	9.4
2025/07/14 19:00:12	1013.7	1.0	27.7	27.8	81.0	81.0	26.0	337.0	9.5	9.5
2025/07/14 19:00:13	1013.7	1.0	27.7	27.8	81.0	81.0	24.0	334.0	9.4	9.4
2025/07/14 19:00:14	1013.7	1.0	27.7	27.8	81.0	81.0	25.0	335.0	9.6	9.6
2025/07/14 19:00:15	1013.7	1.0	27.7	27.8	81.0	81.0	26.0	337.0	9.0	9.2
2025/07/14 19:00:16	1013.7	1.0	27.7	27.8	81.0	81.0	30.0	340.0	9.8	10.0
2025/07/14 19:00:17	1013.7	1.0	27.7	27.8	81.0	81.0	34.0	344.0	10.3	10.3
2025/07/14 19:00:18	1013.8	1.0	27.7	27.8	81.0	81.0	33.0	343.0	9.8	9.8
2025/07/14 19:00:19	1013.8	1.0	27.7	27.8	81.0	81.0	31.0	342.0	9.5	9.5
2025/07/14 19:00:20	1013.8	1.0	27.7	27.8	82.0	81.0	27.0	338.0	9.3	9.5
2025/07/14 19:00:21	1013.8	1.0	27.7	27.8	82.0	81.0	24.0	334.0	9.9	9.9
2025/07/14 19:00:22	1013.8	1.0	27.7	27.8	81.0	81.0	23.0	333.0	10.2	10.2
2025/07/14 19:00:23	1013.8	1.0	27.7	27.8	81.0	81.0	21.0	331.0	10.4	10.4
2025/07/14 19:00:24	1013.8	1.0	27.7	27.8	81.0	81.0	20.0	330.0	10.7	10.7
2025/07/14 19:00:25	1013.8	1.0	27.7	27.8	81.0	81.0	20.0	330.0	11.0	11.0
2025/07/14 19:00:26	1013.8	1.0	27.7	27.8	81.0	80.0	22.0	332.0	10.8	10.8
2025/07/14 19:00:27	1013.7	1.0	27.7	27.8	81.0	80.0	25.0	335.0	10.3	10.3
2025/07/14 19:00:28	1013.7	1.0	27.6	27.8	81.0	80.0	26.0	336.0	10.0	10.0
2025/07/14 19:00:29	1013.7	1.0	27.6	27.8	81.0	80.0	28.0	338.0	9.5	9.5
2025/07/14 19:00:30	1013.7	1.0	27.6	27.8	81.0	80.0	31.0	341.0	9.3	9.3
2025/07/14 19:00:31	1013.7	1.0	27.6	27.8	81.0	80.0	35.0	345.0	8.8	8.8
2025/07/14 19:00:32	1013.7	1.0	27.6	27.8	81.0	80.0	35.0	345.0	9.0	9.0
2025/07/14 19:00:33	1013.7	1.0	27.6	27.8	81.0	80.0	32.0	342.0	8.9	8.9
2025/07/14 19:00:34	1013.7	1.0	27.6	27.8	81.0	79.0	30.0	340.0	9.5	9.5
2025/07/14 19:00:35	1013.7	1.0	27.6	27.8	81.0	79.0	28.0	338.0	10.4	10.4
2025/07/14 19:00:36	1013.8	1.0	27.6	27.8	81.0	79.0	27.0	336.0	10.5	10.5
2025/07/14 19:00:37	1013.8	1.0	27.6	27.8	81.0	79.0	26.0	336.0	10.9	10.9
2025/07/14 19:00:38	1013.8	1.0	27.6	27.8	81.0	79.0	26.0	335.0	10.7	10.7
2025/07/14 19:00:39	1013.8	1.0	27.6	27.8	81.0	80.0	28.0	338.0	10.3	10.3
2025/07/14 19:00:40	1013.8	1.0	27.7	27.8	81.0	80.0	28.0	338.0	10.2	10.2
2025/07/14 19:00:41	1013.8	1.0	27.7	27.8	81.0	80.0	28.0	338.0	10.1	10.1
2025/07/14 19:00:42	1013.8	1.0	27.7	27.8	81.0	80.0	30.0	339.0	9.8	9.8
2025/07/14 19:00:43	1013.8	1.0	27.7	27.8	81.0	80.0	28.0	337.0	10.3	10.3
2025/07/14 19:00:44	1013.8	1.0	27.7	27.8	81.0	80.0	29.0	338.0	10.8	10.8
2025/07/14 19:00:45	1013.7	1.0	27.7	27.8	81.0	80.0	30.0	339.0	10.9	10.9
2025/07/14 19:00:46	1013.7	1.0	27.7	27.8	81.0	80.0	29.0	339.0	10.5	10.5
2025/07/14 19:00:47	1013.7	1.0	27.7	27.8	81.0	79.0	28.0	337.0	10.2	10.2
2025/07/14 19:00:48	1013.7	1.0	27.6	27.8	81.0	79.0	26.0	336.0	10.4	10.4
2025/07/14 19:00:49	1013.7	1.0	27.6	27.8	81.0	79.0	24.0	334.0	10.6	10.8
2025/07/14 19:00:50	1013.7	1.0	27.6	27.8	81.0	79.0	23.0	332.0	11.2	11.2
2025/07/14 19:00:51	1013.7	1.0	27.6	27.8	80.0	79.0	22.0	331.0	11.1	11.1
2025/07/14 19:00:52	1013.7	1.0	27.6	27.8	80.0	79.0	20.0	329.0	10.9	10.9
2025/07/14 19:00:53	1013.7	1.0	27.6	27.8	80.0	79.0	22.0	330.0	10.7	10.7
2025/07/14 19:00:54	1013.8	1.0	27.6	27.8	80.0	79.0	22.0	331.0	10.4	10.4
2025/07/14 19:00:55	1013.8	1.0	27.6	27.8	80.0	78.0	24.0	333.0	10.4	10.4
2025/07/14 19:00:56	1013.8	1.0	27.6	27.8	80.0	78.0	26.0	335.0	10.1	10.1
2025/07/14 19:00:57	1013.8	1.0	27.6	27.8	80.0	78.0	28.0	336.0	10.0	10.0
2025/07/14 19:00:58	1013.8	1.0	27.6	27.8	80.0	79.0	28.0	337.0	10.3	10.3
2025/07/14 19:00:59	1013.8	1.0	27.7	27.8	80.0	79.0	29.0	338.0	9.9	9.9
2025/07/14 19:01:00	1013.8	1.0	27.7	27.8	80.0	79.0	27.0	336.0	10.0	10.0
2025/07/14 19:01:01	1013.8	1.0	27.7	27.8	80.0	79.0	24.0	333.0	9.7	9.7
2025/07/14 19:01:02	1013.8	1.0	27.7	27.8	80.0	79.0	22.0	330.0	9.6	9.6
2025/07/14 19:01:03	1013.8	1.0	27.7	27.8	80.0	79.0	22.0	330.0	10.3	10.3
2025/07/14 19:01:04	1013.8	1.0	27.7	27.8	80.0	79.0	23.0	331.0	10.8	10.8
2025/07/14 19:01:05	1013.8	1.0	27.7	27.8	80.0	79.0	24.0	332.0	10.8	10.8
2025/07/14 19:01:06	1013.8	1.0	27.7	27.8	80.0	79.0	24.0	332.0	10.6	10.6
2025/07/14 19:01:07	1013.8	1.0	27.7	27.8	80.0	79.0	23.0	333.0	10.2	10.5
2025/07/14 19:01:08	1013.8	1.0	27.7	27.8	80.0	79.0	25.0	334.0	9.7	10.0
2025/07/14 19:01:09	1013.8	1.0	27.7	27.8	80.0	79.0	24.0	333.0	9.4	9.6
2025/07/14 19:01:10	1013.8	1.0	27.7	27.8	80.0	79.0	25.0	333.0	9.5	9.5
2025/07/14 19:01:11	1013.8	1.0	27.7	27.8	80.0	79.0	23.0	331.0	9.8	9.8
2025/07/14 19:01:12	1013.7	1.0	27.7	27.8	80.0	79.0	24.0	331.0	10.1	10.1
2025/07/14 19:01:13	1013.7	1.0	27.7	27.8	80.0	79.0	26.0	334.0	10.1	10.1
2025/07/14 19:01:14	1013.7	1.0	27.7	27.8	80.0	79.0	27.0	335.0	9.4	9.4
2025/07/14 19:01:15	1013.7	1.0	27.7	27.8	80.0	79.0	26.0	333.0	9.3	9.3
2025/07/14 19:01:16	1013.7	1.0	27.7	27.8	80.0	79.0	25.0	333.0	8.9	9.1
2025/07/14 19:01:17	1013.7	1.0	27.7	27.8	80.0	79.0	26.0	334.0	9.1	9.3
2025/07/14 19:01:18	1013.7	1.0	27.7	27.8	80.0	79.0	24.0	331.0	9.5	9.5
2025/07/14 19:01:19	1013.7	1.0	27.7	27.8	80.0	79.0	22.0	330.0	9.3	9.3
2025/07/14 19:01:20	1013.7	1.0	27.7	27.8	80.0	79.0	23.0	331.0	9.7	9.7
2025/07/14 19:01:21	1013.7	1.0	27.7	27.8	80.0	79.0	24.0	331.0	9.8	9.8
2025/07/14 19:01:22	1013.7	1.0	27.7	27.8	80.0	79.0	24.0	331.0	10.1	10.1
2025/07/14 19:01:23	1013.7	1.0	27.7	27.8	80.0	79.0	24.0	331.0	10.2	10.2
2025/07/14 19:01:24	1013.7	1.0	27.7	27.8	80.0	80.0	25.0	332.0	10.2	10.2
2025/07/14 19:01:25	1013.7	1.0	27.7	27.8	80.0	80.0	26.0	333.0	10.2	10.2
2025/07/14 19:01:26	1013.7	1.0	27.7	27.8	80.0	80.0	23.0	330.0	9.9	9.9
2025/07/14 19:01:27	1013.7	1.0	27.7	27.8	80.0	80.0	21.0	328.0	9.8	9.8
2025/07/14 19:01:28	1013.7	1.0	27.7	27.8	80.0	80.0	23.0	330.0	9.6	9.6
2025/07/14 19:01:29	1013.7	1.0	27.7	27.8	80.0	79.0	26.0	333.0	9.5	9.5
2025/07/14 19:01:30	1013.7	1.0	27.7	27.8	80.0	79.0	25.0	331.0	9.4	9.4
2025/07/14 19:01:31	1013.7	1.0	27.7	27.8	80.0	79.0	23.0	329.0	9.4	9.4
2025/07/14 19:01:32	1013.7	1.0	27.7	27.8	80.0	80.0	23.0	330.0	9.0	9.2
2025/07/14 19:01:33	1013.7	1.0	27.7	27.8	80.0	80.0	21.0	327.0	9.8	9.8
2025/07/14 19:01:34	1013.7	1.0	27.7	27.8	80.0	80.0	20.0	326.0	10.2	10.2
2025/07/14 19:01:35	1013.7	1.0	27.7	27.8	80.0	80.0	19.0	326.0	10.2	10.2
2025/07/14 19:01:36	1013.7	1.0	27.7	27.8	80.0	80.0	20.0	326.0	10.3	10.3
2025/07/14 19:01:37	1013.7	1.0	27.7	27.8	80.0	80.0	22.0	328.0	10.2	10.2
2025/07/14 19:01:38	1013.7	1.0	27.7	27.8	80.0	80.0	23.0	329.0	9.7	9.7
2025/07/14 19:01:39	1013.8	1.0	27.7	27.8	80.0	79.0	23.0	329.0	9.3	9.3
2025/07/14 19:01:40	1013.8	1.0	27.7	27.8	80.0	79.0	23.0	329.0	9.4	9.4
2025/07/14 19:01:41	1013.8	1.0	27.7	27.8	80.0	79.0	24.0	330.0	9.6	9.6
2025/07/14 19:01:42	1013.8	1.0	27.7	27.8	80.0	79.0	24.0	330.0	9.6	9.6
2025/07/14 19:01:43	1013.8	1.0	27.7	27.8	80.0	79.0	23.0	329.0	9.3	9.3
2025/07/14 19:01:44	1013.8	1.0	27.7	27.8	80.0	79.0	24.0	330.0	9.2	9.2
2025/07/14 19:01:45	1013.8	1.0	27.7	27.8	80.0	79.0	25.0	330.0	9.5	9.5
2025/07/14 19:01:46	1013.8	1.0	27.7	27.8	80.0	79.0	25.0	331.0	9.7	9.7
2025/07/14 19:01:47	1013.8	1.0	27.7	27.8	80.0	79.0	24.0	330.0	9.7	9.7
2025/07/14 19:01:48	1013.8	1.0	27.7	27.8	80.0	79.0	22.0	328.0	9.6	9.6
2025/07/14 19:01:49	1013.8	1.0	27.7	27.8	80.0	79.0	23.0	328.0	9.8	9.8
2025/07/14 19:01:50	1013.8	1.0	27.7	27.8	80.0	79.0	25.0	330.0	9.6	9.6
2025/07/14 19:01:51	1013.8	1.0	27.7	27.8	80.0	79.0	26.0	331.0	9.6	9.6
2025/07/14 19:01:52	1013.8	1.0	27.7	27.8	80.0	79.0	26.0	331.0	9.6	9.6
2025/07/14 19:01:53	1013.8	1.0	27.7	27.8	80.0	79.0	25.0	330.0	9.6	9.6
2025/07/14 19:01:54	1013.8	1.0	27.7	27.8	80.0	79.0	23.0	328.0	9.4	9.4
2025/07/14 19:01:55	1013.8	1.0	27.7	27.8	80.0	79.0	25.0	330.0	9.3	9.3
2025/07/14 19:01:56	1013.8	1.0	27.7	27.8	80.0	79.0	28.0	333.0	9.7	9.7
2025/07/14 19:01:57	1013.8	1.0	27.7	27.8	80.0	79.0	30.0	335.0	10.0	10.0
2025/07/14 19:01:58	1013.8	1.0	27.7	27.8	80.0	79.0	30.0	335.0	10.1	10.1
2025/07/14 19:01:59	1013.8	1.0	27.7	27.8	80.0	79.0	30.0	334.0	10.4	10.4
2025/07/14 19:02:00	1013.8	1.0	27.7	27.8	80.0	79.0	30.0	334.0	10.5	10.5
2025/07/14 19:02:01	1013.8	1.0	27.7	27.8	80.0	79.0	28.0	332.0	10.9	10.9
2025/07/14 19:02:02	1013.8	1.0	27.7	27.8	80.0	79.0	27.0	331.0	11.0	11.0
2025/07/14 19:02:03	1013.8	1.0	27.7	27.8	80.0	79.0	25.0	330.0	11.3	11.3
2025/07/14 19:02:04	1013.8	1.0	27.7	27.8	80.0	79.0	24.0	329.0	11.4	11.4
2025/07/14 19:02:05	1013.8	1.0	27.7	27.8	80.0	79.0	22.0	328.0	10.8	10.8
2025/07/14 19:02:06	1013.8	1.0	27.7	27.8	80.0	79.0	22.0	327.0	10.1	10.1
2025/07/14 19:02:07	1013.8	1.0	27.7	27.8	80.0	79.0	24.0	329.0	9.7	9.7
2025/07/14 19:02:08	1013.8	1.0	27.7	27.8	80.0	79.0	26.0	331.0	9.8	10.0
2025/07/14 19:02:09	1013.8	1.0	27.7	27.8	80.0	79.0	25.0	330.0	10.5	10.5
2025/07/14 19:02:10	1013.8	1.0	27.7	27.8	80.0	79.0	24.0	328.0	10.4	10.4
2025/07/14 19:02:11	1013.8	1.0	27.7	27.8	80.0	79.0	22.0	327.0	10.4	10.4
2025/07/14 19:02:12	1013.8	1.0	27.7	27.8	80.0	79.0	20.0	325.0	10.7	10.7
2025/07/14 19:02:13	1013.8	1.0	27.7	27.8	80.0	79.0	20.0	326.0	10.6	10.8
2025/07/14 19:02:14	1013.8	1.0	27.7	27.8	80.0	79.0	23.0	328.0	11.2	11.2
2025/07/14 19:02:15	1013.7	1.0	27.7	27.8	80.0	79.0	24.0	328.0	11.1	11.1
2025/07/14 19:02:16	1013.7	1.0	27.7	27.8	80.0	79.0	22.0	327.0	10.6	10.8
2025/07/14 19:02:17	1013.7	1.0	27.7	27.8	80.0	79.0	20.0	325.0	10.2	10.4
2025/07/14 19:02:18	1013.7	1.0	27.7	27.8	80.0	79.0	21.0	325.0	10.4	10.4
2025/07/14 19:02:19	1013.7	1.0	27.7	27.8	80.0	79.0	20.0	324.0	11.0	11.0
2025/07/14 19:02:20	1013.7	1.0	27.7	27.8	80.0	79.0	19.0	324.0	11.0	11.0
2025/07/14 19:02:21	1013.7	1.0	27.7	27.8	80.0	79.0	20.0	325.0	10.4	10.4
2025/07/14 19:02:22	1013.7	1.0	27.7	27.8	80.0	79.0	23.0	327.0	9.8	9.8
2025/07/14 19:02:23	1013.7	1.0	27.7	27.8	80.0	79.0	25.0	329.0	9.7	9.7
2025/07/14 19:02:24	1013.7	1.0	27.7	27.8	80.0	79.0	26.0	331.0	9.9	9.9
2025/07/14 19:02:25	1013.7	1.0	27.7	27.8	80.0	79.0	26.0	331.0	10.2	10.2
2025/07/14 19:02:26	1013.7	1.0	27.7	27.8	80.0	79.0	27.0	331.0	9.7	9.7
2025/07/14 19:02:27	1013.7	1.0	27.7	27.8	80.0	79.0	21.0	325.0	9.5	9.5
2025/07/14 19:02:28	1013.7	1.0	27.7	27.8	80.0	79.0	20.0	324.0	10.1	10.1
2025/07/14 19:02:29	1013.7	1.0	27.7	27.8	80.0	79.0	20.0	324.0	10.8	10.8
2025/07/14 19:02:30	1013.7	1.0	27.7	27.8	80.0	79.0	21.0	325.0	11.3	11.3
2025/07/14 19:02:31	1013.7	1.0	27.7	27.8	80.0	79.0	21.0	324.0	11.3	11.3
2025/07/14 19:02:32	1013.7	1.0	27.7	27.8	80.0	79.0	19.0	323.0	11.0	11.0
2025/07/14 19:02:33	1013.7	1.0	27.7	27.8	80.0	79.0	20.0	324.0	10.5	10.5
2025/07/14 19:02:34	1013.7	1.0	27.7	27.8	80.0	80.0	22.0	326.0	10.2	10.2
2025/07/14 19:02:35	1013.7	1.0	27.7	27.8	80.0	80.0	25.0	329.0	10.4	10.4
2025/07/14 19:02:36	1013.7	1.0	27.7	27.8	80.0	80.0	26.0	331.0	10.2	10.5
2025/07/14 19:02:37	1013.7	1.0	27.7	27.8	80.0	79.0	27.0	331.0	10.4	10.6
2025/07/14 19:02:38	1013.7	1.0	27.7	27.8	80.0	79.0	26.0	328.0	10.2	10.2
2025/07/14 19:02:39	1013.7	1.0	27.7	27.8	80.0	79.0	22.0	326.0	9.4	9.7
2025/07/14 19:02:40	1013.7	1.0	27.7	27.8	80.0	80.0	24.0	328.0	9.0	9.3
2025/07/14 19:02:41	1013.7	1.0	27.7	27.8	80.0	80.0	26.0	329.0	9.6	9.6
2025/07/14 19:02:42	1013.7	1.0	27.7	27.8	80.0	80.0	23.0	327.0	10.1	10.3
2025/07/14 19:02:43	1013.7	1.0	27.7	27.8	80.0	80.0	24.0	327.0	10.0	10.3
2025/07/14 19:02:44	1013.7	1.0	27.7	27.8	80.0	80.0	24.0	328.0	9.0	9.3
2025/07/14 19:02:45	1013.7	1.0	27.7	27.8	80.0	80.0	21.0	323.0	9.7	9.7
2025/07/14 19:02:46	1013.7	1.0	27.7	27.8	80.0	80.0	19.0	321.0	10.2	10.2
2025/07/14 19:02:47	1013.7	1.0	27.7	27.8	80.0	80.0	20.0	322.0	10.7	10.7
2025/07/14 19:02:48	1013.7	1.0	27.7	27.8	80.0	80.0	22.0	324.0	10.8	10.8
2025/07/14 19:02:49	1013.7	1.0	27.7	27.8	80.0	80.0	20.0	322.0	10.6	10.6
2025/07/14 19:02:50	1013.7	1.0	27.7	27.8	80.0	80.0	22.0	324.0	10.9	10.9
2025/07/14 19:02:51	1013.7	1.0	27.7	27.8	80.0	80.0	20.0	322.0	10.3	10.5
2025/07/14 19:02:52	1013.7	1.0	27.7	27.8	80.0	80.0	21.0	322.0	10.0	10.0
2025/07/14 19:02:53	1013.7	1.0	27.7	27.8	80.0	79.0	23.0	324.0	9.6	9.6
2025/07/14 19:02:54	1013.7	1.0	27.7	27.8	80.0	79.0	25.0	326.0	9.3	9.5
2025/07/14 19:02:55	1013.7	1.0	27.7	27.8	80.0	79.0	25.0	326.0	9.2	9.4
2025/07/14 19:02:56	1013.7	1.0	27.7	27.8	80.0	80.0	26.0	328.0	9.1	9.4
2025/07/14 19:02:57	1013.7	1.0	27.7	27.8	80.0	80.0	23.0	325.0	9.4	9.7
2025/07/14 19:02:58	1013.7	1.0	27.7	27.8	80.0	80.0	17.0	319.0	9.8	10.1
2025/07/14 19:02:59	1013.7	1.0	27.7	27.8	80.0	80.0	16.0	318.0	10.4	10.7
2025/07/14 19:03:00	1013.8	1.0	27.7	27.8	80.0	80.0	17.0	317.0	10.5	10.5
2025/07/14 19:03:01	1013.8	1.0	27.7	27.8	80.0	80.0	19.0	319.0	10.2	10.2
2025/07/14 19:03:02	1013.8	1.0	27.7	27.8	80.0	80.0	19.0	319.0	10.3	10.3
2025/07/14 19:03:03	1013.8	1.0	27.7	27.8	80.0	80.0	20.0	320.0	10.2	10.2
2025/07/14 19:03:04	1013.8	1.0	27.7	27.8	80.0	80.0	21.0	322.0	10.0	10.2
2025/07/14 19:03:05	1013.8	1.0	27.7	27.8	80.0	80.0	23.0	324.0	9.5	9.7
2025/07/14 19:03:06	1013.8	1.0	27.7	27.8	80.0	80.0	22.0	323.0	8.7	8.9
2025/07/14 19:03:07	1013.8	1.0	27.7	27.8	80.0	80.0	20.0	321.0	8.9	9.1
2025/07/14 19:03:08	1013.8	1.0	27.7	27.8	80.0	80.0	22.0	322.0	8.9	8.9
2025/07/14 19:03:09	1013.8	1.0	27.7	27.8	80.0	80.0	24.0	324.0	9.3	9.3
2025/07/14 19:03:10	1013.8	1.0	27.7	27.8	80.0	80.0	25.0	324.0	9.2	9.2
2025/07/14 19:03:11	1013.8	1.0	27.7	27.8	80.0	80.0	25.0	326.0	8.5	8.8
2025/07/14 19:03:12	1013.8	1.0	27.7	27.8	80.0	80.0	22.0	324.0	8.5	8.9
2025/07/14 19:03:13	1013.8	1.0	27.7	27.8	80.0	80.0	20.0	322.0	8.8	9.3
2025/07/14 19:03:14	1013.8	1.0	27.7	27.8	80.0	80.0	17.0	318.0	9.5	9.8
2025/07/14 19:03:15	1013.8	1.0	27.7	27.8	80.0	80.0	16.0	315.0	10.0	10.0
2025/07/14 19:03:16	1013.8	1.0	27.8	27.8	80.0	80.0	14.0	313.0	10.1	10.1
2025/07/14 19:03:17	1013.8	1.0	27.8	27.8	80.0	80.0	16.0	314.0	10.5	10.5
2025/07/14 19:03:18	1013.7	1.0	27.7	27.8	81.0	80.0	20.0	320.0	10.0	10.2
2025/07/14 19:03:19	1013.7	1.0	27.7	27.8	81.0	80.0	26.0	327.0	9.3	9.6
2025/07/14 19:03:20	1013.7	1.0	27.7	27.8	81.0	80.0	30.0	330.0	9.2	9.6
2025/07/14 19:03:21	1013.7	1.0	27.7	27.8	80.0	80.0	29.0	329.0	8.9	9.2
2025/07/14 19:03:22	1013.7	1.0	27.7	27.8	80.0	80.0	26.0	326.0	8.9	9.2
2025/07/14 19:03:23	1013.7	1.0	27.8	27.8	81.0	80.0	28.0	328.0	8.6	8.9
2025/07/14 19:03:24	1013.7	1.0	27.8	27.8	81.0	80.0	29.0	330.0	7.9	8.3
2025/07/14 19:03:25	1013.7	1.0	27.8	27.8	81.0	80.0	26.0	327.0	8.3	8.8
2025/07/14 19:03:26	1013.7	1.0	27.8	27.8	81.0	80.0	25.0	325.0	8.8	9.2
2025/07/14 19:03:27	1013.8	1.0	27.8	27.8	81.0	80.0	24.0	324.0	9.6	10.0
2025/07/14 19:03:28	1013.8	1.0	27.8	27.8	81.0	80.0	24.0	324.0	10.0	10.3
2025/07/14 19:03:29	1013.8	1.0	27.8	27.8	81.0	80.0	27.0	327.0	9.8	10.1
2025/07/14 19:03:30	1013.8	1.0	27.8	27.8	81.0	81.0	28.0	328.0	9.6	9.9
2025/07/14 19:03:31	1013.8	1.0	27.8	27.8	81.0	81.0	28.0	328.0	9.0	9.3
2025/07/14 19:03:32	1013.8	1.0	27.8	27.8	81.0	81.0	28.0	328.0	9.5	9.8
2025/07/14 19:03:33	1013.8	1.0	27.8	27.8	81.0	81.0	30.0	329.0	9.2	9.6
2025/07/14 19:03:34	1013.8	1.0	27.8	27.8	81.0	81.0	31.0	331.0	8.8	9.2
2025/07/14 19:03:35	1013.8	1.0	27.8	27.8	81.0	81.0	33.0	333.0	8.7	9.1
2025/07/14 19:03:36	1013.8	1.0	27.8	27.8	81.0	81.0	31.0	331.0	8.2	8.6
2025/07/14 19:03:37	1013.8	1.0	27.8	27.8	81.0	81.0	26.0	327.0	8.4	8.8
2025/07/14 19:03:38	1013.8	1.0	27.8	27.8	81.0	81.0	22.0	322.0	8.3	8.7
2025/07/14 19:03:39	1013.8	1.0	27.7	27.8	81.0	81.0	20.0	320.0	8.9	9.3
2025/07/14 19:03:40	1013.8	1.0	27.7	27.8	81.0	81.0	19.0	320.0	9.2	9.6
2025/07/14 19:03:41	1013.8	1.0	27.8	27.8	81.0	81.0	19.0	320.0	9.0	9.5
2025/07/14 19:03:42	1013.8	1.0	27.8	27.8	81.0	81.0	20.0	321.0	9.0	9.5
2025/07/14 19:03:43	1013.8	1.0	27.8	27.8	81.0	80.0	20.0	320.0	8.4	8.8
2025/07/14 19:03:44	1013.8	1.0	27.8	27.8	81.0	80.0	21.0	321.0	7.8	8.2
2025/07/14 19:03:45	1013.9	1.0	27.8	27.8	81.0	81.0	24.0	324.0	8.2	8.5
2025/07/14 19:03:46	1013.9	1.0	27.8	27.8	81.0	81.0	23.0	322.0	8.3	8.6
2025/07/14 19:03:47	1013.9	1.0	27.8	27.8	81.0	81.0	26.0	325.0	8.6	9.0
2025/07/14 19:03:48	1013.9	1.0	27.8	27.8	81.0	81.0	29.0	328.0	8.6	9.1
2025/07/14 19:03:49	1013.9	1.0	27.7	27.8	81.0	81.0	29.0	329.0	8.4	8.9
2025/07/14 19:03:50	1013.9	1.0	27.7	27.8	81.0	81.0	28.0	328.0	8.1	8.7
2025/07/14 19:03:51	1013.9	1.0	27.7	27.8	81.0	80.0	25.0	325.0	7.9	8.5
2025/07/14 19:03:52	1013.9	1.0	27.7	27.8	81.0	80.0	25.0	324.0	8.2	8.7
2025/07/14 19:03:53	1013.9	1.0	27.7	27.8	81.0	80.0	23.0	322.0	9.1	9.5
2025/07/14 19:03:54	1013.8	1.0	27.7	27.8	81.0	80.0	22.0	322.0	9.3	9.7
2025/07/14 19:03:55	1013.8	1.0	27.7	27.8	81.0	80.0	22.0	322.0	9.8	10.3
2025/07/14 19:03:56	1013.8	1.0	27.7	27.8	81.0	80.0	24.0	324.0	10.0	10.6
2025/07/14 19:03:57	1013.8	1.0	27.7	27.8	81.0	80.0	24.0	324.0	9.8	10.4
2025/07/14 19:03:58	1013.8	1.0	27.7	27.8	81.0	80.0	26.0	325.0	9.4	9.9
2025/07/14 19:03:59	1013.8	1.0	27.7	27.8	81.0	80.0	27.0	326.0	8.7	9.1
2025/07/14 19:04:00	1013.8	1.0	27.7	27.8	81.0	80.0	30.0	328.0	8.4	8.8
2025/07/14 19:04:01	1013.8	1.0	27.7	27.8	81.0	80.0	33.0	331.0	8.3	8.7
2025/07/14 19:04:02	1013.8	1.0	27.7	27.8	81.0	80.0	34.0	333.0	8.6	9.1
2025/07/14 19:04:03	1013.8	1.0	27.7	27.8	80.0	80.0	32.0	332.0	8.9	9.5
2025/07/14 19:04:04	1013.8	1.0	27.7	27.8	80.0	80.0	28.0	328.0	8.9	9.5
2025/07/14 19:04:05	1013.8	1.0	27.7	27.8	81.0	80.0	25.0	325.0	8.5	9.1
2025/07/14 19:04:06	1013.8	1.0	27.7	27.8	81.0	80.0	24.0	324.0	8.6	9.2
2025/07/14 19:04:07	1013.8	1.0	27.7	27.8	81.0	80.0	23.0	323.0	8.8	9.4
2025/07/14 19:04:08	1013.8	1.0	27.7	27.8	81.0	80.0	23.0	322.0	9.3	9.8
2025/07/14 19:04:09	1013.8	1.0	27.7	27.8	81.0	80.0	25.0	324.0	9.7	10.2
2025/07/14 19:04:10	1013.8	1.0	27.7	27.8	81.0	80.0	27.0	326.0	9.3	9.9
2025/07/14 19:04:11	1013.8	1.0	27.7	27.8	81.0	80.0	28.0	328.0	8.7	9.4
2025/07/14 19:04:12	1013.8	1.0	27.7	27.8	81.0	80.0	29.0	328.0	8.4	9.0
2025/07/14 19:04:13	1013.8	1.0	27.7	27.8	81.0	80.0	30.0	329.0	7.8	8.3
2025/07/14 19:04:14	1013.8	1.0	27.7	27.8	81.0	80.0	33.0	331.0	7.3	7.8
2025/07/14 19:04:15	1013.8	1.0	27.7	27.8	81.0	80.0	39.0	337.0	7.2	7.7
2025/07/14 19:04:16	1013.8	1.0	27.7	27.8	81.0	80.0	36.0	336.0	6.9	7.6
2025/07/14 19:04:17	1013.8	1.0	27.7	27.8	81.0	80.0	35.0	334.0	7.3	8.1
2025/07/14 19:04:18	1013.8	1.0	27.7	27.8	81.0	80.0	35.0	334.0	7.2	8.0
2025/07/14 19:04:19	1013.8	1.0	27.7	27.8	81.0	80.0	34.0	333.0	7.0	7.6
2025/07/14 19:04:20	1013.8	1.0	27.7	27.8	81.0	81.0	30.0	329.0	7.3	7.8
2025/07/14 19:04:21	1013.8	1.0	27.7	27.8	81.0	81.0	26.0	325.0	7.7	8.2
2025/07/14 19:04:22	1013.8	1.0	27.7	27.8	81.0	81.0	26.0	325.0	7.8	8.4
2025/07/14 19:04:23	1013.8	1.0	27.7	27.8	81.0	81.0	27.0	326.0	8.0	8.7
2025/07/14 19:04:24	1013.8	1.0	27.7	27.8	81.0	81.0	28.0	327.0	7.5	8.3
2025/07/14 19:04:25	1013.8	1.0	27.7	27.8	81.0	81.0	30.0	329.0	7.1	7.8
2025/07/14 19:04:26	1013.8	1.0	27.8	27.8	81.0	81.0	32.0	331.0	7.1	7.8
2025/07/14 19:04:27	1013.8	1.0	27.8	27.8	81.0	81.0	39.0	337.0	7.0	7.6
2025/07/14 19:04:28	1013.8	1.0	27.8	27.8	81.0	82.0	40.0	338.0	6.5	7.1
2025/07/14 19:04:29	1013.8	1.0	27.8	27.8	81.0	82.0	40.0	338.0	7.1	7.7
2025/07/14 19:04:30	1013.8	1.0	27.8	27.8	81.0	82.0	39.0	337.0	7.5	8.2
2025/07/14 19:04:31	1013.8	1.0	27.8	27.8	82.0	82.0	37.0	336.0	8.0	8.7
2025/07/14 19:04:32	1013.8	1.0	27.8	27.8	82.0	82.0	36.0	335.0	7.2	7.9
2025/07/14 19:04:33	1013.8	1.0	27.8	27.8	82.0	83.0	37.0	336.0	6.9	7.6
2025/07/14 19:04:34	1013.8	1.0	27.8	27.8	82.0	83.0	38.0	336.0	7.1	7.8
2025/07/14 19:04:35	1013.8	1.0	27.8	27.8	82.0	83.0	38.0	336.0	7.2	7.9
2025/07/14 19:04:36	1013.8	1.0	27.8	27.8	82.0	83.0	32.0	331.0	7.7	8.4
2025/07/14 19:04:37	1013.8	1.0	27.8	27.8	82.0	83.0	27.0	326.0	7.4	8.1
2025/07/14 19:04:38	1013.8	1.0	27.8	27.8	82.0	83.0	26.0	325.0	7.7	8.4
2025/07/14 19:04:39	1013.8	1.0	27.8	27.8	83.0	83.0	30.0	329.0	8.6	9.3
2025/07/14 19:04:40	1013.8	1.0	27.8	27.8	83.0	84.0	35.0	333.0	8.5	9.3
2025/07/14 19:04:41	1013.8	1.0	27.8	27.8	83.0	84.0	34.0	333.0	8.3	9.1
2025/07/14 19:04:42	1013.8	1.0	27.8	27.8	83.0	84.0	34.0	332.0	7.9	8.6
2025/07/14 19:04:43	1013.8	1.0	27.8	27.8	83.0	84.0	35.0	334.0	7.9	8.6
2025/07/14 19:04:44	1013.8	1.0	27.8	27.8	83.0	84.0	39.0	337.0	7.8	8.5
2025/07/14 19:04:45	1013.8	1.0	27.8	27.8	83.0	84.0	42.0	339.0	7.9	8.5
2025/07/14 19:04:46	1013.8	1.0	27.8	27.8	83.0	85.0	41.0	339.0	7.6	8.2
2025/07/14 19:04:47	1013.8	1.0	27.7	27.8	84.0	85.0	36.0	335.0	7.4	8.1
2025/07/14 19:04:48	1013.8	1.0	27.7	27.7	84.0	85.0	32.0	332.0	7.5	8.3
2025/07/14 19:04:49	1013.8	1.0	27.7	27.7	84.0	85.0	32.0	331.0	8.3	9.1
2025/07/14 19:04:50	1013.8	1.0	27.7	27.7	84.0	85.0	30.0	329.0	9.1	9.8
2025/07/14 19:04:51	1013.8	1.0	27.7	27.7	84.0	85.0	29.0	328.0	9.0	9.6
2025/07/14 19:04:52	1013.8	1.0	27.6	27.7	84.0	85.0	28.0	327.0	8.3	8.9
2025/07/14 19:04:53	1013.8	1.0	27.6	27.7	84.0	85.0	32.0	331.0	8.2	8.7
2025/07/14 19:04:54	1013.8	1.0	27.6	27.7	84.0	85.0	36.0	335.0	7.8	8.4
2025/07/14 19:04:55	1013.8	1.0	27.6	27.7	84.0	85.0	40.0	339.0	7.5	8.2
2025/07/14 19:04:56	1013.8	1.0	27.6	27.6	84.0	86.0	39.0	339.0	7.2	8.0
2025/07/14 19:04:57	1013.8	1.0	27.6	27.6	84.0	86.0	37.0	337.0	7.4	8.1
2025/07/14 19:04:58	1013.8	1.0	27.6	27.6	85.0	86.0	35.0	335.0	7.6	8.3
2025/07/14 19:04:59	1013.8	1.0	27.6	27.6	85.0	86.0	31.0	331.0	7.7	8.3
2025/07/14 19:05:00	1013.8	1.0	27.5	27.6	85.0	86.0	32.0	332.0	7.9	8.5
2025/07/14 19:05:01	1013.8	1.0	27.5	27.6	85.0	86.0	35.0	334.0	8.1	8.7
2025/07/14 19:05:02	1013.8	1.0	27.5	27.6	85.0	86.0	38.0	337.0	8.1	8.7
2025/07/14 19:05:03	1013.8	1.0	27.5	27.6	85.0	86.0	35.0	335.0	8.1	8.7
2025/07/14 19:05:04	1013.8	1.0	27.5	27.5	85.0	86.0	31.0	332.0	8.2	8.9
2025/07/14 19:05:05	1013.8	1.0	27.5	27.5	85.0	86.0	27.0	329.0	8.2	8.8
2025/07/14 19:05:06	1013.8	1.0	27.5	27.5	85.0	86.0	25.0	327.0	8.1	8.7
2025/07/14 19:05:07	1013.8	1.0	27.5	27.5	85.0	86.0	27.0	329.0	7.9	8.5
2025/07/14 19:05:08	1013.8	1.0	27.4	27.5	85.0	86.0	31.0	332.0	7.9	8.6
2025/07/14 19:05:09	1013.8	1.0	27.4	27.5	85.0	86.0	36.0	337.0	8.3	9.0
2025/07/14 19:05:10	1013.8	1.0	27.4	27.5	85.0	87.0	39.0	340.0	8.0	8.8
2025/07/14 19:05:11	1013.8	1.0	27.4	27.5	85.0	87.0	39.0	341.0	7.7	8.5
2025/07/14 19:05:12	1013.8	1.0	27.4	27.4	85.0	87.0	36.0	338.0	7.4	8.1
2025/07/14 19:05:13	1013.8	1.0	27.4	27.4	85.0	87.0	32.0	335.0	7.3	7.9
2025/07/14 19:05:14	1013.8	1.0	27.4	27.4	85.0	87.0	32.0	334.0	7.4	8.0
2025/07/14 19:05:15	1013.8	1.0	27.4	27.4	85.0	87.0	33.0	335.0	7.9	8.5
2025/07/14 19:05:16	1013.8	1.0	27.3	27.4	86.0	87.0	32.0	334.0	8.3	8.9
2025/07/14 19:05:17	1013.8	1.0	27.3	27.4	86.0	87.0	33.0	335.0	8.1	8.8
2025/07/14 19:05:18	1013.8	1.0	27.3	27.4	86.0	87.0	33.0	337.0	7.3	8.0
2025/07/14 19:05:19	1013.8	1.0	27.3	27.4	86.0	87.0	31.0	335.0	7.4	8.1
2025/07/14 19:05:20	1013.8	1.0	27.3	27.3	86.0	87.0	31.0	336.0	7.5	8.3
2025/07/14 19:05:21	1013.8	1.0	27.3	27.3	86.0	87.0	33.0	337.0	7.4	8.2
2025/07/14 19:05:22	1013.8	1.0	27.3	27.3	86.0	87.0	31.0	336.0	7.6	8.3
2025/07/14 19:05:23	1013.8	1.0	27.3	27.3	86.0	87.0	32.0	336.0	7.2	7.9
2025/07/14 19:05:24	1013.8	1.0	27.3	27.3	86.0	87.0	35.0	338.0	6.9	7.5
2025/07/14 19:05:25	1013.8	1.0	27.3	27.3	86.0	87.0	38.0	342.0	7.1	7.7
2025/07/14 19:05:26	1013.8	1.0	27.3	27.3	86.0	87.0	40.0	345.0	7.5	8.2
2025/07/14 19:05:27	1013.8	1.0	27.2	27.3	86.0	87.0	39.0	344.0	7.6	8.4
2025/07/14 19:05:28	1013.8	1.0	27.2	27.3	86.0	88.0	36.0	341.0	7.8	8.6
2025/07/14 19:05:29	1013.8	1.0	27.2	27.3	86.0	88.0	33.0	338.0	7.9	8.7
2025/07/14 19:05:30	1013.8	1.0	27.2	27.3	86.0	88.0	30.0	335.0	8.0	8.6
2025/07/14 19:05:31	1013.8	1.0	27.2	27.3	86.0	88.0	30.0	335.0	7.9	8.5
2025/07/14 19:05:32	1013.8	1.0	27.2	27.3	86.0	88.0	32.0	337.0	7.9	8.5
2025/07/14 19:05:33	1013.8	1.0	27.2	27.3	86.0	88.0	34.0	340.0	7.6	8.3
2025/07/14 19:05:34	1013.8	1.0	27.2	27.3	86.0	88.0	36.0	342.0	7.6	8.3
2025/07/14 19:05:35	1013.8	1.0	27.2	27.3	86.0	88.0	34.0	341.0	7.7	8.5
2025/07/14 19:05:36	1013.8	1.0	27.2	27.2	86.0	88.0	31.0	338.0	7.0	7.9
2025/07/14 19:05:37	1013.8	1.0	27.2	27.2	86.0	88.0	34.0	341.0	6.5	7.4
2025/07/14 19:05:38	1013.8	1.0	27.2	27.2	86.0	88.0	36.0	343.0	6.3	7.1
2025/07/14 19:05:39	1013.8	1.0	27.2	27.2	87.0	88.0	39.0	345.0	6.3	7.0
2025/07/14 19:05:40	1013.8	1.0	27.2	27.2	87.0	88.0	39.0	345.0	6.5	7.1
2025/07/14 19:05:41	1013.8	1.0	27.2	27.2	87.0	88.0	38.0	345.0	6.6	7.2
2025/07/14 19:05:42	1013.8	1.0	27.1	27.2	87.0	88.0	38.0	345.0	6.7	7.4
2025/07/14 19:05:43	1013.8	1.0	27.1	27.2	87.0	88.0	35.0	343.0	6.8	7.5
2025/07/14 19:05:44	1013.8	1.0	27.1	27.2	87.0	88.0	31.0	339.0	7.0	7.7
2025/07/14 19:05:45	1013.8	1.0	27.1	27.2	87.0	88.0	29.0	337.0	7.2	7.9
2025/07/14 19:05:46	1013.8	1.0	27.1	27.2	87.0	88.0	28.0	337.0	7.1	7.8
2025/07/14 19:05:47	1013.8	1.0	27.1	27.2	87.0	88.0	31.0	339.0	7.0	7.8
2025/07/14 19:05:48	1013.8	1.0	27.1	27.2	87.0	88.0	35.0	343.0	7.1	7.9
2025/07/14 19:05:49	1013.8	1.0	27.1	27.2	87.0	88.0	38.0	346.0	7.1	7.9
2025/07/14 19:05:50	1013.8	1.0	27.1	27.2	87.0	88.0	39.0	347.0	6.8	7.5
2025/07/14 19:05:51	1013.8	1.0	27.1	27.1	87.0	88.0	41.0	349.0	6.3	7.1
2025/07/14 19:05:52	1013.8	1.0	27.1	27.1	87.0	88.0	44.0	352.0	6.7	7.4
2025/07/14 19:05:53	1013.8	1.0	27.1	27.1	87.0	88.0	40.0	348.0	7.0	7.7
2025/07/14 19:05:54	1013.8	1.0	27.1	27.1	87.0	88.0	36.0	345.0	7.0	7.7
2025/07/14 19:05:55	1013.8	1.0	27.1	27.1	87.0	88.0	37.0	346.0	7.0	7.8
2025/07/14 19:05:56	1013.8	1.0	27.1	27.1	87.0	88.0	37.0	346.0	6.8	7.6
2025/07/14 19:05:57	1013.8	1.0	27.1	27.1	87.0	88.0	37.0	345.0	6.7	7.4
2025/07/14 19:05:58	1013.8	1.0	27.1	27.1	87.0	88.0	36.0	345.0	6.8	7.5
2025/07/14 19:05:59	1013.8	1.0	27.1	27.1	87.0	88.0	41.0	350.0	6.9	7.7
2025/07/14 19:06:00	1013.8	1.0	27.1	27.1	87.0	88.0	42.0	350.0	7.3	8.1
2025/07/14 19:06:01	1013.8	1.0	27.1	27.1	87.0	88.0	40.0	349.0	7.1	7.9
2025/07/14 19:06:02	1013.8	1.0	27.1	27.1	87.0	88.0	40.0	349.0	6.8	7.6
2025/07/14 19:06:03	1013.8	1.0	27.1	27.1	87.0	88.0	38.0	347.0	6.8	7.6
2025/07/14 19:06:04	1013.8	1.0	27.1	27.1	87.0	88.0	37.0	346.0	6.9	7.7
2025/07/14 19:06:05	1013.8	1.0	27.1	27.1	87.0	88.0	42.0	350.0	6.7	7.5
2025/07/14 19:06:06	1013.8	1.0	27.1	27.1	87.0	88.0	43.0	351.0	6.4	7.2
2025/07/14 19:06:07	1013.8	1.0	27.1	27.1	87.0	89.0	37.0	347.0	7.2	8.0
2025/07/14 19:06:08	1013.8	1.0	27.1	27.1	87.0	89.0	33.0	343.0	7.4	8.2
2025/07/14 19:06:09	1013.9	1.0	27.1	27.1	87.0	89.0	31.0	340.0	7.4	8.2
2025/07/14 19:06:10	1013.9	1.0	27.1	27.1	87.0	89.0	29.0	339.0	7.2	7.9
2025/07/14 19:06:11	1013.9	1.0	27.1	27.1	88.0	89.0	34.0	342.0	6.7	7.3
2025/07/14 19:06:12	1013.9	1.0	27.1	27.1	88.0	89.0	36.0	345.0	7.0	7.6
2025/07/14 19:06:13	1013.9	1.0	27.1	27.1	88.0	89.0	40.0	348.0	6.9	7.6
2025/07/14 19:06:14	1013.9	1.0	27.1	27.1	88.0	89.0	39.0	348.0	6.8	7.7
2025/07/14 19:06:15	1013.9	1.0	27.1	27.1	88.0	89.0	39.0	348.0	6.7	7.6
2025/07/14 19:06:16	1013.9	1.0	27.1	27.1	88.0	89.0	35.0	344.0	6.4	7.3
2025/07/14 19:06:17	1013.9	1.0	27.1	27.1	88.0	89.0	33.0	343.0	6.0	6.8
2025/07/14 19:06:18	1013.9	1.0	27.1	27.1	88.0	89.0	37.0	345.0	6.0	6.7
2025/07/14 19:06:19	1013.9	1.0	27.1	27.1	88.0	89.0	41.0	349.0	6.4	7.1
2025/07/14 19:06:20	1013.9	1.0	27.1	27.1	88.0	89.0	40.0	348.0	6.8	7.4
2025/07/14 19:06:21	1013.9	1.0	27.1	27.1	88.0	89.0	38.0	346.0	6.5	7.2
2025/07/14 19:06:22	1013.9	1.0	27.1	27.1	88.0	89.0	36.0	344.0	6.6	7.3
2025/07/14 19:06:23	1013.9	1.0	27.1	27.1	88.0	90.0	35.0	344.0	6.6	7.4
2025/07/14 19:06:24	1013.9	1.0	27.1	27.1	88.0	90.0	38.0	346.0	6.3	7.2
2025/07/14 19:06:25	1013.9	1.0	27.1	27.1	88.0	90.0	31.0	340.0	6.9	7.7
2025/07/14 19:06:26	1013.9	1.0	27.1	27.1	88.0	89.0	35.0	343.0	7.2	7.9
2025/07/14 19:06:27	1013.8	1.0	27.1	27.1	88.0	89.0	40.0	347.0	7.4	8.1
2025/07/14 19:06:28	1013.8	1.0	27.1	27.1	88.0	89.0	44.0	351.0	7.3	8.0
2025/07/14 19:06:29	1013.8	1.0	27.1	27.1	88.0	89.0	43.0	350.0	7.0	7.7
2025/07/14 19:06:30	1013.8	1.0	27.1	27.1	88.0	89.0	43.0	350.0	6.8	7.5
2025/07/14 19:06:31	1013.8	1.0	27.1	27.1	88.0	89.0	41.0	348.0	6.5	7.3
2025/07/14 19:06:32	1013.8	1.0	27.1	27.1	88.0	89.0	41.0	348.0	6.9	7.7
2025/07/14 19:06:33	1013.8	1.0	27.1	27.1	88.0	89.0	40.0	347.0	6.9	7.7
2025/07/14 19:06:34	1013.8	1.0	27.1	27.1	88.0	89.0	38.0	345.0	6.6	7.5
2025/07/14 19:06:35	1013.8	1.0	27.0	27.1	88.0	89.0	37.0	344.0	6.5	7.3
2025/07/14 19:06:36	1013.8	1.0	27.0	27.1	88.0	89.0	37.0	344.0	6.7	7.4
2025/07/14 19:06:37	1013.8	1.0	27.0	27.1	88.0	89.0	38.0	345.0	6.8	7.5
2025/07/14 19:06:38	1013.8	1.0	27.0	27.0	88.0	89.0	44.0	350.0	6.7	7.4
2025/07/14 19:06:39	1013.8	1.0	27.0	27.0	88.0	89.0	47.0	353.0	6.6	7.3
2025/07/14 19:06:40	1013.8	1.0	27.0	27.0	88.0	89.0	46.0	352.0	6.4	7.1
2025/07/14 19:06:41	1013.8	1.0	27.0	27.0	88.0	89.0	46.0	352.0	6.3	7.0
2025/07/14 19:06:42	1013.8	1.0	27.0	27.0	88.0	89.0	45.0	351.0	6.6	7.3
2025/07/14 19:06:43	1013.8	1.0	27.0	27.0	88.0	89.0	42.0	348.0	6.9	7.7
2025/07/14 19:06:44	1013.8	1.0	27.0	27.0	88.0	89.0	41.0	348.0	7.3	8.1
2025/07/14 19:06:45	1013.8	1.0	27.0	27.0	88.0	89.0	42.0	348.0	7.2	8.1
2025/07/14 19:06:46	1013.8	1.0	27.0	27.0	88.0	89.0	41.0	347.0	6.9	7.8
2025/07/14 19:06:47	1013.8	1.0	27.0	27.0	88.0	89.0	42.0	348.0	6.5	7.3
2025/07/14 19:06:48	1013.8	1.0	27.0	27.0	88.0	89.0	43.0	349.0	6.6	7.4
2025/07/14 19:06:49	1013.8	1.0	27.0	27.0	88.0	89.0	43.0	348.0	7.0	7.8
2025/07/14 19:06:50	1013.8	1.0	27.0	27.0	88.0	89.0	41.0	347.0	7.7	8.4
2025/07/14 19:06:51	1013.8	1.0	27.0	27.0	88.0	89.0	39.0	345.0	7.5	8.3
2025/07/14 19:06:52	1013.8	1.0	27.0	27.0	88.0	89.0	37.0	343.0	7.2	8.0
2025/07/14 19:06:53	1013.8	1.0	26.9	27.0	88.0	89.0	41.0	346.0	7.1	7.8
2025/07/14 19:06:54	1013.9	1.0	26.9	27.0	88.0	89.0	42.0	347.0	7.0	7.7
2025/07/14 19:06:55	1013.9	1.0	26.9	27.0	88.0	89.0	40.0	345.0	6.9	7.6
2025/07/14 19:06:56	1013.9	1.0	26.9	27.0	88.0	89.0	39.0	344.0	6.9	7.6
2025/07/14 19:06:57	1013.9	1.0	26.9	27.0	88.0	89.0	44.0	349.0	6.6	7.4
2025/07/14 19:06:58	1013.9	1.0	26.9	27.0	88.0	89.0	46.0	351.0	6.4	7.3
2025/07/14 19:06:59	1013.9	1.0	26.9	27.0	88.0	89.0	43.0	348.0	6.5	7.4
2025/07/14 19:07:00	1013.9	1.0	26.9	27.0	88.0	89.0	40.0	345.0	6.7	7.4
2025/07/14 19:07:01	1013.9	1.0	26.9	27.0	88.0	89.0	36.0	342.0	7.2	7.9
2025/07/14 19:07:02	1013.9	1.0	26.9	27.0	88.0	89.0	33.0	338.0	7.3	8.0
2025/07/14 19:07:03	1013.9	1.0	26.9	27.0	88.0	89.0	34.0	339.0	6.8	7.5
2025/07/14 19:07:04	1013.9	1.0	26.9	27.0	88.0	89.0	36.0	342.0	6.6	7.3
2025/07/14 19:07:05	1013.9	1.0	26.9	27.0	88.0	89.0	40.0	344.0	6.6	7.4
2025/07/14 19:07:06	1013.9	1.0	26.9	27.0	88.0	89.0	45.0	349.0	6.8	7.7
2025/07/14 19:07:07	1013.9	1.0	26.9	27.0	88.0	89.0	46.0	350.0	6.4	7.4
2025/07/14 19:07:08	1013.9	1.0	26.9	27.0	88.0	89.0	45.0	349.0	5.8	6.7
2025/07/14 19:07:09	1013.9	1.0	26.9	27.0	88.0	89.0	44.0	348.0	5.9	6.7
2025/07/14 19:07:10	1013.9	1.0	26.9	27.0	88.0	89.0	41.0	345.0	6.5	7.2
2025/07/14 19:07:11	1013.9	1.0	26.9	27.0	88.0	89.0	42.0	346.0	7.2	7.9
2025/07/14 19:07:12	1013.8	1.0	26.9	27.0	88.0	89.0	42.0	345.0	7.3	8.0
2025/07/14 19:07:13	1013.8	1.0	26.9	27.0	88.0	89.0	43.0	346.0	7.2	7.9
2025/07/14 19:07:14	1013.8	1.0	27.0	27.0	88.0	89.0	42.0	345.0	7.2	7.9
2025/07/14 19:07:15	1013.8	1.0	27.0	27.0	88.0	89.0	43.0	346.0	7.1	7.8
2025/07/14 19:07:16	1013.8	1.0	27.0	27.0	88.0	89.0	40.0	344.0	7.2	8.0
2025/07/14 19:07:17	1013.8	1.0	26.9	27.0	88.0	89.0	39.0	343.0	7.5	8.3
2025/07/14 19:07:18	1013.8	1.0	26.9	27.0	88.0	89.0	39.0	343.0	7.1	7.9
2025/07/14 19:07:19	1013.8	1.0	26.9	27.0	88.0	89.0	43.0	347.0	7.1	7.9
2025/07/14 19:07:20	1013.8	1.0	26.9	27.0	88.0	89.0	45.0	348.0	6.7	7.6
2025/07/14 19:07:21	1013.8	1.0	26.9	27.0	88.0	89.0	46.0	348.0	6.9	7.8
2025/07/14 19:07:22	1013.8	1.0	26.9	27.0	88.0	89.0	41.0	344.0	6.8	7.6
2025/07/14 19:07:23	1013.8	1.0	26.9	27.0	88.0	89.0	44.0	346.0	6.9	7.6
2025/07/14 19:07:24	1013.8	1.0	26.9	27.0	88.0	89.0	44.0	347.0	7.0	7.7
2025/07/14 19:07:25	1013.8	1.0	26.9	27.0	88.0	89.0	46.0	348.0	7.0	7.7
2025/07/14 19:07:26	1013.8	1.0	26.9	27.0	88.0	89.0	46.0	348.0	6.7	7.5
2025/07/14 19:07:27	1013.8	1.0	26.9	27.0	88.0	89.0	49.0	350.0	6.5	7.3
2025/07/14 19:07:28	1013.8	1.0	26.9	27.0	88.0	89.0	50.0	351.0	6.3	7.1
2025/07/14 19:07:29	1013.8	1.0	26.9	27.0	88.0	89.0	50.0	351.0	6.8	7.6
2025/07/14 19:07:30	1013.8	1.0	27.0	27.0	88.0	89.0	49.0	350.0	6.5	7.3
2025/07/14 19:07:31	1013.8	1.0	27.0	27.0	88.0	89.0	51.0	353.0	6.8	7.6
2025/07/14 19:07:32	1013.8	1.0	27.0	27.0	88.0	89.0	51.0	352.0	6.6	7.4
2025/07/14 19:07:33	1013.8	1.0	27.0	27.0	88.0	89.0	49.0	351.0	6.3	7.1
2025/07/14 19:07:34	1013.8	1.0	27.0	27.0	88.0	89.0	48.0	350.0	5.9	6.7
2025/07/14 19:07:35	1013.8	1.0	27.0	27.0	88.0	89.0	49.0	350.0	6.0	6.8
2025/07/14 19:07:36	1013.8	1.0	27.0	27.0	88.0	89.0	48.0	349.0	6.3	7.2
2025/07/14 19:07:37	1013.8	1.0	27.0	27.0	88.0	89.0	50.0	350.0	6.5	7.4
2025/07/14 19:07:38	1013.8	1.0	27.0	27.0	88.0	89.0	51.0	352.0	6.6	7.5
2025/07/14 19:07:39	1013.8	1.0	27.0	27.0	88.0	89.0	52.0	353.0	6.4	7.2
2025/07/14 19:07:40	1013.8	1.0	27.0	27.0	88.0	89.0	49.0	350.0	5.9	6.7
2025/07/14 19:07:41	1013.8	1.0	27.0	27.0	88.0	89.0	48.0	349.0	6.3	7.1
2025/07/14 19:07:42	1013.8	1.0	27.0	27.0	88.0	89.0	48.0	348.0	6.6	7.4
2025/07/14 19:07:43	1013.8	1.0	27.0	27.0	89.0	89.0	46.0	347.0	6.6	7.3
2025/07/14 19:07:44	1013.8	1.0	27.0	27.0	89.0	90.0	45.0	346.0	6.5	7.3
2025/07/14 19:07:45	1013.8	1.0	27.0	27.0	88.0	90.0	48.0	348.0	6.6	7.5
2025/07/14 19:07:46	1013.8	1.0	27.0	27.0	88.0	90.0	52.0	352.0	6.6	7.5
2025/07/14 19:07:47	1013.8	1.0	27.0	27.0	88.0	90.0	49.0	350.0	6.7	7.6
2025/07/14 19:07:48	1013.8	1.0	27.0	27.0	89.0	90.0	47.0	347.0	6.4	7.2
2025/07/14 19:07:49	1013.8	1.0	27.0	27.0	89.0	90.0	47.0	347.0	6.2	7.1
2025/07/14 19:07:50	1013.8	1.0	27.0	27.0	89.0	90.0	48.0	348.0	5.9	6.7
2025/07/14 19:07:51	1013.8	1.0	27.0	27.0	89.0	90.0	48.0	348.0	6.1	6.9
2025/07/14 19:07:52	1013.8	1.0	27.0	27.0	89.0	90.0	50.0	349.0	6.5	7.3
2025/07/14 19:07:53	1013.8	1.0	27.0	27.0	89.0	90.0	50.0	350.0	6.8	7.6
2025/07/14 19:07:54	1013.8	1.0	27.0	27.0	89.0	90.0	48.0	347.0	6.8	7.6
2025/07/14 19:07:55	1013.8	1.0	27.0	27.0	89.0	90.0	42.0	342.0	6.7	7.5
2025/07/14 19:07:56	1013.8	1.0	27.0	27.0	89.0	90.0	41.0	342.0	7.1	7.9
2025/07/14 19:07:57	1013.9	1.0	27.0	27.0	89.0	90.0	45.0	344.0	7.2	7.9
2025/07/14 19:07:58	1013.9	1.0	27.0	27.0	89.0	90.0	49.0	347.0	6.8	7.6
2025/07/14 19:07:59	1013.9	1.0	27.0	27.0	89.0	90.0	49.0	348.0	6.7	7.5
2025/07/14 19:08:00	1013.9	1.0	27.0	27.0	89.0	90.0	51.0	350.0	6.7	7.5
2025/07/14 19:08:01	1013.9	1.0	27.0	27.0	89.0	90.0	47.0	346.0	6.6	7.4
2025/07/14 19:08:02	1013.9	1.0	27.0	27.0	89.0	90.0	40.0	340.0	6.5	7.3
2025/07/14 19:08:03	1013.9	1.0	27.0	27.0	89.0	90.0	38.0	338.0	6.5	7.3
2025/07/14 19:08:04	1013.9	1.0	26.9	27.0	89.0	90.0	43.0	342.0	6.3	7.1
2025/07/14 19:08:05	1013.9	1.0	26.9	27.0	89.0	89.0	49.0	348.0	6.5	7.4
2025/07/14 19:08:06	1013.9	1.0	26.9	27.0	89.0	89.0	52.0	351.0	7.0	7.9
2025/07/14 19:08:07	1013.9	1.0	26.9	27.0	89.0	89.0	58.0	357.0	5.9	6.8
2025/07/14 19:08:08	1013.9	1.0	26.9	27.0	89.0	89.0	57.0	355.0	5.4	6.3
2025/07/14 19:08:09	1013.9	1.0	26.9	27.0	89.0	89.0	49.0	348.0	5.5	6.4
2025/07/14 19:08:10	1013.9	1.0	26.9	27.0	89.0	89.0	52.0	350.0	6.6	7.3
2025/07/14 19:08:11	1013.9	1.0	26.9	27.0	89.0	89.0	47.0	345.0	7.0	7.7
2025/07/14 19:08:12	1013.9	1.0	26.9	27.0	89.0	89.0	46.0	345.0	7.2	8.0
2025/07/14 19:08:13	1013.9	1.0	26.9	27.0	89.0	89.0	45.0	344.0	6.9	7.8
2025/07/14 19:08:14	1013.9	1.0	26.9	27.0	89.0	89.0	42.0	342.0	7.0	7.9
2025/07/14 19:08:15	1013.8	1.0	26.9	27.0	89.0	89.0	39.0	339.0	7.1	8.0
2025/07/14 19:08:16	1013.8	1.0	26.9	27.0	89.0	89.0	43.0	343.0	7.1	7.9
2025/07/14 19:08:17	1013.8	1.0	26.9	27.0	89.0	89.0	42.0	341.0	6.7	7.5
2025/07/14 19:08:18	1013.8	1.0	26.9	27.0	89.0	89.0	44.0	343.0	6.3	7.0
2025/07/14 19:08:19	1013.8	1.0	26.9	27.0	89.0	89.0	49.0	347.0	6.4	7.2
2025/07/14 19:08:20	1013.8	1.0	27.0	27.0	89.0	89.0	45.0	344.0	6.5	7.3
2025/07/14 19:08:21	1013.8	1.0	27.0	27.0	89.0	90.0	43.0	342.0	6.5	7.4
2025/07/14 19:08:22	1013.8	1.0	27.0	27.0	89.0	90.0	43.0	342.0	6.8	7.6
2025/07/14 19:08:23	1013.8	1.0	27.0	27.0	89.0	90.0	44.0	342.0	6.8	7.5
2025/07/14 19:08:24	1013.8	1.0	27.0	27.0	89.0	90.0	42.0	341.0	6.7	7.4
2025/07/14 19:08:25	1013.8	1.0	27.0	27.0	89.0	90.0	43.0	342.0	6.5	7.2
2025/07/14 19:08:26	1013.8	1.0	27.0	27.0	89.0	90.0	43.0	342.0	6.8	7.6
2025/07/14 19:08:27	1013.8	1.0	27.0	27.0	89.0	90.0	41.0	341.0	6.6	7.5
2025/07/14 19:08:28	1013.8	1.0	27.0	27.0	89.0	90.0	44.0	343.0	6.3	7.3
2025/07/14 19:08:29	1013.8	1.0	27.0	27.0	89.0	90.0	43.0	342.0	6.5	7.4
2025/07/14 19:08:30	1013.8	1.0	27.0	27.0	89.0	90.0	40.0	339.0	6.6	7.4
2025/07/14 19:08:31	1013.8	1.0	27.0	27.0	89.0	90.0	39.0	338.0	6.7	7.4
2025/07/14 19:08:32	1013.8	1.0	27.0	27.0	89.0	90.0	42.0	341.0	7.1	7.8
2025/07/14 19:08:33	1013.8	1.0	27.0	27.0	89.0	90.0	48.0	346.0	7.2	7.9
2025/07/14 19:08:34	1013.8	1.0	27.0	27.0	89.0	90.0	46.0	344.0	7.0	7.8
2025/07/14 19:08:35	1013.8	1.0	27.0	27.0	89.0	90.0	46.0	344.0	6.4	7.3
2025/07/14 19:08:36	1013.8	1.0	27.0	27.0	89.0	90.0	45.0	343.0	6.1	7.0
2025/07/14 19:08:37	1013.8	1.0	27.0	27.0	89.0	90.0	44.0	343.0	5.9	6.8
2025/07/14 19:08:38	1013.8	1.0	27.0	27.0	89.0	90.0	42.0	341.0	6.1	6.9
2025/07/14 19:08:39	1013.8	1.0	27.0	27.0	89.0	89.0	39.0	338.0	6.5	7.3
2025/07/14 19:08:40	1013.8	1.0	27.0	27.0	89.0	89.0	34.0	334.0	7.0	7.8
2025/07/14 19:08:41	1013.8	1.0	27.0	27.0	89.0	89.0	38.0	336.0	7.2	8.0
2025/07/14 19:08:42	1013.8	1.0	27.0	27.0	89.0	90.0	41.0	339.0	7.4	8.2
2025/07/14 19:08:43	1013.8	1.0	27.0	27.0	89.0	90.0	41.0	339.0	7.4	8.2
2025/07/14 19:08:44	1013.8	1.0	27.0	27.0	89.0	90.0	40.0	339.0	7.3	8.2
2025/07/14 19:08:45	1013.8	1.0	27.0	27.0	89.0	90.0	41.0	340.0	6.8	7.7
2025/07/14 19:08:46	1013.8	1.0	26.9	27.0	89.0	90.0	39.0	337.0	7.0	7.7
2025/07/14 19:08:47	1013.8	1.0	26.9	27.0	89.0	90.0	41.0	338.0	7.5	8.2
2025/07/14 19:08:48	1013.8	1.0	26.9	27.0	89.0	90.0	42.0	339.0	7.4	8.2
2025/07/14 19:08:49	1013.8	1.0	26.9	27.0	89.0	90.0	41.0	338.0	7.4	8.2
2025/07/14 19:08:50	1013.8	1.0	26.9	27.0	89.0	89.0	40.0	338.0	7.3	8.2
2025/07/14 19:08:51	1013.8	1.0	26.9	27.0	89.0	89.0	39.0	338.0	7.1	8.0
2025/07/14 19:08:52	1013.8	1.0	26.9	27.0	89.0	89.0	38.0	336.0	7.1	8.0
2025/07/14 19:08:53	1013.8	1.0	26.9	27.0	89.0	89.0	38.0	336.0	7.2	8.0
2025/07/14 19:08:54	1013.8	1.0	26.9	27.0	89.0	89.0	40.0	337.0	7.3	8.1
2025/07/14 19:08:55	1013.8	1.0	26.9	27.0	89.0	89.0	39.0	336.0	7.0	7.7
2025/07/14 19:08:56	1013.8	1.0	26.9	27.0	89.0	89.0	38.0	335.0	7.0	7.6
2025/07/14 19:08:57	1013.8	1.0	26.9	27.0	89.0	89.0	40.0	336.0	7.5	8.2
2025/07/14 19:08:58	1013.8	1.0	26.9	27.0	89.0	89.0	43.0	340.0	7.1	7.9
2025/07/14 19:08:59	1013.8	1.0	26.9	27.0	89.0	89.0	45.0	342.0	6.6	7.6
2025/07/14 19:09:00	1013.8	1.0	26.9	27.0	89.0	89.0	46.0	343.0	6.4	7.5
2025/07/14 19:09:01	1013.8	1.0	26.9	27.0	89.0	89.0	38.0	336.0	6.7	7.6
2025/07/14 19:09:02	1013.8	1.0	26.9	27.0	89.0	89.0	43.0	339.0	6.9	7.7
2025/07/14 19:09:03	1013.8	1.0	26.9	27.0	89.0	89.0	41.0	338.0	6.4	7.2
2025/07/14 19:09:04	1013.8	1.0	26.9	27.0	89.0	89.0	48.0	344.0	6.7	7.5
2025/07/14 19:09:05	1013.8	1.0	26.9	27.0	89.0	89.0	51.0	346.0	6.8	7.6
2025/07/14 19:09:06	1013.8	1.0	26.9	27.0	89.0	89.0	49.0	344.0	7.2	8.0
2025/07/14 19:09:07	1013.8	1.0	26.9	27.0	89.0	89.0	46.0	342.0	7.3	8.2
2025/07/14 19:09:08	1013.8	1.0	26.9	27.0	89.0	89.0	44.0	340.0	7.5	8.4
2025/07/14 19:09:09	1013.8	1.0	26.9	27.0	89.0	89.0	44.0	340.0	7.1	8.0
2025/07/14 19:09:10	1013.8	1.0	26.9	27.0	89.0	89.0	44.0	340.0	7.1	7.9
2025/07/14 19:09:11	1013.8	1.0	26.9	27.0	89.0	89.0	44.0	339.0	7.5	8.3
2025/07/14 19:09:12	1013.8	1.0	26.9	27.0	89.0	89.0	46.0	341.0	7.7	8.6
2025/07/14 19:09:13	1013.8	1.0	26.9	27.0	89.0	89.0	46.0	341.0	7.5	8.4
2025/07/14 19:09:14	1013.8	1.0	26.9	27.0	89.0	89.0	44.0	339.0	7.0	7.9
2025/07/14 19:09:15	1013.8	1.0	26.9	27.0	89.0	89.0	41.0	337.0	7.0	7.8
2025/07/14 19:09:16	1013.8	1.0	26.9	27.0	89.0	89.0	39.0	335.0	6.8	7.6
2025/07/14 19:09:17	1013.8	1.0	26.9	27.0	89.0	89.0	40.0	336.0	7.0	7.8
2025/07/14 19:09:18	1013.8	1.0	26.9	27.0	89.0	89.0	48.0	343.0	7.7	8.5
2025/07/14 19:09:19	1013.8	1.0	26.9	27.0	89.0	89.0	45.0	341.0	7.8	8.6
2025/07/14 19:09:20	1013.8	1.0	26.9	27.0	89.0	89.0	41.0	337.0	7.6	8.4
2025/07/14 19:09:21	1013.8	1.0	26.9	27.0	89.0	89.0	41.0	337.0	7.6	8.5
2025/07/14 19:09:22	1013.8	1.0	26.9	27.0	89.0	89.0	44.0	339.0	7.9	8.8
2025/07/14 19:09:23	1013.8	1.0	26.9	27.0	89.0	89.0	46.0	341.0	7.7	8.6
2025/07/14 19:09:24	1013.8	1.0	26.9	27.0	89.0	89.0	47.0	342.0	7.4	8.3
2025/07/14 19:09:25	1013.8	1.0	26.9	27.0	89.0	89.0	47.0	342.0	7.1	8.0
2025/07/14 19:09:26	1013.8	1.0	26.9	27.0	89.0	89.0	47.0	343.0	7.0	7.9
2025/07/14 19:09:27	1013.9	1.0	26.9	27.0	89.0	89.0	46.0	341.0	7.0	7.9
2025/07/14 19:09:28	1013.9	1.0	26.8	27.0	89.0	89.0	46.0	341.0	7.1	7.9
2025/07/14 19:09:29	1013.9	1.0	26.8	27.0	89.0	89.0	44.0	339.0	7.2	8.0
2025/07/14 19:09:30	1013.9	1.0	26.9	27.0	89.0	89.0	45.0	339.0	7.4	8.2
2025/07/14 19:09:31	1013.9	1.0	26.9	27.0	89.0	89.0	48.0	342.0	7.4	8.2
2025/07/14 19:09:32	1013.9	1.0	26.9	27.0	89.0	89.0	48.0	343.0	7.6	8.5
2025/07/14 19:09:33	1013.9	1.0	26.9	27.0	89.0	89.0	50.0	344.0	7.4	8.4
2025/07/14 19:09:34	1013.9	1.0	26.9	27.0	89.0	89.0	46.0	341.0	7.5	8.4
2025/07/14 19:09:35	1013.9	1.0	26.9	27.0	89.0	89.0	42.0	337.0	7.5	8.3
2025/07/14 19:09:36	1013.9	1.0	26.9	27.0	89.0	89.0	41.0	336.0	7.4	8.2
2025/07/14 19:09:37	1013.9	1.0	26.9	27.0	89.0	89.0	42.0	336.0	7.5	8.3
2025/07/14 19:09:38	1013.9	1.0	26.9	27.0	89.0	89.0	42.0	337.0	7.9	8.7
2025/07/14 19:09:39	1013.9	1.0	26.9	27.0	89.0	89.0	46.0	340.0	8.0	8.8
2025/07/14 19:09:40	1013.9	1.0	26.9	27.0	89.0	89.0	45.0	339.0	7.5	8.4
2025/07/14 19:09:41	1013.9	1.0	26.9	27.0	89.0	89.0	45.0	339.0	7.2	8.1
2025/07/14 19:09:42	1013.9	1.0	26.9	27.0	89.0	89.0	47.0	341.0	7.3	8.2
2025/07/14 19:09:43	1013.9	1.0	26.9	27.0	89.0	89.0	50.0	344.0	7.4	8.3
2025/07/14 19:09:44	1013.9	1.0	26.9	27.0	89.0	89.0	49.0	342.0	7.7	8.5
2025/07/14 19:09:45	1013.9	1.0	26.9	27.0	89.0	89.0	45.0	339.0	7.4	8.3
2025/07/14 19:09:46	1013.9	1.0	26.9	27.0	89.0	89.0	44.0	338.0	7.5	8.3
2025/07/14 19:09:47	1013.9	1.0	26.9	27.0	89.0	89.0	45.0	338.0	7.3	8.2
2025/07/14 19:09:48	1013.9	1.0	26.9	27.0	89.0	89.0	45.0	339.0	7.7	8.5
2025/07/14 19:09:49	1013.9	1.0	26.9	27.0	89.0	89.0	46.0	339.0	7.9	8.7
2025/07/14 19:09:50	1013.9	1.0	26.9	27.0	89.0	89.0	44.0	338.0	8.0	8.8
2025/07/14 19:09:51	1013.9	1.0	26.9	27.0	89.0	89.0	45.0	339.0	7.8	8.7
2025/07/14 19:09:52	1013.9	1.0	26.9	27.0	89.0	89.0	45.0	339.0	7.3	8.2
2025/07/14 19:09:53	1013.9	1.0	26.9	27.0	89.0	89.0	46.0	340.0	7.1	8.0
2025/07/14 19:09:54	1013.8	1.0	26.8	27.0	89.0	89.0	49.0	342.0	7.1	7.9
2025/07/14 19:09:55	1013.8	1.0	26.8	27.0	89.0	89.0	49.0	342.0	7.5	8.3
2025/07/14 19:09:56	1013.8	1.0	26.8	27.0	89.0	89.0	50.0	343.0	7.5	8.3
2025/07/14 19:09:57	1013.8	1.0	26.8	27.0	89.0	89.0	48.0	342.0	7.2	8.1
2025/07/14 19:09:58	1013.8	1.0	26.8	26.9	89.0	89.0	49.0	343.0	7.2	8.1
2025/07/14 19:09:59	1013.8	1.0	26.8	26.9	89.0	89.0	46.0	339.0	7.2	8.1
2025/07/14 19:10:00	1013.8	1.0	26.8	26.9	89.0	89.0	49.0	341.0	7.2	8.1
2025/07/14 19:10:01	1013.8	1.0	26.8	26.9	89.0	89.0	49.0	342.0	7.0	7.8
2025/07/14 19:10:02	1013.8	1.0	26.8	26.9	89.0	89.0	48.0	341.0	6.9	7.7
2025/07/14 19:10:03	1013.8	1.0	26.8	26.9	89.0	89.0	45.0	338.0	7.8	8.6
2025/07/14 19:10:04	1013.8	1.0	26.8	26.9	89.0	89.0	50.0	343.0	7.6	8.5
2025/07/14 19:10:05	1013.8	1.0	26.8	26.9	89.0	89.0	48.0	340.0	7.4	8.3
2025/07/14 19:10:06	1013.8	1.0	26.8	26.9	89.0	89.0	46.0	339.0	7.2	8.1
2025/07/14 19:10:07	1013.8	1.0	26.8	26.9	89.0	89.0	47.0	340.0	7.4	8.2
2025/07/14 19:10:08	1013.8	1.0	26.8	26.9	89.0	89.0	48.0	340.0	7.5	8.3
2025/07/14 19:10:09	1013.8	1.0	26.8	26.9	89.0	89.0	53.0	345.0	7.6	8.4
2025/07/14 19:10:10	1013.8	1.0	26.8	26.9	89.0	89.0	53.0	346.0	7.2	8.1
2025/07/14 19:10:11	1013.8	1.0	26.8	26.9	89.0	89.0	53.0	345.0	7.4	8.4
2025/07/14 19:10:12	1013.9	1.0	26.8	26.9	89.0	89.0	47.0	339.0	7.6	8.5
2025/07/14 19:10:13	1013.9	1.0	26.8	26.9	89.0	89.0	44.0	336.0	7.7	8.5
2025/07/14 19:10:14	1013.9	1.0	26.8	26.9	89.0	89.0	41.0	334.0	7.9	8.6
2025/07/14 19:10:15	1013.9	1.0	26.8	26.9	89.0	89.0	40.0	333.0	8.0	8.7
2025/07/14 19:10:16	1013.9	1.0	26.8	26.9	89.0	89.0	46.0	338.0	7.8	8.5
2025/07/14 19:10:17	1013.9	1.0	26.8	26.9	89.0	89.0	49.0	341.0	7.3	8.1
2025/07/14 19:10:18	1013.9	1.0	26.8	26.9	89.0	89.0	50.0	343.0	7.3	8.2
2025/07/14 19:10:19	1013.9	1.0	26.8	26.9	89.0	89.0	50.0	343.0	7.2	8.1
2025/07/14 19:10:20	1013.9	1.0	26.8	26.9	89.0	89.0	50.0	343.0	7.5	8.5
2025/07/14 19:10:21	1013.9	1.0	26.8	26.9	89.0	89.0	49.0	342.0	6.8	7.8
2025/07/14 19:10:22	1013.9	1.0	26.8	26.9	89.0	89.0	53.0	344.0	6.9	7.6
2025/07/14 19:10:23	1013.9	1.0	26.8	26.9	89.0	89.0	55.0	346.0	6.8	7.5
2025/07/14 19:10:24	1013.9	1.0	26.8	26.9	89.0	89.0	52.0	344.0	6.9	7.6
2025/07/14 19:10:25	1013.9	1.0	26.8	26.9	89.0	89.0	54.0	346.0	6.8	7.6
2025/07/14 19:10:26	1013.9	1.0	26.9	26.9	89.0	89.0	53.0	345.0	6.8	7.7
2025/07/14 19:10:27	1013.9	1.0	26.9	26.9	89.0	89.0	54.0	346.0	6.6	7.6
2025/07/14 19:10:28	1013.9	1.0	26.9	26.9	89.0	89.0	52.0	344.0	6.7	7.6
2025/07/14 19:10:29	1013.9	1.0	26.9	26.9	89.0	89.0	52.0	343.0	7.4	8.1
2025/07/14 19:10:30	1013.8	1.0	26.9	27.0	89.0	89.0	50.0	341.0	7.8	8.4
2025/07/14 19:10:31	1013.8	1.0	26.9	27.0	89.0	89.0	48.0	339.0	7.1	7.7
2025/07/14 19:10:32	1013.8	1.0	26.9	27.0	89.0	89.0	48.0	339.0	6.9	7.6
2025/07/14 19:10:33	1013.8	1.0	26.9	27.0	89.0	89.0	48.0	340.0	6.9	7.7
2025/07/14 19:10:34	1013.8	1.0	26.9	27.0	89.0	89.0	55.0	345.0	7.3	8.1
2025/07/14 19:10:35	1013.8	1.0	26.9	27.0	89.0	89.0	54.0	345.0	7.7	8.5
2025/07/14 19:10:36	1013.8	1.0	26.9	27.0	89.0	89.0	49.0	340.0	7.2	7.9
2025/07/14 19:10:37	1013.8	1.0	26.9	27.0	89.0	89.0	46.0	338.0	7.1	7.8
2025/07/14 19:10:38	1013.8	1.0	26.9	27.0	89.0	89.0	47.0	338.0	7.1	7.8
2025/07/14 19:10:39	1013.8	1.0	26.9	27.0	89.0	89.0	49.0	339.0	7.2	7.9
2025/07/14 19:10:40	1013.8	1.0	26.9	27.0	89.0	89.0	50.0	341.0	7.5	8.2
2025/07/14 19:10:41	1013.8	1.0	26.9	27.0	89.0	89.0	52.0	343.0	7.5	8.2
2025/07/14 19:10:42	1013.8	1.0	26.9	27.0	89.0	89.0	50.0	341.0	7.9	8.5
2025/07/14 19:10:43	1013.8	1.0	26.9	27.0	89.0	89.0	46.0	337.0	7.6	8.2
2025/07/14 19:10:44	1013.8	1.0	26.9	27.0	89.0	89.0	46.0	336.0	7.4	8.0
2025/07/14 19:10:45	1013.8	1.0	26.9	27.0	89.0	89.0	45.0	336.0	7.2	7.9
2025/07/14 19:10:46	1013.8	1.0	26.9	27.0	89.0	89.0	47.0	338.0	7.1	7.9
2025/07/14 19:10:47	1013.8	1.0	26.9	27.0	89.0	89.0	50.0	340.0	7.1	7.9
2025/07/14 19:10:48	1013.9	1.0	26.9	27.0	89.0	89.0	50.0	339.0	7.2	7.8
2025/07/14 19:10:49	1013.9	1.0	26.9	27.0	89.0	89.0	47.0	337.0	7.6	8.2
2025/07/14 19:10:50	1013.9	1.0	26.9	27.0	89.0	89.0	47.0	337.0	7.3	7.9
2025/07/14 19:10:51	1013.9	1.0	26.9	27.0	89.0	89.0	49.0	339.0	7.4	8.0
2025/07/14 19:10:52	1013.9	1.0	26.9	27.0	89.0	89.0	49.0	339.0	7.6	8.2
2025/07/14 19:10:53	1013.9	1.0	26.9	27.0	89.0	89.0	49.0	339.0	7.7	8.2
2025/07/14 19:10:54	1013.9	1.0	26.9	27.0	89.0	89.0	51.0	341.0	7.6	8.1
2025/07/14 19:10:55	1013.9	1.0	26.9	27.0	89.0	89.0	52.0	342.0	7.3	7.8
2025/07/14 19:10:56	1013.9	1.0	26.9	27.0	89.0	89.0	52.0	342.0	7.5	8.1
2025/07/14 19:10:57	1013.8	1.0	26.9	27.0	89.0	89.0	52.0	342.0	7.6	8.3
2025/07/14 19:10:58	1013.8	1.0	26.9	26.9	89.0	89.0	46.0	336.0	8.0	8.6
2025/07/14 19:10:59	1013.8	1.0	26.9	26.9	89.0	89.0	46.0	335.0	7.7	8.3
2025/07/14 19:11:00	1013.8	1.0	26.9	26.9	89.0	89.0	46.0	336.0	7.3	7.9
2025/07/14 19:11:01	1013.8	1.0	26.9	26.9	89.0	89.0	42.0	332.0	7.6	8.1
2025/07/14 19:11:02	1013.8	1.0	26.9	26.9	89.0	89.0	46.0	335.0	7.5	8.0
2025/07/14 19:11:03	1013.8	1.0	26.9	26.9	89.0	89.0	46.0	335.0	7.3	7.8
2025/07/14 19:11:04	1013.8	1.0	26.9	26.9	89.0	89.0	45.0	334.0	7.0	7.5
2025/07/14 19:11:05	1013.8	1.0	26.8	26.9	89.0	89.0	48.0	337.0	6.9	7.5
2025/07/14 19:11:06	1013.8	1.0	26.8	26.9	89.0	89.0	48.0	338.0	7.3	7.9
2025/07/14 19:11:07	1013.8	1.0	26.8	26.9	89.0	89.0	49.0	338.0	7.6	8.2
2025/07/14 19:11:08	1013.8	1.0	26.8	26.9	89.0	89.0	49.0	337.0	7.9	8.4
2025/07/14 19:11:09	1013.8	1.0	26.8	26.9	89.0	89.0	49.0	337.0	7.9	8.4
2025/07/14 19:11:10	1013.8	1.0	26.8	26.9	89.0	89.0	53.0	341.0	7.8	8.2
2025/07/14 19:11:11	1013.8	1.0	26.8	26.9	89.0	89.0	53.0	341.0	7.2	7.7
2025/07/14 19:11:12	1013.8	1.0	26.8	26.9	89.0	89.0	49.0	338.0	7.0	7.6
2025/07/14 19:11:13	1013.8	1.0	26.8	26.9	89.0	89.0	47.0	336.0	6.9	7.5
2025/07/14 19:11:14	1013.8	1.0	26.8	26.9	89.0	89.0	45.0	334.0	7.3	7.8
2025/07/14 19:11:15	1013.8	1.0	26.8	26.9	89.0	89.0	44.0	332.0	7.7	8.2
2025/07/14 19:11:16	1013.8	1.0	26.8	26.9	89.0	89.0	44.0	332.0	7.6	8.0
2025/07/14 19:11:17	1013.8	1.0	26.8	26.9	89.0	89.0	46.0	334.0	7.7	8.1
2025/07/14 19:11:18	1013.8	1.0	26.8	26.9	89.0	89.0	49.0	337.0	7.9	8.4
2025/07/14 19:11:19	1013.8	1.0	26.8	26.9	89.0	89.0	50.0	338.0	7.5	8.0
2025/07/14 19:11:20	1013.8	1.0	26.8	26.9	89.0	89.0	51.0	339.0	7.2	7.7
2025/07/14 19:11:21	1013.8	1.0	26.9	26.9	89.0	89.0	51.0	339.0	7.3	7.8
2025/07/14 19:11:22	1013.8	1.0	26.9	26.9	89.0	89.0	52.0	340.0	7.6	8.1
2025/07/14 19:11:23	1013.8	1.0	26.9	26.9	89.0	89.0	56.0	344.0	8.0	8.4
2025/07/14 19:11:24	1013.9	1.0	26.9	26.9	89.0	89.0	53.0	342.0	8.3	8.7
2025/07/14 19:11:25	1013.9	1.0	26.9	26.9	89.0	90.0	51.0	340.0	8.3	8.6
2025/07/14 19:11:26	1013.9	1.0	26.9	26.9	89.0	90.0	48.0	337.0	7.8	8.2
2025/07/14 19:11:27	1013.9	1.0	26.9	26.9	89.0	90.0	47.0	336.0	7.5	7.9
2025/07/14 19:11:28	1013.9	1.0	26.9	26.9	89.0	90.0	45.0	334.0	7.6	8.1
2025/07/14 19:11:29	1013.9	1.0	26.9	26.9	89.0	90.0	45.0	334.0	7.8	8.3
2025/07/14 19:11:30	1013.9	1.0	26.9	27.0	89.0	90.0	54.0	342.0	7.8	8.3
2025/07/14 19:11:31	1013.9	1.0	26.9	27.0	89.0	90.0	55.0	343.0	7.7	8.2
2025/07/14 19:11:32	1013.9	1.0	26.9	27.0	89.0	90.0	50.0	338.0	7.5	7.9
2025/07/14 19:11:33	1013.9	1.0	26.9	27.0	89.0	90.0	45.0	334.0	7.4	7.7
2025/07/14 19:11:34	1013.9	1.0	26.9	27.0	89.0	90.0	47.0	336.0	7.2	7.5
2025/07/14 19:11:35	1013.9	1.0	26.9	27.0	89.0	90.0	49.0	338.0	7.1	7.5
2025/07/14 19:11:36	1013.9	1.0	26.9	27.0	89.0	90.0	53.0	342.0	7.1	7.7
2025/07/14 19:11:37	1013.9	1.0	26.9	27.0	89.0	90.0	55.0	343.0	7.4	8.0
2025/07/14 19:11:38	1013.9	1.0	26.9	27.0	89.0	90.0	52.0	341.0	7.3	7.8
2025/07/14 19:11:39	1013.9	1.0	26.9	27.0	89.0	90.0	51.0	339.0	7.4	7.9
2025/07/14 19:11:40	1013.9	1.0	26.9	27.0	89.0	90.0	50.0	338.0	7.5	7.8
2025/07/14 19:11:41	1013.9	1.0	26.9	27.0	89.0	90.0	50.0	338.0	7.5	7.5
2025/07/14 19:11:42	1013.8	1.0	26.9	27.0	89.0	90.0	46.0	334.0	7.6	7.6
2025/07/14 19:11:43	1013.8	1.0	26.9	27.0	89.0	90.0	52.0	340.0	7.7	7.7
2025/07/14 19:11:44	1013.8	1.0	26.9	27.0	89.0	90.0	53.0	341.0	7.4	7.9
2025/07/14 19:11:45	1013.8	1.0	26.9	27.0	89.0	90.0	54.0	343.0	7.0	7.6
2025/07/14 19:11:46	1013.8	1.0	26.9	27.0	89.0	90.0	52.0	342.0	6.6	7.2
2025/07/14 19:11:47	1013.8	1.0	26.9	27.0	89.0	90.0	47.0	337.0	7.0	7.4
2025/07/14 19:11:48	1013.8	1.0	26.9	27.0	89.0	90.0	46.0	334.0	7.1	7.4
2025/07/14 19:11:49	1013.8	1.0	27.0	27.0	89.0	90.0	47.0	335.0	7.5	7.5
2025/07/14 19:11:50	1013.8	1.0	27.0	27.0	89.0	90.0	51.0	339.0	7.3	7.3
2025/07/14 19:11:51	1013.8	1.0	27.0	27.0	89.0	90.0	54.0	342.0	7.3	7.5
2025/07/14 19:11:52	1013.8	1.0	27.0	27.0	89.0	90.0	54.0	343.0	7.3	7.6
2025/07/14 19:11:53	1013.8	1.0	27.0	27.0	89.0	90.0	51.0	341.0	6.9	7.3
2025/07/14 19:11:54	1013.8	1.0	27.0	27.0	89.0	90.0	48.0	337.0	6.9	7.3
2025/07/14 19:11:55	1013.8	1.0	27.0	27.0	89.0	90.0	47.0	336.0	7.3	7.6
2025/07/14 19:11:56	1013.8	1.0	27.0	27.0	89.0	90.0	49.0	338.0	7.2	7.5
2025/07/14 19:11:57	1013.8	1.0	27.0	27.0	90.0	90.0	53.0	342.0	7.3	7.6
2025/07/14 19:11:58	1013.8	1.0	27.0	27.0	90.0	90.0	51.0	340.0	7.5	7.8
2025/07/14 19:11:59	1013.8	1.0	27.0	27.1	90.0	90.0	54.0	343.0	8.2	8.4
2025/07/14 19:12:00	1013.8	1.0	27.0	27.1	89.0	90.0	49.0	338.0	8.1	8.3
2025/07/14 19:12:01	1013.8	1.0	27.0	27.1	89.0	90.0	46.0	335.0	7.4	7.7
2025/07/14 19:12:02	1013.8	1.0	27.0	27.1	89.0	90.0	46.0	336.0	7.7	8.0
2025/07/14 19:12:03	1013.8	1.0	27.0	27.1	90.0	90.0	49.0	338.0	7.8	8.1
2025/07/14 19:12:04	1013.8	1.0	27.0	27.1	90.0	91.0	49.0	338.0	7.5	7.8
2025/07/14 19:12:05	1013.8	1.0	27.0	27.1	90.0	91.0	50.0	339.0	7.6	7.9
2025/07/14 19:12:06	1013.8	1.0	27.0	27.1	90.0	91.0	50.0	339.0	8.5	8.8
2025/07/14 19:12:07	1013.8	1.0	27.0	27.1	90.0	91.0	49.0	339.0	8.7	8.9
2025/07/14 19:12:08	1013.8	1.0	27.0	27.1	90.0	91.0	48.0	337.0	9.1	9.1
2025/07/14 19:12:09	1013.9	1.0	27.0	27.1	90.0	91.0	48.0	336.0	9.1	9.1
2025/07/14 19:12:10	1013.9	1.0	27.0	27.1	90.0	91.0	49.0	338.0	8.9	9.2
2025/07/14 19:12:11	1013.9	1.0	27.0	27.1	90.0	91.0	49.0	338.0	9.0	9.3
2025/07/14 19:12:12	1013.9	1.0	27.0	27.1	90.0	91.0	49.0	339.0	9.0	9.3
2025/07/14 19:12:13	1013.9	1.0	27.0	27.1	90.0	91.0	49.0	339.0	9.0	9.2
2025/07/14 19:12:14	1013.9	1.0	27.0	27.1	90.0	91.0	48.0	338.0	8.9	9.1
2025/07/14 19:12:15	1013.9	1.0	27.0	27.1	90.0	91.0	50.0	340.0	9.1	9.1
2025/07/14 19:12:16	1013.9	1.0	26.9	27.1	90.0	91.0	52.0	342.0	8.9	9.1
2025/07/14 19:12:17	1013.9	1.0	26.9	27.0	90.0	90.0	53.0	343.0	8.9	9.2
2025/07/14 19:12:18	1013.8	1.0	26.9	27.0	90.0	90.0	50.0	340.0	8.5	8.8
2025/07/14 19:12:19	1013.8	1.0	26.9	27.0	90.0	90.0	50.0	340.0	8.2	8.4
2025/07/14 19:12:20	1013.8	1.0	26.9	27.0	90.0	90.0	51.0	340.0	8.8	8.8
2025/07/14 19:12:21	1013.8	1.0	26.9	27.0	90.0	90.0	50.0	339.0	9.2	9.2
2025/07/14 19:12:22	1013.8	1.0	26.9	27.0	90.0	90.0	49.0	338.0	9.5	9.5
2025/07/14 19:12:23	1013.8	1.0	26.9	27.0	90.0	90.0	48.0	338.0	9.3	9.3
2025/07/14 19:12:24	1013.8	1.0	26.9	27.0	90.0	90.0	49.0	339.0	8.7	8.9
2025/07/14 19:12:25	1013.8	1.0	26.9	27.0	90.0	90.0	49.0	339.0	8.7	9.0
2025/07/14 19:12:26	1013.8	1.0	26.9	27.0	90.0	90.0	48.0	338.0	8.9	9.2
2025/07/14 19:12:27	1013.8	1.0	26.9	27.0	90.0	90.0	47.0	337.0	9.3	9.3
2025/07/14 19:12:28	1013.8	1.0	26.9	26.9	90.0	90.0	44.0	334.0	9.4	9.4
2025/07/14 19:12:29	1013.8	1.0	26.8	26.9	90.0	90.0	43.0	333.0	8.8	9.1
2025/07/14 19:12:30	1013.8	1.0	26.8	26.9	90.0	90.0	45.0	334.0	8.9	8.9
2025/07/14 19:12:31	1013.8	1.0	26.8	26.9	90.0	90.0	47.0	336.0	8.8	8.8
2025/07/14 19:12:32	1013.8	1.0	26.8	26.9	90.0	90.0	49.0	337.0	9.0	9.0
2025/07/14 19:12:33	1013.8	1.0	26.8	26.9	90.0	90.0	49.0	338.0	8.3	8.3
2025/07/14 19:12:34	1013.8	1.0	26.8	26.9	90.0	90.0	49.0	338.0	8.1	8.1
2025/07/14 19:12:35	1013.8	1.0	26.8	26.9	90.0	90.0	49.0	338.0	8.0	8.0
2025/07/14 19:12:36	1013.8	1.0	26.8	26.9	90.0	90.0	51.0	339.0	8.0	8.0
2025/07/14 19:12:37	1013.8	1.0	26.8	26.9	90.0	90.0	51.0	340.0	7.8	8.1
2025/07/14 19:12:38	1013.8	1.0	26.8	26.9	90.0	90.0	49.0	338.0	8.0	8.3
2025/07/14 19:12:39	1013.8	1.0	26.8	26.9	90.0	90.0	50.0	338.0	8.5	8.5
2025/07/14 19:12:40	1013.8	1.0	26.8	26.9	90.0	90.0	50.0	339.0	8.3	8.3
2025/07/14 19:12:41	1013.8	1.0	26.8	26.9	90.0	90.0	51.0	339.0	8.3	8.3
2025/07/14 19:12:42	1013.8	1.0	26.8	26.9	90.0	90.0	51.0	340.0	8.2	8.2
2025/07/14 19:12:43	1013.8	1.0	26.8	26.9	90.0	90.0	51.0	339.0	8.2	8.2
2025/07/14 19:12:44	1013.8	1.0	26.8	26.9	90.0	90.0	49.0	337.0	8.3	8.3
2025/07/14 19:12:45	1013.8	1.0	26.8	26.9	90.0	90.0	49.0	337.0	8.8	8.8
2025/07/14 19:12:46	1013.8	1.0	26.8	26.9	90.0	90.0	52.0	340.0	8.6	8.6
2025/07/14 19:12:47	1013.8	1.0	26.8	26.9	90.0	90.0	53.0	341.0	8.5	8.5
2025/07/14 19:12:48	1013.8	1.0	26.8	26.9	90.0	90.0	56.0	344.0	8.5	8.5
2025/07/14 19:12:49	1013.8	1.0	26.8	26.9	90.0	90.0	55.0	343.0	8.6	8.6
2025/07/14 19:12:50	1013.8	1.0	26.9	26.9	90.0	90.0	53.0	341.0	9.0	9.0
2025/07/14 19:12:51	1013.8	1.0	26.9	26.9	90.0	90.0	52.0	341.0	9.3	9.3
2025/07/14 19:12:52	1013.8	1.0	26.9	26.9	90.0	90.0	51.0	339.0	9.4	9.4
2025/07/14 19:12:53	1013.8	1.0	26.9	26.9	90.0	90.0	49.0	337.0	9.2	9.2
2025/07/14 19:12:54	1013.9	1.0	26.9	26.9	90.0	90.0	47.0	336.0	9.0	9.3
2025/07/14 19:12:55	1013.9	1.0	26.9	26.9	90.0	90.0	47.0	336.0	9.2	9.5
2025/07/14 19:12:56	1013.9	1.0	26.9	27.0	90.0	90.0	48.0	336.0	9.6	9.6
2025/07/14 19:12:57	1013.9	1.0	26.9	27.0	90.0	90.0	46.0	334.0	9.7	9.7
2025/07/14 19:12:58	1013.9	1.0	26.9	27.0	90.0	90.0	46.0	335.0	9.5	9.5
2025/07/14 19:12:59	1013.9	1.0	26.9	26.9	90.0	90.0	48.0	337.0	9.3	9.3
2025/07/14 19:13:00	1013.9	1.0	26.8	26.9	90.0	90.0	50.0	339.0	9.1	9.1
2025/07/14 19:13:01	1013.9	1.0	26.8	26.9	90.0	90.0	51.0	339.0	8.9	8.9
2025/07/14 19:13:02	1013.9	1.0	26.8	26.9	90.0	90.0	51.0	340.0	9.1	9.1
2025/07/14 19:13:03	1013.8	1.0	26.8	26.9	90.0	90.0	51.0	340.0	9.3	9.3
2025/07/14 19:13:04	1013.8	1.0	26.8	26.9	90.0	90.0	51.0	340.0	9.4	9.4
2025/07/14 19:13:05	1013.8	1.0	26.8	26.9	90.0	90.0	50.0	339.0	9.2	9.2
2025/07/14 19:13:06	1013.8	1.0	26.8	26.9	90.0	90.0	50.0	339.0	9.0	9.0
2025/07/14 19:13:07	1013.8	1.0	26.8	26.9	90.0	90.0	49.0	338.0	8.9	8.9
2025/07/14 19:13:08	1013.8	1.0	26.8	26.9	90.0	90.0	50.0	338.0	9.2	9.2
2025/07/14 19:13:09	1013.8	1.0	26.8	26.9	90.0	90.0	48.0	337.0	9.5	9.5
2025/07/14 19:13:10	1013.8	1.0	26.8	26.9	90.0	90.0	46.0	335.0	9.9	9.9
2025/07/14 19:13:11	1013.8	1.0	26.8	26.9	90.0	90.0	45.0	334.0	9.6	9.6
2025/07/14 19:13:12	1013.9	1.0	26.8	26.9	90.0	90.0	46.0	335.0	9.3	9.3
2025/07/14 19:13:13	1013.9	1.0	26.8	26.9	90.0	90.0	45.0	333.0	9.3	9.3
2025/07/14 19:13:14	1013.9	1.0	26.8	26.9	89.0	90.0	45.0	334.0	9.4	9.4
2025/07/14 19:13:15	1013.9	1.0	26.8	26.9	89.0	90.0	47.0	336.0	9.2	9.2
2025/07/14 19:13:16	1013.9	1.0	26.8	26.9	89.0	90.0	51.0	339.0	9.2	9.2
2025/07/14 19:13:17	1013.9	1.0	26.8	26.9	89.0	90.0	54.0	342.0	9.5	9.5
2025/07/14 19:13:18	1013.9	1.0	26.8	26.9	89.0	90.0	51.0	340.0	9.5	9.5
2025/07/14 19:13:19	1013.9	1.0	26.7	26.9	89.0	90.0	49.0	338.0	9.1	9.1
2025/07/14 19:13:20	1013.9	1.0	26.7	26.9	89.0	90.0	45.0	334.0	9.0	9.0
2025/07/14 19:13:21	1013.8	1.0	26.7	26.9	89.0	90.0	44.0	333.0	9.3	9.3
2025/07/14 19:13:22	1013.8	1.0	26.7	26.9	89.0	90.0	45.0	334.0	10.0	10.0
2025/07/14 19:13:23	1013.8	1.0	26.7	26.9	89.0	90.0	45.0	333.0	10.3	10.3
2025/07/14 19:13:24	1013.8	1.0	26.7	26.9	89.0	90.0	43.0	331.0	9.8	9.8
2025/07/14 19:13:25	1013.8	1.0	26.7	26.9	89.0	90.0	43.0	331.0	9.7	9.7
2025/07/14 19:13:26	1013.8	1.0	26.7	26.9	89.0	90.0	42.0	331.0	9.6	9.6
2025/07/14 19:13:27	1013.8	1.0	26.7	26.9	89.0	90.0	43.0	331.0	9.1	9.1
2025/07/14 19:13:28	1013.8	1.0	26.7	26.9	89.0	90.0	44.0	332.0	9.1	9.1
2025/07/14 19:13:29	1013.8	1.0	26.7	26.9	89.0	90.0	45.0	333.0	9.4	9.4
2025/07/14 19:13:30	1013.8	1.0	26.7	26.9	89.0	90.0	49.0	337.0	9.6	9.6
2025/07/14 19:13:31	1013.8	1.0	26.7	26.9	89.0	89.0	51.0	339.0	9.4	9.4
2025/07/14 19:13:32	1013.8	1.0	26.7	26.9	89.0	89.0	52.0	339.0	9.2	9.2
2025/07/14 19:13:33	1013.8	1.0	26.7	26.9	89.0	89.0	50.0	338.0	9.0	9.0
2025/07/14 19:13:34	1013.8	1.0	26.7	26.9	89.0	89.0	50.0	338.0	9.1	9.1
2025/07/14 19:13:35	1013.8	1.0	26.7	26.9	89.0	89.0	50.0	338.0	9.5	9.5
2025/07/14 19:13:36	1013.8	1.0	26.7	26.9	89.0	90.0	49.0	337.0	9.4	9.4
2025/07/14 19:13:37	1013.8	1.0	26.7	26.9	89.0	90.0	47.0	334.0	9.4	9.4
2025/07/14 19:13:38	1013.8	1.0	26.7	26.9	89.0	89.0	45.0	333.0	9.8	9.8
2025/07/14 19:13:39	1013.8	1.0	26.7	26.9	89.0	89.0	44.0	331.0	9.7	9.7
2025/07/14 19:13:40	1013.8	1.0	26.7	26.9	89.0	89.0	43.0	330.0	8.6	8.8
2025/07/14 19:13:41	1013.8	1.0	26.7	26.9	89.0	89.0	42.0	330.0	8.1	8.3
2025/07/14 19:13:42	1013.8	1.0	26.7	26.9	89.0	89.0	45.0	332.0	8.7	8.7
2025/07/14 19:13:43	1013.8	1.0	26.7	26.9	89.0	89.0	50.0	337.0	9.0	9.0
2025/07/14 19:13:44	1013.8	1.0	26.7	26.9	89.0	89.0	54.0	340.0	9.1	9.1
2025/07/14 19:13:45	1013.8	1.0	26.7	26.9	89.0	89.0	53.0	340.0	9.2	9.2
2025/07/14 19:13:46	1013.8	1.0	26.7	26.9	89.0	89.0	57.0	343.0	9.3	9.5
2025/07/14 19:13:47	1013.8	1.0	26.7	26.9	89.0	89.0	51.0	338.0	8.6	8.6
2025/07/14 19:13:48	1013.8	1.0	26.7	26.9	89.0	89.0	46.0	333.0	8.5	8.7
2025/07/14 19:13:49	1013.8	1.0	26.7	26.9	89.0	89.0	43.0	329.0	9.6	9.6
2025/07/14 19:13:50	1013.8	1.0	26.7	26.9	89.0	89.0	45.0	331.0	10.4	10.4
2025/07/14 19:13:51	1013.8	1.0	26.7	26.9	89.0	89.0	46.0	332.0	10.3	10.3
2025/07/14 19:13:52	1013.8	1.0	26.7	26.9	89.0	89.0	46.0	332.0	9.8	9.8
2025/07/14 19:13:53	1013.8	1.0	26.7	26.9	89.0	89.0	51.0	336.0	9.6	9.6
2025/07/14 19:13:54	1013.8	1.0	26.7	26.9	89.0	89.0	51.0	337.0	9.5	9.5
2025/07/14 19:13:55	1013.8	1.0	26.8	26.9	89.0	89.0	53.0	339.0	9.1	9.1
2025/07/14 19:13:56	1013.8	1.0	26.8	26.9	89.0	89.0	55.0	341.0	8.9	8.9
2025/07/14 19:13:57	1013.8	1.0	26.8	26.9	89.0	89.0	52.0	338.0	9.1	9.1
2025/07/14 19:13:58	1013.8	1.0	26.8	26.9	89.0	89.0	52.0	338.0	9.4	9.4
2025/07/14 19:13:59	1013.8	1.0	26.8	26.9	89.0	89.0	50.0	336.0	9.2	9.4
2025/07/14 19:14:00	1013.8	1.0	26.8	26.9	89.0	89.0	52.0	337.0	9.6	9.6
2025/07/14 19:14:01	1013.8	1.0	26.8	26.9	89.0	89.0	51.0	337.0	9.6	9.6
2025/07/14 19:14:02	1013.8	1.0	26.8	26.9	89.0	89.0	51.0	337.0	9.4	9.4
2025/07/14 19:14:03	1013.8	1.0	26.8	26.9	89.0	89.0	49.0	335.0	9.6	9.6
2025/07/14 19:14:04	1013.8	1.0	26.8	26.9	89.0	89.0	48.0	334.0	10.0	10.0
2025/07/14 19:14:05	1013.8	1.0	26.8	26.9	89.0	89.0	51.0	337.0	9.6	9.8
2025/07/14 19:14:06	1013.8	1.0	26.8	26.9	89.0	89.0	53.0	339.0	9.5	9.5
2025/07/14 19:14:07	1013.8	1.0	26.8	26.9	89.0	89.0	53.0	339.0	9.3	9.3
2025/07/14 19:14:08	1013.8	1.0	26.8	26.9	89.0	89.0	53.0	340.0	9.2	9.5
2025/07/14 19:14:09	1013.8	1.0	26.8	26.9	89.0	89.0	53.0	340.0	9.4	9.6
2025/07/14 19:14:10	1013.8	1.0	26.8	26.9	89.0	89.0	52.0	338.0	9.3	9.3
2025/07/14 19:14:11	1013.8	1.0	26.8	26.9	89.0	89.0	52.0	338.0	8.9	8.9
2025/07/14 19:14:12	1013.8	1.0	26.8	26.9	89.0	89.0	50.0	337.0	9.2	9.2
2025/07/14 19:14:13	1013.8	1.0	26.8	26.9	89.0	89.0	50.0	337.0	9.2	9.2
2025/07/14 19:14:14	1013.8	1.0	26.8	26.9	89.0	89.0	49.0	336.0	9.1	9.1
2025/07/14 19:14:15	1013.8	1.0	26.8	26.9	89.0	89.0	49.0	335.0	9.3	9.3
2025/07/14 19:14:16	1013.8	1.0	26.8	26.9	89.0	89.0	50.0	337.0	9.2	9.2
2025/07/14 19:14:17	1013.8	1.0	26.8	26.9	89.0	89.0	50.0	337.0	9.2	9.2
2025/07/14 19:14:18	1013.8	1.0	26.8	26.9	89.0	89.0	49.0	336.0	9.2	9.2
2025/07/14 19:14:19	1013.8	1.0	26.8	26.9	89.0	89.0	48.0	335.0	9.3	9.3
2025/07/14 19:14:20	1013.8	1.0	26.8	26.9	89.0	89.0	47.0	334.0	9.7	9.7
2025/07/14 19:14:21	1013.8	1.0	26.8	26.9	89.0	89.0	48.0	335.0	9.7	9.7
2025/07/14 19:14:22	1013.8	1.0	26.8	26.9	89.0	89.0	51.0	338.0	9.8	9.8
2025/07/14 19:14:23	1013.8	1.0	26.8	26.9	89.0	89.0	52.0	338.0	9.7	9.7
2025/07/14 19:14:24	1013.8	1.0	26.8	26.9	89.0	89.0	52.0	339.0	9.3	9.3
2025/07/14 19:14:25	1013.8	1.0	26.8	26.9	89.0	89.0	51.0	339.0	9.2	9.2
2025/07/14 19:14:26	1013.8	1.0	26.8	26.9	89.0	89.0	50.0	337.0	8.7	8.7
2025/07/14 19:14:27	1013.8	1.0	26.8	26.9	89.0	89.0	49.0	337.0	8.9	8.9
2025/07/14 19:14:28	1013.8	1.0	26.8	26.9	89.0	89.0	51.0	338.0	9.3	9.3
2025/07/14 19:14:29	1013.8	1.0	26.8	26.9	89.0	89.0	54.0	341.0	9.8	9.8
2025/07/14 19:14:30	1013.8	1.0	26.8	26.9	89.0	89.0	54.0	341.0	9.8	9.8
2025/07/14 19:14:31	1013.8	1.0	26.8	26.9	89.0	89.0	52.0	339.0	9.1	9.1
2025/07/14 19:14:32	1013.8	1.0	26.8	26.9	89.0	89.0	52.0	339.0	8.8	8.8
2025/07/14 19:14:33	1013.8	1.0	26.8	26.9	89.0	89.0	51.0	339.0	8.9	8.9
2025/07/14 19:14:34	1013.8	1.0	26.8	26.9	89.0	89.0	51.0	338.0	9.2	9.2
2025/07/14 19:14:35	1013.8	1.0	26.8	26.9	89.0	89.0	52.0	340.0	9.4	9.4
2025/07/14 19:14:36	1013.8	1.0	26.8	26.9	89.0	89.0	51.0	338.0	9.3	9.3
2025/07/14 19:14:37	1013.8	1.0	26.8	26.9	89.0	89.0	53.0	341.0	9.1	9.1
2025/07/14 19:14:38	1013.8	1.0	26.8	26.9	89.0	89.0	53.0	341.0	8.7	8.7
2025/07/14 19:14:39	1013.8	1.0	26.8	26.9	89.0	89.0	55.0	342.0	8.7	8.7
2025/07/14 19:14:40	1013.8	1.0	26.8	26.9	89.0	89.0	56.0	344.0	8.7	8.7
2025/07/14 19:14:41	1013.8	1.0	26.8	26.9	89.0	89.0	57.0	345.0	8.7	8.7
2025/07/14 19:14:42	1013.8	1.0	26.8	26.9	89.0	89.0	55.0	342.0	9.1	9.1
2025/07/14 19:14:43	1013.8	1.0	26.8	26.9	89.0	89.0	52.0	339.0	9.1	9.1
2025/07/14 19:14:44	1013.8	1.0	26.8	26.9	89.0	89.0	48.0	335.0	9.0	9.0
2025/07/14 19:14:45	1013.8	1.0	26.8	26.9	89.0	89.0	47.0	335.0	9.1	9.1
2025/07/14 19:14:46	1013.8	1.0	26.8	26.9	89.0	89.0	48.0	335.0	9.5	9.5
2025/07/14 19:14:47	1013.8	1.0	26.8	26.9	89.0	89.0	46.0	333.0	9.6	9.6
2025/07/14 19:14:48	1013.8	1.0	26.8	26.9	89.0	89.0	49.0	337.0	9.3	9.3
2025/07/14 19:14:49	1013.8	1.0	26.8	26.9	89.0	89.0	52.0	339.0	8.8	8.8
2025/07/14 19:14:50	1013.8	1.0	26.8	26.9	89.0	89.0	53.0	341.0	8.6	8.6
2025/07/14 19:14:51	1013.8	1.0	26.8	26.9	89.0	89.0	53.0	341.0	8.6	8.6
2025/07/14 19:14:52	1013.8	1.0	26.8	26.9	89.0	90.0	54.0	341.0	9.0	9.0
2025/07/14 19:14:53	1013.8	1.0	26.8	26.9	89.0	90.0	53.0	341.0	9.0	9.2
2025/07/14 19:14:54	1013.8	1.0	26.8	26.9	89.0	90.0	52.0	340.0	8.8	8.8
2025/07/14 19:14:55	1013.8	1.0	26.8	26.9	89.0	90.0	53.0	341.0	9.0	9.0
2025/07/14 19:14:56	1013.8	1.0	26.8	26.9	89.0	90.0	52.0	340.0	9.1	9.1
2025/07/14 19:14:57	1013.8	1.0	26.8	26.9	89.0	90.0	50.0	338.0	9.6	9.6
2025/07/14 19:14:58	1013.8	1.0	26.9	26.9	89.0	90.0	47.0	335.0	9.8	9.8
2025/07/14 19:14:59	1013.8	1.0	26.9	26.9	89.0	90.0	43.0	331.0	9.4	9.4
2025/07/14 19:15:00	1013.8	1.0	26.9	26.9	89.0	90.0	40.0	327.0	9.1	9.1
2025/07/14 19:15:01	1013.8	1.0	26.9	26.9	89.0	90.0	40.0	329.0	8.4	8.7
2025/07/14 19:15:02	1013.8	1.0	26.9	26.9	89.0	90.0	44.0	332.0	8.2	8.4
2025/07/14 19:15:03	1013.8	1.0	26.9	26.9	89.0	90.0	50.0	338.0	8.1	8.1
2025/07/14 19:15:04	1013.8	1.0	26.9	26.9	89.0	90.0	57.0	345.0	8.8	8.8
2025/07/14 19:15:05	1013.8	1.0	26.9	26.9	89.0	90.0	54.0	343.0	8.6	8.6
2025/07/14 19:15:06	1013.8	1.0	26.9	26.9	89.0	90.0	50.0	338.0	8.4	8.4
2025/07/14 19:15:07	1013.8	1.0	26.9	26.9	89.0	90.0	47.0	336.0	8.6	8.6
2025/07/14 19:15:08	1013.8	1.0	26.9	26.9	89.0	90.0	46.0	334.0	9.1	9.1
2025/07/14 19:15:09	1013.8	1.0	26.9	26.9	89.0	90.0	47.0	336.0	9.3	9.5
2025/07/14 19:15:10	1013.8	1.0	26.9	26.9	89.0	90.0	50.0	338.0	9.8	9.8
2025/07/14 19:15:11	1013.8	1.0	26.9	26.9	89.0	90.0	50.0	338.0	9.5	9.5
2025/07/14 19:15:12	1013.8	1.0	26.9	26.9	89.0	90.0	51.0	339.0	9.3	9.3
2025/07/14 19:15:13	1013.8	1.0	26.9	27.0	89.0	90.0	50.0	338.0	9.4	9.4
2025/07/14 19:15:14	1013.8	1.0	26.9	27.0	89.0	90.0	46.0	335.0	9.1	9.1
2025/07/14 19:15:15	1013.8	1.0	26.9	27.0	89.0	90.0	42.0	331.0	9.1	9.1
2025/07/14 19:15:16	1013.8	1.0	26.9	27.0	89.0	90.0	44.0	332.0	9.3	9.3
2025/07/14 19:15:17	1013.8	1.0	26.9	27.0	89.0	90.0	45.0	333.0	9.3	9.3
2025/07/14 19:15:18	1013.8	1.0	26.9	27.0	89.0	90.0	49.0	337.0	8.8	8.8
2025/07/14 19:15:19	1013.8	1.0	26.9	27.0	89.0	90.0	54.0	342.0	8.7	8.7
2025/07/14 19:15:20	1013.8	1.0	26.9	27.0	89.0	90.0	54.0	343.0	8.4	8.4
2025/07/14 19:15:21	1013.8	1.0	26.9	27.0	89.0	90.0	49.0	338.0	8.4	8.4
2025/07/14 19:15:22	1013.8	1.0	26.9	27.0	89.0	90.0	47.0	336.0	8.8	8.8
2025/07/14 19:15:23	1013.8	1.0	26.9	27.0	89.0	90.0	48.0	337.0	9.0	9.0
2025/07/14 19:15:24	1013.8	1.0	26.9	27.0	89.0	90.0	50.0	338.0	8.9	8.9
2025/07/14 19:15:25	1013.8	1.0	26.9	27.0	89.0	90.0	49.0	338.0	8.6	8.6
2025/07/14 19:15:26	1013.8	1.0	26.9	27.0	89.0	90.0	48.0	337.0	8.6	8.6
2025/07/14 19:15:27	1013.8	1.0	26.9	27.0	89.0	90.0	51.0	340.0	8.9	8.9
2025/07/14 19:15:28	1013.8	1.0	26.9	27.0	89.0	90.0	52.0	341.0	9.0	9.0
2025/07/14 19:15:29	1013.8	1.0	26.9	27.0	89.0	90.0	49.0	338.0	8.6	8.6
2025/07/14 19:15:30	1013.8	1.0	26.9	27.0	89.0	90.0	51.0	340.0	8.7	8.7
2025/07/14 19:15:31	1013.8	1.0	26.9	27.0	89.0	90.0	51.0	339.0	9.0	9.0
2025/07/14 19:15:32	1013.8	1.0	26.9	27.0	89.0	90.0	48.0	337.0	8.7	8.7
2025/07/14 19:15:33	1013.8	1.0	26.9	27.0	89.0	90.0	46.0	335.0	8.5	8.7
2025/07/14 19:15:34	1013.8	1.0	26.9	27.0	89.0	90.0	46.0	336.0	8.3	8.5
2025/07/14 19:15:35	1013.8	1.0	26.9	27.0	90.0	90.0	49.0	338.0	8.1	8.3
2025/07/14 19:15:36	1013.8	1.0	26.9	27.0	90.0	90.0	51.0	341.0	8.3	8.5
2025/07/14 19:15:37	1013.8	1.0	26.9	27.0	90.0	90.0	50.0	339.0	8.3	8.3
2025/07/14 19:15:38	1013.8	1.0	26.9	27.0	89.0	90.0	50.0	339.0	8.1	8.1
2025/07/14 19:15:39	1013.8	1.0	26.9	27.0	89.0	90.0	48.0	337.0	8.3	8.3
2025/07/14 19:15:40	1013.8	1.0	26.9	27.0	90.0	90.0	52.0	340.0	9.0	9.0
2025/07/14 19:15:41	1013.8	1.0	26.9	27.0	90.0	90.0	49.0	338.0	9.3	9.3
2025/07/14 19:15:42	1013.8	1.0	26.9	27.0	90.0	90.0	47.0	335.0	8.8	8.8
2025/07/14 19:15:43	1013.8	1.0	26.9	27.0	90.0	90.0	47.0	335.0	8.4	8.4
2025/07/14 19:15:44	1013.8	1.0	26.9	26.9	90.0	90.0	47.0	336.0	8.3	8.5
2025/07/14 19:15:45	1013.9	1.0	26.9	26.9	89.0	90.0	47.0	335.0	8.3	8.3
2025/07/14 19:15:46	1013.9	1.0	26.9	26.9	89.0	90.0	42.0	330.0	8.6	8.6
2025/07/14 19:15:47	1013.9	1.0	26.9	26.9	89.0	90.0	39.0	327.0	9.0	9.0
2025/07/14 19:15:48	1013.9	1.0	26.9	26.9	89.0	90.0	38.0	326.0	9.0	9.0
2025/07/14 19:15:49	1013.9	1.0	26.9	26.9	89.0	90.0	38.0	326.0	9.3	9.3
2025/07/14 19:15:50	1013.9	1.0	26.9	26.9	89.0	90.0	42.0	330.0	9.4	9.4
2025/07/14 19:15:51	1013.9	1.0	26.8	26.9	89.0	90.0	45.0	332.0	8.7	8.7
2025/07/14 19:15:52	1013.9	1.0	26.8	26.9	89.0	90.0	45.0	333.0	8.6	8.6
2025/07/14 19:15:53	1013.9	1.0	26.8	26.9	89.0	90.0	45.0	333.0	8.9	8.9
2025/07/14 19:15:54	1013.8	1.0	26.8	26.9	89.0	90.0	45.0	333.0	9.0	9.0
2025/07/14 19:15:55	1013.8	1.0	26.8	26.9	89.0	90.0	43.0	331.0	8.9	8.9
2025/07/14 19:15:56	1013.8	1.0	26.8	26.9	89.0	90.0	40.0	328.0	8.7	8.7
2025/07/14 19:15:57	1013.8	1.0	26.8	26.9	89.0	90.0	38.0	326.0	8.8	9.0
2025/07/14 19:15:58	1013.8	1.0	26.8	26.9	89.0	90.0	39.0	326.0	9.0	9.0
2025/07/14 19:15:59	1013.8	1.0	26.8	26.9	89.0	90.0	40.0	327.0	8.8	8.8
2025/07/14 19:16:00	1013.8	1.0	26.8	26.9	89.0	90.0	42.0	329.0	8.8	8.8
2025/07/14 19:16:01	1013.8	1.0	26.8	26.9	89.0	90.0	43.0	330.0	9.0	9.0
2025/07/14 19:16:02	1013.8	1.0	26.8	26.9	89.0	90.0	43.0	331.0	9.4	9.4
2025/07/14 19:16:03	1013.8	1.0	26.8	26.9	89.0	90.0	43.0	330.0	9.4	9.4
2025/07/14 19:16:04	1013.8	1.0	26.8	26.9	89.0	90.0	44.0	331.0	8.6	8.6
2025/07/14 19:16:05	1013.8	1.0	26.8	26.9	89.0	90.0	47.0	333.0	8.6	8.6
2025/07/14 19:16:06	1013.8	1.0	26.8	26.9	89.0	90.0	48.0	334.0	8.1	8.1
2025/07/14 19:16:07	1013.8	1.0	26.8	26.9	89.0	90.0	50.0	336.0	8.6	8.6
2025/07/14 19:16:08	1013.8	1.0	26.8	26.9	89.0	90.0	51.0	338.0	8.5	8.5
2025/07/14 19:16:09	1013.8	1.0	26.9	26.9	89.0	90.0	49.0	336.0	8.1	8.1
2025/07/14 19:16:10	1013.8	1.0	26.9	26.9	89.0	90.0	46.0	333.0	8.1	8.1
2025/07/14 19:16:11	1013.8	1.0	26.9	26.9	89.0	90.0	46.0	333.0	8.0	8.0
2025/07/14 19:16:12	1013.9	1.0	26.9	26.9	90.0	90.0	44.0	331.0	8.3	8.5
2025/07/14 19:16:13	1013.9	1.0	26.9	26.9	90.0	90.0	44.0	330.0	9.0	9.0
2025/07/14 19:16:14	1013.9	1.0	26.9	26.9	90.0	90.0	42.0	328.0	8.9	8.9
2025/07/14 19:16:15	1013.9	1.0	26.9	26.9	89.0	90.0	41.0	327.0	8.3	8.3
2025/07/14 19:16:16	1013.9	1.0	26.9	26.9	89.0	90.0	46.0	332.0	8.6	8.6
2025/07/14 19:16:17	1013.9	1.0	26.9	26.9	89.0	90.0	46.0	332.0	8.7	8.7
2025/07/14 19:16:18	1013.9	1.0	26.9	26.9	89.0	90.0	49.0	335.0	8.2	8.2
2025/07/14 19:16:19	1013.9	1.0	26.9	26.9	89.0	90.0	49.0	334.0	7.4	7.4
2025/07/14 19:16:20	1013.9	1.0	26.9	26.9	89.0	90.0	50.0	335.0	7.5	7.5
2025/07/14 19:16:21	1013.9	1.0	26.9	26.9	89.0	90.0	47.0	333.0	8.2	8.2
2025/07/14 19:16:22	1013.9	1.0	26.9	26.9	89.0	90.0	47.0	333.0	8.7	8.7
2025/07/14 19:16:23	1013.9	1.0	26.9	26.9	89.0	90.0	46.0	332.0	8.3	8.3
2025/07/14 19:16:24	1013.9	1.0	26.9	26.9	89.0	90.0	46.0	332.0	8.5	8.5
2025/07/14 19:16:25	1013.9	1.0	26.9	26.9	89.0	90.0	45.0	330.0	8.8	8.8
2025/07/14 19:16:26	1013.9	1.0	26.9	26.9	89.0	90.0	44.0	330.0	9.2	9.2
2025/07/14 19:16:27	1013.9	1.0	26.9	26.9	89.0	90.0	46.0	331.0	9.4	9.4
2025/07/14 19:16:28	1013.9	1.0	26.9	26.9	90.0	90.0	45.0	330.0	9.6	9.6
2025/07/14 19:16:29	1013.9	1.0	26.9	26.9	90.0	90.0	45.0	331.0	9.4	9.4
2025/07/14 19:16:30	1013.9	1.0	26.9	26.9	90.0	90.0	46.0	332.0	9.3	9.3
2025/07/14 19:16:31	1013.9	1.0	26.9	26.9	90.0	90.0	49.0	335.0	8.9	8.9
2025/07/14 19:16:32	1013.9	1.0	26.9	26.9	90.0	90.0	49.0	335.0	8.5	8.5
2025/07/14 19:16:33	1013.9	1.0	26.9	26.9	90.0	90.0	51.0	337.0	8.1	8.1
2025/07/14 19:16:34	1013.9	1.0	26.9	26.9	90.0	90.0	53.0	339.0	8.1	8.1
2025/07/14 19:16:35	1013.9	1.0	26.9	26.9	90.0	90.0	55.0	341.0	8.5	8.5
2025/07/14 19:16:36	1013.9	1.0	26.9	26.9	90.0	90.0	51.0	338.0	8.9	8.9
2025/07/14 19:16:37	1013.9	1.0	26.9	26.9	90.0	90.0	49.0	336.0	8.9	8.9
2025/07/14 19:16:38	1013.9	1.0	26.9	26.9	89.0	90.0	47.0	334.0	9.1	9.1
2025/07/14 19:16:39	1013.9	1.0	26.9	26.9	89.0	90.0	44.0	330.0	9.4	9.4
2025/07/14 19:16:40	1013.9	1.0	26.9	26.9	89.0	90.0	43.0	330.0	9.3	9.3
2025/07/14 19:16:41	1013.9	1.0	26.9	26.9	89.0	90.0	45.0	331.0	9.1	9.1
2025/07/14 19:16:42	1013.9	1.0	26.9	26.9	89.0	90.0	49.0	335.0	9.4	9.4
2025/07/14 19:16:43	1013.9	1.0	26.9	26.9	90.0	90.0	52.0	338.0	9.5	9.5
2025/07/14 19:16:44	1013.9	1.0	26.9	26.9	90.0	90.0	52.0	338.0	9.3	9.3
2025/07/14 19:16:45	1013.9	1.0	26.9	26.9	90.0	90.0	51.0	338.0	8.6	8.6
2025/07/14 19:16:46	1013.9	1.0	26.8	26.9	90.0	90.0	51.0	337.0	8.5	8.5
2025/07/14 19:16:47	1013.9	1.0	26.8	26.9	90.0	90.0	51.0	337.0	8.3	8.3
2025/07/14 19:16:48	1013.9	1.0	26.8	26.9	89.0	90.0	52.0	338.0	8.5	8.5
2025/07/14 19:16:49	1013.9	1.0	26.8	26.9	89.0	90.0	52.0	339.0	9.0	9.0
2025/07/14 19:16:50	1013.9	1.0	26.8	26.9	89.0	90.0	51.0	338.0	9.1	9.1
2025/07/14 19:16:51	1013.9	1.0	26.8	26.9	90.0	90.0	48.0	334.0	8.8	8.8
2025/07/14 19:16:52	1013.9	1.0	26.8	26.9	90.0	90.0	47.0	334.0	8.4	8.4
2025/07/14 19:16:53	1013.9	1.0	26.8	26.9	90.0	90.0	46.0	332.0	8.6	8.6
2025/07/14 19:16:54	1013.9	1.0	26.8	26.9	90.0	90.0	47.0	333.0	9.1	9.1
2025/07/14 19:16:55	1013.9	1.0	26.8	26.9	90.0	90.0	47.0	333.0	9.2	9.2
2025/07/14 19:16:56	1013.9	1.0	26.8	26.9	90.0	90.0	46.0	333.0	9.1	9.1
2025/07/14 19:16:57	1013.9	1.0	26.8	26.9	90.0	90.0	46.0	333.0	8.6	8.6
2025/07/14 19:16:58	1013.9	1.0	26.8	26.9	90.0	90.0	47.0	334.0	8.6	8.6
2025/07/14 19:16:59	1013.9	1.0	26.8	26.9	90.0	90.0	51.0	338.0	8.8	8.8
2025/07/14 19:17:00	1013.9	1.0	26.8	26.9	90.0	90.0	53.0	339.0	9.1	9.1
2025/07/14 19:17:01	1013.9	1.0	26.8	26.9	90.0	90.0	54.0	340.0	9.1	9.1
2025/07/14 19:17:02	1013.9	1.0	26.8	26.9	90.0	90.0	54.0	341.0	8.7	8.7
2025/07/14 19:17:03	1013.9	1.0	26.8	26.9	90.0	90.0	53.0	340.0	8.2	8.2
2025/07/14 19:17:04	1013.9	1.0	26.8	26.9	90.0	90.0	51.0	338.0	8.2	8.2
2025/07/14 19:17:05	1013.9	1.0	26.8	26.9	90.0	90.0	52.0	339.0	8.4	8.4
2025/07/14 19:17:06	1013.9	1.0	26.8	26.9	90.0	90.0	52.0	339.0	8.7	8.7
2025/07/14 19:17:07	1013.9	1.0	26.8	26.9	90.0	90.0	52.0	339.0	8.7	8.7
2025/07/14 19:17:08	1013.9	1.0	26.8	26.9	90.0	90.0	51.0	338.0	8.1	8.4
2025/07/14 19:17:09	1013.9	1.0	26.8	26.9	90.0	90.0	49.0	337.0	8.0	8.2
2025/07/14 19:17:10	1013.9	1.0	26.8	26.9	90.0	90.0	49.0	335.0	8.6	8.6
2025/07/14 19:17:11	1013.9	1.0	26.8	26.9	90.0	90.0	47.0	336.0	8.7	9.0
2025/07/14 19:17:12	1013.9	1.0	26.8	26.9	90.0	90.0	48.0	336.0	8.9	9.2
2025/07/14 19:17:13	1013.9	1.0	26.8	26.9	90.0	90.0	48.0	336.0	8.7	9.0
2025/07/14 19:17:14	1013.9	1.0	26.8	26.9	90.0	90.0	53.0	341.0	8.6	8.6
2025/07/14 19:17:15	1013.9	1.0	26.8	26.9	90.0	90.0	57.0	344.0	8.3	8.5
2025/07/14 19:17:16	1013.9	1.0	26.8	26.9	90.0	90.0	59.0	347.0	8.5	8.9
2025/07/14 19:17:17	1013.9	1.0	26.8	26.9	90.0	90.0	57.0	345.0	8.7	9.0
2025/07/14 19:17:18	1013.9	1.0	26.8	26.9	90.0	90.0	53.0	341.0	9.0	9.0
2025/07/14 19:17:19	1013.9	1.0	26.8	26.9	90.0	90.0	49.0	336.0	9.1	9.1
2025/07/14 19:17:20	1013.9	1.0	26.8	26.9	90.0	90.0	47.0	334.0	9.2	9.2
2025/07/14 19:17:21	1013.9	1.0	26.8	26.9	90.0	90.0	47.0	334.0	9.2	9.2
2025/07/14 19:17:22	1013.9	1.0	26.8	26.9	90.0	90.0	47.0	335.0	9.4	9.4
2025/07/14 19:17:23	1013.9	1.0	26.8	26.9	90.0	90.0	50.0	337.0	9.7	9.7
2025/07/14 19:17:24	1013.9	1.0	26.8	26.9	90.0	90.0	52.0	340.0	9.7	9.7
2025/07/14 19:17:25	1013.9	1.0	26.8	26.9	90.0	90.0	52.0	340.0	9.2	9.2
2025/07/14 19:17:26	1013.9	1.0	26.9	26.9	90.0	90.0	52.0	339.0	8.7	8.7
2025/07/14 19:17:27	1013.9	1.0	26.9	26.9	90.0	90.0	54.0	341.0	8.3	8.3
2025/07/14 19:17:28	1013.9	1.0	26.9	26.9	90.0	90.0	55.0	342.0	8.7	8.7
2025/07/14 19:17:29	1013.9	1.0	26.9	26.9	90.0	90.0	56.0	343.0	9.4	9.4
2025/07/14 19:17:30	1013.9	1.0	26.9	26.9	90.0	90.0	56.0	343.0	9.5	9.5
2025/07/14 19:17:31	1013.9	1.0	26.9	26.9	90.0	90.0	55.0	342.0	9.1	9.1
2025/07/14 19:17:32	1013.9	1.0	26.9	26.9	90.0	91.0	55.0	342.0	9.0	9.0
2025/07/14 19:17:33	1013.9	1.0	26.9	26.9	90.0	91.0	53.0	341.0	9.2	9.4
2025/07/14 19:17:34	1013.9	1.0	26.9	26.9	90.0	91.0	50.0	338.0	9.7	10.0
2025/07/14 19:17:35	1013.9	1.0	26.9	26.9	90.0	90.0	50.0	337.0	10.2	10.2
2025/07/14 19:17:36	1013.9	1.0	26.8	26.9	90.0	90.0	49.0	336.0	10.0	10.0
2025/07/14 19:17:37	1013.9	1.0	26.8	26.9	90.0	91.0	51.0	338.0	9.2	9.2
2025/07/14 19:17:38	1013.9	1.0	26.8	26.9	90.0	91.0	54.0	341.0	9.2	9.2
2025/07/14 19:17:39	1013.9	1.0	26.8	26.9	90.0	91.0	57.0	344.0	8.9	8.9
2025/07/14 19:17:40	1013.9	1.0	26.8	26.9	90.0	90.0	59.0	346.0	9.1	9.1
2025/07/14 19:17:41	1013.9	1.0	26.8	26.9	90.0	90.0	58.0	344.0	9.2	9.2
2025/07/14 19:17:42	1013.9	1.0	26.8	26.9	90.0	91.0	55.0	341.0	8.8	8.8
2025/07/14 19:17:43	1013.9	1.0	26.8	26.9	90.0	91.0	54.0	340.0	8.9	8.9
2025/07/14 19:17:44	1013.9	1.0	26.8	26.9	90.0	91.0	53.0	339.0	8.7	8.7
2025/07/14 19:17:45	1013.9	1.0	26.8	26.9	90.0	91.0	51.0	338.0	9.0	9.0
2025/07/14 19:17:46	1013.9	1.0	26.8	26.9	90.0	91.0	49.0	336.0	9.2	9.2
2025/07/14 19:17:47	1013.9	1.0	26.8	26.9	90.0	91.0	49.0	335.0	9.4	9.4
2025/07/14 19:17:48	1013.9	1.0	26.8	26.9	90.0	91.0	49.0	336.0	9.4	9.4
2025/07/14 19:17:49	1013.9	1.0	26.8	26.9	90.0	91.0	50.0	336.0	9.4	9.4
2025/07/14 19:17:50	1013.9	1.0	26.8	26.9	90.0	91.0	50.0	336.0	9.2	9.4
2025/07/14 19:17:51	1013.9	1.0	26.8	26.9	90.0	91.0	52.0	338.0	9.0	9.0
2025/07/14 19:17:52	1013.9	1.0	26.8	26.9	90.0	91.0	50.0	337.0	8.3	8.3
2025/07/14 19:17:53	1013.9	1.0	26.8	26.8	90.0	91.0	51.0	337.0	8.4	8.4
2025/07/14 19:17:54	1013.9	1.0	26.8	26.8	90.0	91.0	53.0	339.0	8.9	8.9
2025/07/14 19:17:55	1013.9	1.0	26.8	26.8	90.0	91.0	52.0	339.0	9.0	9.0
2025/07/14 19:17:56	1013.9	1.0	26.8	26.8	90.0	91.0	49.0	336.0	9.1	9.1
2025/07/14 19:17:57	1013.9	1.0	26.8	26.8	90.0	91.0	50.0	337.0	9.2	9.2
2025/07/14 19:17:58	1013.9	1.0	26.8	26.8	90.0	91.0	50.0	337.0	9.4	9.4
2025/07/14 19:17:59	1013.9	1.0	26.8	26.8	90.0	91.0	47.0	333.0	9.8	9.8
2025/07/14 19:18:00	1013.9	1.0	26.8	26.8	90.0	91.0	45.0	332.0	9.8	9.8
2025/07/14 19:18:01	1013.9	1.0	26.8	26.8	90.0	91.0	46.0	332.0	9.6	9.6
2025/07/14 19:18:02	1013.9	1.0	26.8	26.8	90.0	91.0	47.0	334.0	9.6	9.6
2025/07/14 19:18:03	1013.9	1.0	26.8	26.8	90.0	91.0	47.0	334.0	9.7	9.9
2025/07/14 19:18:04	1013.9	1.0	26.8	26.8	90.0	91.0	46.0	333.0	9.9	9.9
2025/07/14 19:18:05	1013.9	1.0	26.8	26.8	90.0	91.0	45.0	331.0	9.7	9.7
2025/07/14 19:18:06	1013.9	1.0	26.8	26.8	90.0	91.0	46.0	332.0	9.4	9.4
2025/07/14 19:18:07	1013.9	1.0	26.8	26.8	90.0	91.0	48.0	334.0	9.4	9.4
2025/07/14 19:18:08	1013.9	1.0	26.8	26.8	90.0	91.0	49.0	335.0	9.2	9.2
2025/07/14 19:18:09	1013.9	1.0	26.8	26.8	90.0	91.0	51.0	338.0	9.0	9.0
2025/07/14 19:18:10	1013.9	1.0	26.8	26.8	90.0	91.0	50.0	337.0	8.9	8.9
2025/07/14 19:18:11	1013.9	1.0	26.8	26.8	90.0	91.0	46.0	333.0	8.9	8.9
2025/07/14 19:18:12	1013.9	1.0	26.8	26.8	90.0	91.0	46.0	333.0	9.4	9.4
2025/07/14 19:18:13	1013.9	1.0	26.8	26.8	90.0	91.0	46.0	334.0	9.0	9.2
2025/07/14 19:18:14	1013.9	1.0	26.8	26.8	90.0	91.0	47.0	334.0	9.2	9.2
2025/07/14 19:18:15	1013.9	1.0	26.8	26.8	90.0	91.0	47.0	334.0	9.2	9.2
2025/07/14 19:18:16	1013.9	1.0	26.8	26.8	90.0	91.0	46.0	333.0	9.3	9.3
2025/07/14 19:18:17	1013.9	1.0	26.8	26.8	90.0	91.0	44.0	331.0	9.2	9.2
2025/07/14 19:18:18	1013.9	1.0	26.8	26.8	90.0	91.0	46.0	333.0	9.1	9.1
2025/07/14 19:18:19	1013.9	1.0	26.8	26.9	90.0	91.0	49.0	336.0	9.1	9.1
2025/07/14 19:18:20	1013.9	1.0	26.8	26.9	90.0	91.0	49.0	335.0	8.7	8.7
2025/07/14 19:18:21	1013.9	1.0	26.8	26.9	90.0	91.0	49.0	335.0	8.2	8.2
2025/07/14 19:18:22	1013.9	1.0	26.8	26.9	90.0	91.0	51.0	338.0	8.1	8.1
2025/07/14 19:18:23	1013.9	1.0	26.8	26.9	90.0	91.0	50.0	337.0	8.1	8.1
2025/07/14 19:18:24	1013.9	1.0	26.8	26.9	90.0	91.0	45.0	333.0	8.3	8.3
2025/07/14 19:18:25	1013.9	1.0	26.8	26.9	90.0	91.0	42.0	329.0	8.3	8.3
2025/07/14 19:18:26	1013.9	1.0	26.8	26.9	90.0	91.0	41.0	328.0	8.4	8.4
2025/07/14 19:18:27	1013.9	1.0	26.8	26.9	90.0	91.0	43.0	331.0	8.3	8.3
2025/07/14 19:18:28	1013.9	1.0	26.8	26.9	90.0	91.0	44.0	332.0	8.3	8.3
2025/07/14 19:18:29	1013.9	1.0	26.9	26.9	90.0	91.0	43.0	330.0	8.2	8.2
2025/07/14 19:18:30	1013.9	1.0	26.9	26.9	90.0	92.0	44.0	331.0	8.3	8.3
2025/07/14 19:18:31	1013.9	1.0	26.9	26.9	90.0	92.0	44.0	332.0	8.5	8.5
2025/07/14 19:18:32	1013.9	1.0	26.9	26.9	90.0	92.0	45.0	333.0	8.7	8.7
2025/07/14 19:18:33	1013.9	1.0	26.9	26.9	90.0	92.0	46.0	334.0	8.5	8.5
2025/07/14 19:18:34	1013.9	1.0	26.9	26.9	90.0	92.0	48.0	336.0	8.5	8.5
2025/07/14 19:18:35	1013.9	1.0	26.9	26.9	90.0	92.0	48.0	337.0	8.1	8.1
2025/07/14 19:18:36	1013.9	1.0	26.9	26.9	90.0	92.0	48.0	336.0	8.2	8.2
2025/07/14 19:18:37	1013.9	1.0	26.9	26.9	90.0	92.0	45.0	334.0	8.0	8.0
2025/07/14 19:18:38	1013.9	1.0	26.9	26.9	90.0	92.0	45.0	333.0	8.4	8.4
2025/07/14 19:18:39	1013.9	1.0	26.9	26.9	90.0	92.0	46.0	334.0	8.5	8.5
2025/07/14 19:18:40	1013.9	1.0	26.9	26.9	90.0	92.0	49.0	336.0	8.1	8.1
2025/07/14 19:18:41	1013.9	1.0	26.8	26.9	90.0	92.0	49.0	337.0	8.1	8.1
2025/07/14 19:18:42	1013.9	1.0	26.8	26.9	90.0	92.0	47.0	335.0	8.2	8.2
2025/07/14 19:18:43	1013.9	1.0	26.8	26.9	90.0	92.0	47.0	335.0	8.5	8.5
2025/07/14 19:18:44	1013.9	1.0	26.8	26.9	90.0	92.0	47.0	335.0	8.8	8.8
2025/07/14 19:18:45	1013.9	1.0	26.8	26.9	90.0	92.0	45.0	333.0	9.0	9.0
2025/07/14 19:18:46	1013.9	1.0	26.8	26.9	90.0	92.0	45.0	333.0	9.1	9.1
2025/07/14 19:18:47	1013.9	1.0	26.8	26.9	90.0	92.0	45.0	333.0	8.9	8.9
2025/07/14 19:18:48	1013.9	1.0	26.8	26.9	90.0	91.0	48.0	336.0	8.7	8.7
2025/07/14 19:18:49	1013.9	1.0	26.8	26.9	90.0	91.0	51.0	338.0	8.2	8.2
2025/07/14 19:18:50	1013.9	1.0	26.8	26.9	90.0	91.0	53.0	340.0	8.2	8.2
2025/07/14 19:18:51	1013.9	1.0	26.8	26.9	90.0	91.0	52.0	339.0	8.2	8.2
2025/07/14 19:18:52	1013.9	1.0	26.8	26.9	90.0	91.0	50.0	338.0	8.1	8.1
2025/07/14 19:18:53	1013.9	1.0	26.8	26.9	90.0	91.0	47.0	335.0	8.1	8.1
2025/07/14 19:18:54	1013.9	1.0	26.8	26.9	90.0	91.0	46.0	335.0	8.1	8.3
2025/07/14 19:18:55	1013.9	1.0	26.8	26.9	90.0	91.0	48.0	336.0	8.2	8.2
2025/07/14 19:18:56	1013.9	1.0	26.8	26.8	90.0	91.0	50.0	338.0	8.3	8.3
2025/07/14 19:18:57	1013.9	1.0	26.8	26.8	90.0	91.0	50.0	338.0	8.5	8.5
2025/07/14 19:18:58	1013.9	1.0	26.8	26.8	90.0	91.0	48.0	336.0	8.5	8.5
2025/07/14 19:18:59	1013.9	1.0	26.8	26.8	90.0	91.0	46.0	333.0	8.5	8.5
2025/07/14 19:19:00	1013.9	1.0	26.8	26.8	90.0	91.0	46.0	334.0	8.7	8.7
2025/07/14 19:19:01	1013.9	1.0	26.8	26.8	90.0	92.0	48.0	336.0	9.0	9.0
2025/07/14 19:19:02	1013.9	1.0	26.8	26.8	90.0	92.0	51.0	339.0	8.7	8.7
2025/07/14 19:19:03	1013.9	1.0	26.8	26.8	90.0	92.0	53.0	341.0	8.6	8.6
2025/07/14 19:19:04	1013.9	1.0	26.8	26.8	90.0	91.0	56.0	344.0	8.4	8.4
2025/07/14 19:19:05	1013.9	1.0	26.8	26.8	90.0	91.0	55.0	343.0	8.2	8.2
2025/07/14 19:19:06	1013.9	1.0	26.8	26.8	90.0	92.0	52.0	340.0	8.3	8.3
2025/07/14 19:19:07	1013.9	1.0	26.8	26.8	90.0	92.0	50.0	338.0	8.0	8.0
2025/07/14 19:19:08	1013.9	1.0	26.8	26.8	90.0	92.0	50.0	338.0	8.0	8.0
2025/07/14 19:19:09	1013.9	1.0	26.8	26.8	90.0	91.0	50.0	338.0	8.0	8.0
2025/07/14 19:19:10	1013.9	1.0	26.7	26.8	90.0	91.0	49.0	337.0	8.0	8.0
2025/07/14 19:19:11	1013.9	1.0	26.7	26.8	90.0	91.0	46.0	334.0	8.3	8.3
2025/07/14 19:19:12	1013.9	1.0	26.7	26.8	90.0	91.0	46.0	334.0	8.3	8.3
2025/07/14 19:19:13	1013.9	1.0	26.7	26.8	90.0	91.0	50.0	338.0	8.4	8.4
2025/07/14 19:19:14	1013.9	1.0	26.7	26.8	90.0	91.0	52.0	340.0	8.7	8.7
2025/07/14 19:19:15	1013.9	1.0	26.7	26.8	90.0	91.0	51.0	339.0	8.1	8.1
2025/07/14 19:19:16	1013.9	1.0	26.7	26.8	90.0	91.0	51.0	339.0	7.9	7.9
2025/07/14 19:19:17	1013.9	1.0	26.7	26.8	90.0	91.0	53.0	341.0	7.5	7.5
2025/07/14 19:19:18	1013.9	1.0	26.8	26.8	90.0	91.0	55.0	343.0	7.8	7.8
2025/07/14 19:19:19	1013.9	1.0	26.8	26.8	90.0	91.0	57.0	344.0	8.0	8.0
2025/07/14 19:19:20	1013.9	1.0	26.8	26.8	90.0	91.0	57.0	345.0	8.2	8.2
2025/07/14 19:19:21	1013.9	1.0	26.8	26.8	90.0	91.0	54.0	342.0	8.4	8.4
2025/07/14 19:19:22	1013.9	1.0	26.8	26.8	90.0	92.0	54.0	342.0	8.2	8.2
2025/07/14 19:19:23	1013.9	1.0	26.8	26.8	90.0	92.0	51.0	339.0	8.3	8.3
2025/07/14 19:19:24	1013.9	1.0	26.8	26.8	90.0	92.0	51.0	338.0	8.1	8.1
2025/07/14 19:19:25	1013.9	1.0	26.8	26.8	90.0	91.0	51.0	338.0	8.5	8.5
2025/07/14 19:19:26	1013.9	1.0	26.8	26.8	90.0	91.0	57.0	344.0	8.4	8.4
2025/07/14 19:19:27	1013.9	1.0	26.8	26.8	90.0	91.0	57.0	345.0	8.8	8.8
2025/07/14 19:19:28	1013.9	1.0	26.8	26.8	90.0	92.0	56.0	344.0	8.2	8.2
2025/07/14 19:19:29	1013.9	1.0	26.8	26.8	90.0	92.0	55.0	342.0	7.8	7.8
2025/07/14 19:19:30	1013.9	1.0	26.8	26.9	90.0	92.0	56.0	343.0	8.1	8.1
2025/07/14 19:19:31	1013.9	1.0	26.8	26.9	90.0	92.0	57.0	344.0	8.4	8.4
2025/07/14 19:19:32	1013.9	1.0	26.8	26.9	90.0	92.0	56.0	343.0	8.4	8.4
2025/07/14 19:19:33	1013.9	1.0	26.8	26.9	90.0	92.0	57.0	344.0	8.2	8.2
2025/07/14 19:19:34	1013.9	1.0	26.8	26.9	90.0	92.0	55.0	342.0	8.6	8.6
2025/07/14 19:19:35	1013.9	1.0	26.8	26.9	90.0	92.0	54.0	341.0	8.8	8.8
2025/07/14 19:19:36	1013.9	1.0	26.8	26.9	90.0	92.0	52.0	339.0	9.0	9.0
2025/07/14 19:19:37	1013.9	1.0	26.8	26.9	90.0	92.0	52.0	338.0	8.6	8.6
2025/07/14 19:19:38	1013.9	1.0	26.8	26.9	90.0	92.0	52.0	339.0	8.7	8.7
2025/07/14 19:19:39	1014.0	1.0	26.8	26.9	90.0	92.0	53.0	340.0	8.8	8.8
2025/07/14 19:19:40	1014.0	1.0	26.8	26.9	90.0	92.0	52.0	339.0	8.6	8.6
2025/07/14 19:19:41	1014.0	1.0	26.8	26.9	90.0	92.0	51.0	337.0	8.6	8.6
2025/07/14 19:19:42	1014.0	1.0	26.8	26.9	90.0	92.0	51.0	337.0	8.5	8.5
2025/07/14 19:19:43	1014.0	1.0	26.8	26.9	90.0	92.0	50.0	338.0	8.2	8.5
2025/07/14 19:19:44	1014.0	1.0	26.8	26.9	90.0	92.0	51.0	338.0	8.2	8.4
2025/07/14 19:19:45	1014.0	1.0	26.8	26.8	90.0	92.0	55.0	342.0	8.3	8.3
2025/07/14 19:19:46	1014.0	1.0	26.8	26.8	90.0	92.0	58.0	344.0	8.1	8.1
2025/07/14 19:19:47	1014.0	1.0	26.8	26.8	91.0	92.0	56.0	343.0	7.7	8.0
2025/07/14 19:19:48	1014.0	1.0	26.8	26.8	91.0	92.0	54.0	340.0	8.0	8.0
2025/07/14 19:19:49	1014.0	1.0	26.8	26.8	91.0	92.0	52.0	338.0	8.2	8.2
2025/07/14 19:19:50	1014.0	1.0	26.8	26.8	91.0	92.0	52.0	338.0	8.6	8.6
2025/07/14 19:19:51	1014.0	1.0	26.8	26.8	91.0	92.0	51.0	337.0	8.6	8.6
2025/07/14 19:19:52	1014.0	1.0	26.7	26.8	91.0	92.0	49.0	335.0	8.4	8.4
2025/07/14 19:19:53	1014.0	1.0	26.7	26.8	91.0	92.0	48.0	334.0	8.4	8.4
2025/07/14 19:19:54	1014.0	1.0	26.7	26.8	91.0	92.0	48.0	335.0	8.1	8.3
2025/07/14 19:19:55	1014.0	1.0	26.7	26.8	90.0	92.0	52.0	338.0	8.5	8.5
2025/07/14 19:19:56	1014.0	1.0	26.7	26.8	90.0	92.0	50.0	337.0	8.5	8.8
2025/07/14 19:19:57	1014.0	1.0	26.7	26.8	91.0	92.0	50.0	336.0	9.0	9.2
2025/07/14 19:19:58	1014.0	1.0	26.7	26.8	91.0	92.0	49.0	335.0	9.1	9.1
2025/07/14 19:19:59	1014.0	1.0	26.7	26.8	91.0	92.0	47.0	333.0	8.8	9.0
2025/07/14 19:20:00	1014.0	1.0	26.7	26.8	91.0	92.0	49.0	335.0	8.9	8.9
2025/07/14 19:20:01	1014.0	1.0	26.7	26.8	91.0	92.0	51.0	336.0	8.9	8.9
2025/07/14 19:20:02	1014.0	1.0	26.7	26.8	91.0	92.0	54.0	339.0	9.2	9.2
2025/07/14 19:20:03	1014.0	1.0	26.7	26.8	91.0	92.0	55.0	340.0	9.2	9.2
2025/07/14 19:20:04	1014.0	1.0	26.7	26.8	91.0	92.0	52.0	337.0	9.0	9.0
2025/07/14 19:20:05	1014.0	1.0	26.7	26.8	91.0	92.0	49.0	336.0	9.0	9.2
2025/07/14 19:20:06	1014.0	1.0	26.7	26.8	91.0	92.0	51.0	337.0	9.1	9.1
2025/07/14 19:20:07	1014.0	1.0	26.7	26.8	91.0	92.0	51.0	337.0	9.0	9.0
2025/07/14 19:20:08	1014.0	1.0	26.7	26.8	91.0	92.0	51.0	337.0	9.0	9.2
2025/07/14 19:20:09	1014.0	1.0	26.7	26.8	91.0	92.0	52.0	337.0	9.3	9.3
2025/07/14 19:20:10	1014.0	1.0	26.7	26.8	91.0	92.0	51.0	337.0	9.1	9.1
2025/07/14 19:20:11	1014.0	1.0	26.7	26.8	91.0	92.0	49.0	334.0	8.9	8.9
2025/07/14 19:20:12	1014.0	1.0	26.7	26.8	91.0	92.0	48.0	333.0	8.9	8.9
2025/07/14 19:20:13	1014.0	1.0	26.7	26.8	91.0	92.0	47.0	333.0	9.0	9.2
2025/07/14 19:20:14	1014.0	1.0	26.7	26.8	91.0	92.0	48.0	333.0	9.5	9.5
2025/07/14 19:20:15	1013.9	1.0	26.7	26.8	91.0	92.0	50.0	335.0	9.2	9.2
2025/07/14 19:20:16	1013.9	1.0	26.7	26.8	91.0	92.0	49.0	334.0	8.6	8.6
2025/07/14 19:20:17	1013.9	1.0	26.7	26.8	91.0	92.0	48.0	333.0	8.3	8.3
2025/07/14 19:20:18	1013.9	1.0	26.7	26.8	91.0	92.0	52.0	337.0	8.6	8.6
2025/07/14 19:20:19	1013.9	1.0	26.7	26.8	91.0	92.0	54.0	339.0	8.8	8.8
2025/07/14 19:20:20	1013.9	1.0	26.7	26.8	91.0	92.0	51.0	336.0	8.6	8.6
2025/07/14 19:20:21	1013.9	1.0	26.7	26.8	91.0	92.0	47.0	332.0	8.2	8.2
2025/07/14 19:20:22	1013.9	1.0	26.7	26.8	91.0	92.0	47.0	332.0	8.2	8.2
2025/07/14 19:20:23	1013.9	1.0	26.7	26.8	91.0	92.0	48.0	333.0	8.5	8.5
2025/07/14 19:20:24	1013.9	1.0	26.7	26.8	91.0	92.0	46.0	331.0	8.9	8.9
2025/07/14 19:20:25	1013.9	1.0	26.7	26.8	91.0	92.0	47.0	332.0	8.9	8.9
2025/07/14 19:20:26	1013.9	1.0	26.7	26.8	91.0	92.0	48.0	333.0	8.7	8.7
2025/07/14 19:20:27	1013.9	1.0	26.7	26.8	91.0	92.0	49.0	334.0	8.5	8.5
2025/07/14 19:20:28	1013.9	1.0	26.7	26.7	91.0	92.0	49.0	334.0	8.3	8.3
2025/07/14 19:20:29	1013.9	1.0	26.7	26.7	91.0	92.0	49.0	334.0	8.0	8.0
2025/07/14 19:20:30	1013.9	1.0	26.7	26.7	91.0	92.0	48.0	333.0	7.8	7.8
2025/07/14 19:20:31	1013.9	1.0	26.7	26.8	91.0	92.0	48.0	332.0	8.0	8.0
2025/07/14 19:20:32	1013.9	1.0	26.7	26.8	91.0	92.0	50.0	335.0	8.3	8.3
2025/07/14 19:20:33	1013.9	1.0	26.7	26.8	91.0	92.0	51.0	337.0	8.3	8.6
2025/07/14 19:20:34	1013.9	1.0	26.7	26.8	91.0	92.0	49.0	335.0	8.4	8.7
2025/07/14 19:20:35	1013.9	1.0	26.7	26.8	91.0	92.0	52.0	337.0	8.7	8.7
2025/07/14 19:20:36	1013.9	1.0	26.7	26.8	91.0	92.0	52.0	337.0	8.3	8.3
2025/07/14 19:20:37	1013.9	1.0	26.7	26.8	91.0	92.0	51.0	337.0	7.9	8.3
2025/07/14 19:20:38	1013.9	1.0	26.7	26.8	91.0	92.0	51.0	336.0	8.0	8.3
2025/07/14 19:20:39	1013.9	1.0	26.7	26.8	91.0	92.0	52.0	337.0	8.5	8.5
2025/07/14 19:20:40	1013.9	1.0	26.7	26.8	91.0	92.0	48.0	333.0	8.4	8.6
2025/07/14 19:20:41	1013.9	1.0	26.7	26.8	91.0	92.0	47.0	333.0	8.5	8.9
2025/07/14 19:20:42	1014.0	1.0	26.7	26.8	91.0	92.0	50.0	336.0	8.6	9.0
2025/07/14 19:20:43	1014.0	1.0	26.7	26.8	91.0	92.0	52.0	337.0	8.3	8.3
2025/07/14 19:20:44	1014.0	1.0	26.7	26.8	91.0	92.0	54.0	339.0	7.4	7.6
2025/07/14 19:20:45	1014.0	1.0	26.7	26.8	91.0	92.0	53.0	338.0	7.0	7.3
2025/07/14 19:20:46	1014.0	1.0	26.7	26.8	91.0	92.0	56.0	340.0	7.7	7.7
2025/07/14 19:20:47	1014.0	1.0	26.7	26.8	91.0	92.0	52.0	337.0	8.2	8.2
2025/07/14 19:20:48	1014.0	1.0	26.7	26.7	91.0	92.0	47.0	331.0	8.3	8.3
2025/07/14 19:20:49	1014.0	1.0	26.7	26.7	91.0	92.0	44.0	330.0	8.1	8.3
2025/07/14 19:20:50	1014.0	1.0	26.7	26.7	91.0	92.0	42.0	327.0	8.2	8.2
2025/07/14 19:20:51	1013.9	1.0	26.7	26.7	91.0	92.0	42.0	327.0	8.1	8.1
2025/07/14 19:20:52	1013.9	1.0	26.7	26.7	91.0	92.0	48.0	332.0	8.1	8.1
2025/07/14 19:20:53	1013.9	1.0	26.7	26.7	91.0	92.0	50.0	334.0	7.7	7.7
2025/07/14 19:20:54	1013.9	1.0	26.7	26.7	91.0	92.0	49.0	333.0	7.3	7.3
2025/07/14 19:20:55	1013.9	1.0	26.7	26.7	91.0	92.0	49.0	333.0	7.4	7.4
2025/07/14 19:20:56	1013.9	1.0	26.7	26.7	91.0	92.0	51.0	336.0	7.8	7.8
2025/07/14 19:20:57	1013.9	1.0	26.7	26.7	91.0	92.0	54.0	338.0	8.4	8.4
2025/07/14 19:20:58	1013.9	1.0	26.7	26.7	91.0	92.0	53.0	337.0	8.1	8.1
2025/07/14 19:20:59	1013.9	1.0	26.7	26.8	91.0	92.0	53.0	338.0	7.8	7.8
2025/07/14 19:21:00	1013.9	1.0	26.7	26.8	91.0	92.0	54.0	338.0	7.5	7.5
2025/07/14 19:21:01	1013.9	1.0	26.7	26.8	91.0	92.0	53.0	337.0	7.8	7.8
2025/07/14 19:21:02	1013.9	1.0	26.7	26.7	91.0	92.0	51.0	336.0	8.2	8.2
2025/07/14 19:21:03	1013.9	1.0	26.7	26.7	91.0	92.0	51.0	335.0	8.4	8.4
2025/07/14 19:21:04	1013.9	1.0	26.7	26.7	91.0	92.0	50.0	335.0	8.3	8.3
2025/07/14 19:21:05	1013.9	1.0	26.7	26.7	91.0	92.0	49.0	334.0	8.1	8.1
2025/07/14 19:21:06	1013.9	1.0	26.7	26.7	91.0	92.0	48.0	333.0	7.8	7.8
2025/07/14 19:21:07	1013.9	1.0	26.7	26.7	91.0	92.0	49.0	333.0	7.7	7.7
2025/07/14 19:21:08	1013.9	1.0	26.7	26.7	91.0	92.0	49.0	333.0	7.9	7.9
2025/07/14 19:21:09	1014.0	1.0	26.7	26.7	91.0	92.0	48.0	332.0	8.1	8.1
2025/07/14 19:21:10	1014.0	1.0	26.7	26.7	91.0	92.0	47.0	331.0	8.3	8.3
2025/07/14 19:21:11	1014.0	1.0	26.7	26.7	91.0	92.0	45.0	331.0	8.0	8.2
2025/07/14 19:21:12	1014.0	1.0	26.7	26.7	91.0	92.0	48.0	333.0	7.8	7.8
2025/07/14 19:21:13	1014.0	1.0	26.7	26.7	91.0	92.0	45.0	330.0	7.9	7.9
2025/07/14 19:21:14	1014.0	1.0	26.7	26.7	91.0	92.0	46.0	330.0	7.9	7.9
2025/07/14 19:21:15	1014.0	1.0	26.7	26.7	91.0	92.0	46.0	331.0	8.4	8.4
2025/07/14 19:21:16	1014.0	1.0	26.7	26.7	91.0	92.0	48.0	332.0	8.3	8.3
2025/07/14 19:21:17	1014.0	1.0	26.7	26.7	91.0	92.0	44.0	328.0	8.3	8.3
2025/07/14 19:21:18	1014.0	1.0	26.7	26.7	91.0	92.0	44.0	328.0	7.7	7.7
2025/07/14 19:21:19	1014.0	1.0	26.7	26.7	91.0	92.0	46.0	330.0	7.4	7.4
2025/07/14 19:21:20	1014.0	1.0	26.7	26.7	91.0	92.0	46.0	330.0	7.4	7.4
2025/07/14 19:21:21	1014.0	1.0	26.7	26.7	91.0	92.0	49.0	333.0	7.7	7.7
2025/07/14 19:21:22	1014.0	1.0	26.7	26.7	91.0	92.0	52.0	336.0	7.5	7.5
2025/07/14 19:21:23	1014.0	1.0	26.7	26.7	91.0	92.0	52.0	336.0	7.2	7.2
2025/07/14 19:21:24	1014.0	1.0	26.7	26.7	91.0	92.0	48.0	333.0	6.9	6.9
2025/07/14 19:21:25	1014.0	1.0	26.7	26.7	91.0	92.0	48.0	332.0	7.1	7.1
2025/07/14 19:21:26	1014.0	1.0	26.7	26.8	91.0	92.0	50.0	334.0	7.4	7.4
2025/07/14 19:21:27	1014.0	1.0	26.7	26.8	91.0	92.0	50.0	334.0	7.9	7.9
2025/07/14 19:21:28	1014.0	1.0	26.7	26.8	91.0	92.0	50.0	334.0	7.6	7.6
2025/07/14 19:21:29	1014.0	1.0	26.7	26.8	91.0	92.0	50.0	334.0	7.5	7.5
2025/07/14 19:21:30	1014.0	1.0	26.7	26.8	91.0	92.0	49.0	333.0	7.1	7.1
2025/07/14 19:21:31	1014.0	1.0	26.7	26.8	91.0	92.0	47.0	331.0	7.4	7.4
2025/07/14 19:21:32	1014.0	1.0	26.8	26.8	91.0	92.0	48.0	332.0	7.8	7.8
2025/07/14 19:21:33	1014.0	1.0	26.8	26.8	91.0	92.0	46.0	329.0	8.0	8.0
2025/07/14 19:21:34	1014.0	1.0	26.8	26.8	91.0	92.0	44.0	328.0	8.4	8.4
2025/07/14 19:21:35	1014.0	1.0	26.8	26.8	91.0	92.0	45.0	329.0	8.5	8.5
2025/07/14 19:21:36	1014.0	1.0	26.8	26.8	91.0	92.0	47.0	330.0	8.5	8.5
2025/07/14 19:21:37	1014.0	1.0	26.8	26.8	91.0	92.0	47.0	330.0	8.2	8.2
2025/07/14 19:21:38	1014.0	1.0	26.8	26.8	91.0	92.0	47.0	331.0	8.0	8.0
2025/07/14 19:21:39	1014.0	1.0	26.8	26.8	91.0	92.0	49.0	332.0	8.0	8.0
2025/07/14 19:21:40	1014.0	1.0	26.8	26.8	91.0	92.0	49.0	332.0	7.6	7.6
2025/07/14 19:21:41	1014.0	1.0	26.8	26.8	91.0	92.0	50.0	333.0	7.4	7.4
2025/07/14 19:21:42	1014.0	1.0	26.8	26.8	91.0	92.0	54.0	337.0	8.0	8.0
2025/07/14 19:21:43	1014.0	1.0	26.8	26.8	91.0	92.0	54.0	337.0	8.5	8.5
2025/07/14 19:21:44	1014.0	1.0	26.8	26.9	91.0	92.0	51.0	334.0	8.5	8.5
2025/07/14 19:21:45	1014.0	1.0	26.8	26.9	91.0	92.0	47.0	330.0	8.2	8.2
2025/07/14 19:21:46	1014.0	1.0	26.8	26.9	91.0	92.0	45.0	329.0	7.6	7.8
2025/07/14 19:21:47	1014.0	1.0	26.8	26.9	91.0	92.0	47.0	331.0	7.8	8.0
2025/07/14 19:21:48	1014.0	1.0	26.8	26.9	91.0	92.0	50.0	333.0	8.0	8.0
2025/07/14 19:21:49	1014.0	1.0	26.8	26.9	91.0	92.0	54.0	336.0	8.3	8.3
2025/07/14 19:21:50	1014.0	1.0	26.8	26.9	91.0	92.0	51.0	335.0	7.9	8.1
2025/07/14 19:21:51	1014.0	1.0	26.8	26.9	91.0	92.0	47.0	330.0	7.7	8.0
2025/07/14 19:21:52	1014.0	1.0	26.8	26.9	91.0	92.0	44.0	326.0	8.0	8.0
2025/07/14 19:21:53	1014.0	1.0	26.8	26.9	91.0	92.0	40.0	324.0	8.1	8.3
2025/07/14 19:21:54	1014.0	1.0	26.8	26.9	91.0	92.0	38.0	322.0	7.7	8.1
2025/07/14 19:21:55	1014.0	1.0	26.8	26.9	91.0	92.0	41.0	325.0	7.8	8.0
2025/07/14 19:21:56	1014.0	1.0	26.8	26.9	91.0	92.0	48.0	330.0	8.0	8.0
2025/07/14 19:21:57	1014.0	1.0	26.8	26.9	91.0	92.0	50.0	333.0	7.5	7.8
2025/07/14 19:21:58	1014.0	1.0	26.8	26.9	91.0	92.0	50.0	333.0	7.4	7.6
2025/07/14 19:21:59	1014.0	1.0	26.8	26.9	91.0	92.0	47.0	330.0	7.6	7.6
2025/07/14 19:22:00	1014.0	1.0	26.8	26.9	91.0	92.0	44.0	327.0	7.1	7.3
2025/07/14 19:22:01	1014.0	1.0	26.8	26.9	91.0	92.0	43.0	327.0	7.2	7.4
2025/07/14 19:22:02	1014.0	1.0	26.8	26.9	91.0	92.0	42.0	326.0	7.2	7.4
2025/07/14 19:22:03	1014.0	1.0	26.8	26.9	91.0	92.0	47.0	329.0	7.6	7.6
2025/07/14 19:22:04	1014.0	1.0	26.8	26.9	91.0	92.0	52.0	334.0	8.1	8.1
2025/07/14 19:22:05	1014.0	1.0	26.8	26.9	91.0	92.0	50.0	332.0	8.3	8.3
2025/07/14 19:22:06	1014.0	1.0	26.8	26.9	91.0	92.0	46.0	328.0	7.9	7.9
2025/07/14 19:22:07	1014.0	1.0	26.8	26.9	91.0	92.0	42.0	324.0	8.4	8.4
2025/07/14 19:22:08	1014.0	1.0	26.8	26.9	91.0	92.0	43.0	325.0	8.6	8.6
2025/07/14 19:22:09	1014.0	1.0	26.8	26.9	91.0	92.0	45.0	327.0	8.7	8.7
2025/07/14 19:22:10	1014.0	1.0	26.8	26.9	91.0	92.0	45.0	327.0	8.4	8.4
2025/07/14 19:22:11	1014.0	1.0	26.8	26.9	91.0	92.0	47.0	329.0	8.2	8.2
2025/07/14 19:22:12	1014.0	1.0	26.8	26.9	91.0	92.0	48.0	330.0	7.6	7.6
2025/07/14 19:22:13	1014.0	1.0	26.8	26.9	91.0	92.0	45.0	327.0	7.5	7.5
2025/07/14 19:22:14	1014.0	1.0	26.8	26.9	91.0	92.0	44.0	326.0	7.8	7.8
2025/07/14 19:22:15	1014.0	1.0	26.8	26.9	91.0	92.0	44.0	326.0	8.2	8.2
2025/07/14 19:22:16	1014.0	1.0	26.8	26.9	91.0	92.0	44.0	327.0	8.3	8.3
2025/07/14 19:22:17	1014.0	1.0	26.8	26.9	91.0	92.0	44.0	327.0	8.3	8.3
2025/07/14 19:22:18	1014.0	1.0	26.8	26.9	91.0	92.0	44.0	326.0	8.1	8.1
2025/07/14 19:22:19	1014.0	1.0	26.8	26.9	91.0	92.0	45.0	327.0	8.3	8.3
2025/07/14 19:22:20	1014.0	1.0	26.8	26.9	91.0	92.0	43.0	327.0	8.4	8.6
2025/07/14 19:22:21	1014.0	1.0	26.8	26.8	91.0	92.0	46.0	328.0	8.8	8.8
2025/07/14 19:22:22	1014.0	1.0	26.8	26.8	91.0	92.0	48.0	331.0	9.0	9.0
2025/07/14 19:22:23	1014.0	1.0	26.8	26.8	91.0	92.0	49.0	331.0	9.0	9.0
2025/07/14 19:22:24	1014.0	1.0	26.8	26.8	91.0	92.0	49.0	331.0	8.8	8.8
2025/07/14 19:22:25	1014.0	1.0	26.7	26.8	91.0	92.0	48.0	330.0	8.9	8.9
2025/07/14 19:22:26	1014.0	1.0	26.7	26.8	91.0	92.0	48.0	331.0	8.8	8.8
2025/07/14 19:22:27	1014.0	1.0	26.7	26.8	91.0	92.0	49.0	331.0	8.6	8.6
2025/07/14 19:22:28	1014.0	1.0	26.7	26.8	91.0	92.0	47.0	329.0	8.8	8.8
2025/07/14 19:22:29	1014.0	1.0	26.7	26.8	91.0	92.0	47.0	330.0	9.1	9.1
2025/07/14 19:22:30	1014.0	1.0	26.7	26.8	91.0	92.0	43.0	326.0	9.3	9.5
2025/07/14 19:22:31	1014.0	1.0	26.7	26.8	91.0	92.0	43.0	326.0	8.9	8.9
2025/07/14 19:22:32	1014.0	1.0	26.7	26.8	91.0	92.0	45.0	327.0	8.5	8.5
2025/07/14 19:22:33	1014.0	1.0	26.7	26.8	91.0	92.0	47.0	329.0	8.6	8.6
2025/07/14 19:22:34	1014.0	1.0	26.7	26.8	91.0	92.0	46.0	328.0	8.8	8.8
2025/07/14 19:22:35	1014.0	1.0	26.7	26.8	91.0	92.0	51.0	333.0	8.8	8.8
2025/07/14 19:22:36	1014.0	1.0	26.7	26.8	91.0	92.0	50.0	332.0	8.8	8.8
2025/07/14 19:22:37	1014.0	1.0	26.7	26.8	91.0	92.0	47.0	329.0	8.8	8.8
2025/07/14 19:22:38	1014.0	1.0	26.7	26.8	91.0	92.0	44.0	326.0	8.7	8.7
2025/07/14 19:22:39	1014.0	1.0	26.7	26.8	91.0	92.0	43.0	326.0	8.7	8.7
2025/07/14 19:22:40	1014.0	1.0	26.7	26.8	91.0	92.0	45.0	327.0	8.6	8.6
2025/07/14 19:22:41	1014.0	1.0	26.7	26.8	91.0	92.0	47.0	329.0	8.7	8.7
2025/07/14 19:22:42	1014.0	1.0	26.7	26.8	91.0	92.0	47.0	329.0	8.9	8.9
2025/07/14 19:22:43	1014.0	1.0	26.7	26.8	91.0	92.0	46.0	329.0	8.3	8.5
2025/07/14 19:22:44	1014.0	1.0	26.7	26.8	91.0	92.0	46.0	328.0	8.3	8.3
2025/07/14 19:22:45	1014.0	1.0	26.7	26.8	91.0	92.0	41.0	324.0	8.5	8.7
2025/07/14 19:22:46	1014.0	1.0	26.7	26.8	91.0	92.0	38.0	321.0	8.9	9.1
2025/07/14 19:22:47	1014.0	1.0	26.7	26.8	91.0	92.0	41.0	324.0	9.1	9.1
2025/07/14 19:22:48	1014.0	1.0	26.7	26.8	91.0	92.0	40.0	323.0	8.9	8.9
2025/07/14 19:22:49	1014.0	1.0	26.7	26.8	91.0	91.0	38.0	321.0	8.7	8.7
2025/07/14 19:22:50	1014.0	1.0	26.7	26.8	91.0	91.0	39.0	321.0	8.5	8.5
2025/07/14 19:22:51	1014.0	1.0	26.7	26.8	91.0	91.0	45.0	327.0	8.9	8.9
2025/07/14 19:22:52	1014.0	1.0	26.7	26.8	91.0	91.0	50.0	332.0	8.9	8.9
2025/07/14 19:22:53	1014.0	1.0	26.7	26.8	91.0	91.0	49.0	331.0	8.7	8.7
2025/07/14 19:22:54	1014.0	1.0	26.7	26.8	91.0	91.0	44.0	328.0	7.9	8.1
2025/07/14 19:22:55	1014.0	1.0	26.7	26.8	91.0	91.0	42.0	324.0	8.4	8.4
2025/07/14 19:22:56	1014.0	1.0	26.7	26.8	91.0	91.0	43.0	325.0	8.7	8.7
2025/07/14 19:22:57	1014.0	1.0	26.7	26.8	91.0	91.0	43.0	325.0	8.9	8.9
2025/07/14 19:22:58	1014.0	1.0	26.7	26.8	91.0	91.0	41.0	323.0	9.1	9.1
2025/07/14 19:22:59	1014.0	1.0	26.7	26.8	91.0	91.0	42.0	324.0	8.7	8.7
2025/07/14 19:23:00	1014.0	1.0	26.7	26.8	91.0	91.0	42.0	324.0	8.6	8.6
2025/07/14 19:23:01	1014.0	1.0	26.7	26.8	91.0	91.0	44.0	325.0	8.1	8.1
2025/07/14 19:23:02	1014.0	1.0	26.7	26.8	91.0	91.0	46.0	327.0	8.2	8.2
2025/07/14 19:23:03	1014.0	1.0	26.7	26.8	91.0	91.0	48.0	330.0	8.4	8.4
2025/07/14 19:23:04	1014.0	1.0	26.7	26.8	91.0	91.0	49.0	332.0	8.2	8.4
2025/07/14 19:23:05	1014.0	1.0	26.7	26.8	91.0	91.0	46.0	329.0	8.0	8.2
2025/07/14 19:23:06	1014.0	1.0	26.7	26.8	91.0	91.0	43.0	326.0	7.8	7.8
2025/07/14 19:23:07	1014.0	1.0	26.7	26.8	91.0	91.0	47.0	329.0	7.6	7.6
2025/07/14 19:23:08	1014.0	1.0	26.7	26.8	91.0	91.0	47.0	330.0	8.1	8.3
2025/07/14 19:23:09	1014.0	1.0	26.7	26.8	91.0	91.0	46.0	328.0	8.9	8.9
2025/07/14 19:23:10	1014.0	1.0	26.7	26.8	91.0	91.0	44.0	326.0	8.9	8.9
2025/07/14 19:23:11	1014.0	1.0	26.7	26.8	91.0	91.0	43.0	325.0	8.6	8.6
2025/07/14 19:23:12	1014.0	1.0	26.7	26.8	91.0	91.0	42.0	325.0	8.2	8.5
2025/07/14 19:23:13	1014.0	1.0	26.7	26.8	91.0	91.0	44.0	327.0	8.2	8.5
2025/07/14 19:23:14	1014.0	1.0	26.7	26.8	91.0	91.0	46.0	328.0	9.0	9.0
2025/07/14 19:23:15	1014.0	1.0	26.7	26.8	91.0	91.0	45.0	327.0	8.9	8.9
2025/07/14 19:23:16	1014.0	1.0	26.7	26.9	91.0	91.0	42.0	324.0	8.5	8.5
2025/07/14 19:23:17	1014.0	1.0	26.7	26.9	91.0	91.0	45.0	326.0	8.4	8.4
2025/07/14 19:23:18	1014.0	1.0	26.7	26.8	91.0	91.0	44.0	326.0	8.2	8.2
2025/07/14 19:23:19	1014.0	1.0	26.7	26.8	91.0	91.0	46.0	327.0	8.3	8.3
2025/07/14 19:23:20	1014.0	1.0	26.7	26.8	91.0	91.0	45.0	327.0	8.5	8.5
2025/07/14 19:23:21	1014.0	1.0	26.7	26.8	91.0	91.0	47.0	329.0	8.2	8.2
2025/07/14 19:23:22	1014.0	1.0	26.7	26.8	91.0	91.0	45.0	327.0	7.8	7.8
2025/07/14 19:23:23	1014.0	1.0	26.7	26.8	91.0	91.0	44.0	326.0	7.5	7.5
2025/07/14 19:23:24	1014.0	1.0	26.7	26.8	91.0	91.0	45.0	328.0	7.4	7.6
2025/07/14 19:23:25	1014.0	1.0	26.7	26.8	91.0	91.0	46.0	328.0	8.2	8.2
2025/07/14 19:23:26	1014.0	1.0	26.7	26.8	91.0	91.0	45.0	328.0	8.6	8.6
2025/07/14 19:23:27	1014.0	1.0	26.7	26.8	91.0	91.0	43.0	325.0	8.5	8.5
2025/07/14 19:23:28	1014.0	1.0	26.7	26.8	91.0	91.0	41.0	323.0	8.0	8.0
2025/07/14 19:23:29	1014.0	1.0	26.7	26.8	91.0	91.0	43.0	325.0	7.6	7.6
2025/07/14 19:23:30	1014.0	1.0	26.7	26.8	91.0	91.0	48.0	331.0	7.6	7.6
2025/07/14 19:23:31	1014.0	1.0	26.7	26.8	91.0	91.0	50.0	333.0	7.8	8.0
2025/07/14 19:23:32	1014.0	1.0	26.7	26.8	91.0	91.0	53.0	335.0	8.0	8.0
2025/07/14 19:23:33	1014.0	1.0	26.7	26.8	91.0	91.0	52.0	334.0	7.9	7.9
2025/07/14 19:23:34	1014.0	1.0	26.7	26.8	91.0	91.0	47.0	330.0	7.8	7.8
2025/07/14 19:23:35	1014.0	1.0	26.7	26.8	91.0	91.0	44.0	327.0	7.7	7.7
2025/07/14 19:23:36	1014.0	1.0	26.7	26.8	91.0	91.0	44.0	327.0	7.7	7.7
2025/07/14 19:23:37	1014.0	1.0	26.7	26.8	91.0	91.0	43.0	326.0	8.2	8.2
2025/07/14 19:23:38	1014.0	1.0	26.7	26.8	91.0	91.0	44.0	327.0	8.7	8.7
2025/07/14 19:23:39	1014.0	1.0	26.7	26.8	91.0	91.0	48.0	331.0	9.0	9.0
2025/07/14 19:23:40	1014.0	1.0	26.7	26.8	91.0	91.0	50.0	333.0	8.8	8.8
2025/07/14 19:23:41	1014.0	1.0	26.7	26.8	91.0	91.0	48.0	331.0	8.3	8.3
2025/07/14 19:23:42	1014.0	1.0	26.7	26.8	91.0	91.0	48.0	331.0	7.9	7.9
2025/07/14 19:23:43	1014.0	1.0	26.7	26.8	91.0	91.0	48.0	331.0	7.8	7.8
2025/07/14 19:23:44	1014.0	1.0	26.7	26.8	91.0	91.0	48.0	332.0	8.4	8.4
2025/07/14 19:23:45	1014.0	1.0	26.7	26.8	91.0	91.0	50.0	333.0	8.9	8.9
2025/07/14 19:23:46	1014.0	1.0	26.7	26.8	91.0	91.0	46.0	330.0	8.6	8.6
2025/07/14 19:23:47	1014.0	1.0	26.7	26.8	91.0	91.0	46.0	330.0	8.2	8.2
2025/07/14 19:23:48	1014.0	1.0	26.7	26.8	91.0	91.0	48.0	331.0	8.2	8.2
2025/07/14 19:23:49	1014.0	1.0	26.7	26.8	91.0	91.0	53.0	336.0	8.1	8.1
2025/07/14 19:23:50	1014.0	1.0	26.7	26.8	91.0	91.0	53.0	336.0	8.3	8.3
2025/07/14 19:23:51	1014.0	1.0	26.7	26.8	91.0	91.0	52.0	336.0	8.7	8.7
2025/07/14 19:23:52	1014.0	1.0	26.7	26.8	91.0	90.0	47.0	331.0	9.1	9.1
2025/07/14 19:23:53	1014.0	1.0	26.7	26.8	91.0	90.0	43.0	327.0	8.8	8.8
2025/07/14 19:23:54	1014.0	1.0	26.7	26.8	91.0	90.0	42.0	326.0	8.6	8.6
2025/07/14 19:23:55	1014.0	1.0	26.7	26.8	91.0	90.0	43.0	328.0	8.4	8.6
2025/07/14 19:23:56	1014.0	1.0	26.7	26.8	91.0	90.0	44.0	328.0	8.8	8.8
2025/07/14 19:23:57	1014.0	1.0	26.7	26.8	91.0	91.0	42.0	327.0	8.8	9.0
2025/07/14 19:23:58	1014.0	1.0	26.7	26.8	91.0	91.0	40.0	326.0	8.3	8.6
2025/07/14 19:23:59	1014.0	1.0	26.7	26.8	91.0	91.0	44.0	329.0	8.2	8.2
2025/07/14 19:24:00	1014.0	1.0	26.7	26.9	91.0	91.0	46.0	330.0	7.5	7.5
2025/07/14 19:24:01	1014.0	1.0	26.8	26.9	91.0	91.0	45.0	331.0	7.3	7.6
2025/07/14 19:24:02	1014.0	1.0	26.8	26.9	91.0	91.0	47.0	333.0	7.4	7.7
2025/07/14 19:24:03	1014.0	1.0	26.8	26.9	91.0	91.0	48.0	333.0	7.6	7.8
2025/07/14 19:24:04	1014.0	1.0	26.8	26.9	91.0	91.0	42.0	327.0	8.5	8.5
2025/07/14 19:24:05	1014.0	1.0	26.8	26.9	91.0	91.0	37.0	324.0	8.5	8.9
2025/07/14 19:24:06	1014.0	1.0	26.8	26.9	91.0	91.0	36.0	324.0	8.4	8.9
2025/07/14 19:24:07	1014.0	1.0	26.8	26.9	91.0	91.0	42.0	328.0	8.5	8.5
2025/07/14 19:24:08	1014.0	1.0	26.8	26.9	91.0	91.0	46.0	332.0	7.9	8.2
2025/07/14 19:24:09	1014.0	1.0	26.8	26.9	91.0	91.0	48.0	335.0	7.6	8.1
2025/07/14 19:24:10	1014.0	1.0	26.8	26.9	91.0	91.0	47.0	334.0	7.3	7.8
2025/07/14 19:24:11	1014.0	1.0	26.8	26.9	91.0	91.0	45.0	332.0	7.2	7.5
2025/07/14 19:24:12	1014.0	1.0	26.8	26.9	91.0	91.0	43.0	329.0	7.4	7.4
2025/07/14 19:24:13	1014.0	1.0	26.8	26.9	91.0	91.0	41.0	326.0	7.6	7.6
2025/07/14 19:24:14	1014.0	1.0	26.8	26.9	91.0	91.0	39.0	326.0	7.9	8.2
2025/07/14 19:24:15	1014.0	1.0	26.8	26.9	91.0	91.0	44.0	331.0	7.6	7.8
2025/07/14 19:24:16	1014.0	1.0	26.8	26.9	91.0	91.0	50.0	335.0	7.4	7.4
2025/07/14 19:24:17	1014.0	1.0	26.8	26.9	91.0	91.0	51.0	337.0	7.0	7.0
2025/07/14 19:24:18	1013.9	1.0	26.8	26.9	91.0	91.0	49.0	336.0	7.1	7.1
2025/07/14 19:24:19	1013.9	1.0	26.8	26.9	91.0	91.0	43.0	330.0	6.8	6.8
2025/07/14 19:24:20	1013.9	1.0	26.8	26.9	91.0	91.0	42.0	328.0	7.1	7.1
2025/07/14 19:24:21	1013.9	1.0	26.8	26.9	91.0	91.0	43.0	329.0	7.4	7.4
2025/07/14 19:24:22	1013.9	1.0	26.8	26.9	91.0	91.0	44.0	330.0	7.5	7.5
2025/07/14 19:24:23	1013.9	1.0	26.8	26.9	91.0	91.0	45.0	331.0	7.3	7.3
2025/07/14 19:24:24	1013.9	1.0	26.8	26.9	91.0	91.0	51.0	337.0	7.1	7.1
2025/07/14 19:24:25	1013.9	1.0	26.8	26.9	91.0	91.0	53.0	339.0	7.5	7.5
2025/07/14 19:24:26	1013.9	1.0	26.8	26.9	91.0	91.0	53.0	341.0	7.7	7.7
2025/07/14 19:24:27	1014.0	1.0	26.8	26.9	91.0	91.0	53.0	341.0	7.9	7.9
2025/07/14 19:24:28	1014.0	1.0	26.8	26.9	91.0	91.0	52.0	339.0	7.7	7.7
2025/07/14 19:24:29	1014.0	1.0	26.8	26.9	91.0	91.0	49.0	335.0	7.4	7.4
2025/07/14 19:24:30	1014.0	1.0	26.8	26.9	91.0	91.0	43.0	330.0	7.6	7.6
2025/07/14 19:24:31	1014.0	1.0	26.8	26.9	91.0	91.0	44.0	331.0	8.2	8.2
2025/07/14 19:24:32	1014.0	1.0	26.8	26.9	91.0	91.0	46.0	333.0	7.6	7.6
2025/07/14 19:24:33	1014.0	1.0	26.8	26.9	90.0	91.0	49.0	337.0	7.6	7.6
2025/07/14 19:24:34	1014.0	1.0	26.8	26.9	90.0	91.0	47.0	335.0	7.7	7.7
2025/07/14 19:24:35	1014.0	1.0	26.8	26.9	90.0	91.0	46.0	333.0	7.8	7.8
2025/07/14 19:24:36	1014.0	1.0	26.8	26.9	91.0	91.0	47.0	334.0	7.6	7.6
2025/07/14 19:24:37	1014.0	1.0	26.8	26.9	91.0	91.0	51.0	338.0	7.4	7.4
2025/07/14 19:24:38	1014.0	1.0	26.8	26.9	91.0	91.0	53.0	340.0	7.7	7.7
2025/07/14 19:24:39	1014.0	1.0	26.8	26.9	91.0	91.0	52.0	339.0	7.8	7.8
2025/07/14 19:24:40	1014.0	1.0	26.8	26.9	91.0	91.0	47.0	334.0	7.9	7.9
2025/07/14 19:24:41	1014.0	1.0	26.8	26.9	91.0	91.0	43.0	330.0	7.7	7.7
2025/07/14 19:24:42	1014.0	1.0	26.8	26.9	91.0	91.0	46.0	333.0	8.0	8.0
2025/07/14 19:24:43	1014.0	1.0	26.8	26.9	91.0	91.0	45.0	332.0	8.2	8.2
2025/07/14 19:24:44	1014.0	1.0	26.8	26.9	91.0	91.0	45.0	333.0	8.7	8.7
2025/07/14 19:24:45	1014.0	1.0	26.8	26.9	91.0	91.0	48.0	335.0	8.5	8.5
2025/07/14 19:24:46	1014.0	1.0	26.8	26.9	91.0	91.0	52.0	339.0	8.5	8.5
2025/07/14 19:24:47	1014.0	1.0	26.8	26.9	91.0	90.0	50.0	337.0	8.2	8.2
2025/07/14 19:24:48	1014.0	1.0	26.8	26.9	91.0	90.0	48.0	335.0	8.1	8.1
2025/07/14 19:24:49	1014.0	1.0	26.8	26.9	91.0	90.0	44.0	332.0	8.2	8.2
2025/07/14 19:24:50	1014.0	1.0	26.8	26.9	91.0	91.0	41.0	330.0	7.9	8.2
2025/07/14 19:24:51	1014.0	1.0	26.8	26.9	91.0	91.0	45.0	332.0	8.1	8.1
2025/07/14 19:24:52	1014.0	1.0	26.8	26.9	91.0	91.0	48.0	335.0	8.3	8.3
2025/07/14 19:24:53	1014.0	1.0	26.8	26.9	91.0	91.0	51.0	338.0	8.4	8.4
2025/07/14 19:24:54	1014.0	1.0	26.8	26.9	90.0	91.0	50.0	337.0	8.4	8.4
2025/07/14 19:24:55	1014.0	1.0	26.8	26.9	90.0	91.0	48.0	335.0	8.0	8.0
2025/07/14 19:24:56	1014.0	1.0	26.8	26.9	91.0	91.0	46.0	334.0	8.0	8.0
2025/07/14 19:24:57	1014.0	1.0	26.8	26.9	91.0	91.0	46.0	333.0	8.1	8.1
2025/07/14 19:24:58	1014.0	1.0	26.8	26.9	91.0	91.0	44.0	332.0	8.1	8.1
2025/07/14 19:24:59	1014.0	1.0	26.8	26.9	91.0	91.0	44.0	331.0	8.0	8.0
2025/07/14 19:25:00	1014.0	1.0	26.8	26.9	91.0	91.0	46.0	333.0	8.1	8.1
2025/07/14 19:25:01	1014.0	1.0	26.8	26.9	91.0	91.0	47.0	334.0	8.3	8.3
2025/07/14 19:25:02	1014.0	1.0	26.8	26.9	91.0	91.0	44.0	333.0	8.1	8.4
2025/07/14 19:25:03	1014.0	1.0	26.8	26.9	91.0	91.0	44.0	333.0	7.9	8.2
2025/07/14 19:25:04	1014.0	1.0	26.8	26.9	91.0	91.0	48.0	336.0	8.4	8.4
2025/07/14 19:25:05	1014.0	1.0	26.8	26.9	91.0	91.0	49.0	337.0	8.1	8.1
2025/07/14 19:25:06	1014.0	1.0	26.8	26.9	91.0	91.0	47.0	336.0	7.8	8.0
2025/07/14 19:25:07	1014.0	1.0	26.8	26.9	90.0	91.0	48.0	337.0	7.7	7.9
2025/07/14 19:25:08	1014.0	1.0	26.8	26.9	90.0	91.0	48.0	337.0	7.6	7.8
2025/07/14 19:25:09	1014.0	1.0	26.8	26.9	90.0	91.0	46.0	333.0	7.8	7.8
2025/07/14 19:25:10	1014.0	1.0	26.8	26.9	90.0	91.0	43.0	331.0	8.8	8.8
2025/07/14 19:25:11	1014.0	1.0	26.8	26.9	90.0	91.0	40.0	328.0	8.9	8.9
2025/07/14 19:25:12	1014.0	1.0	26.8	26.9	90.0	91.0	38.0	328.0	8.5	8.8
2025/07/14 19:25:13	1014.0	1.0	26.8	26.9	90.0	91.0	39.0	327.0	8.2	8.2
2025/07/14 19:25:14	1014.0	1.0	26.8	26.9	90.0	91.0	42.0	330.0	7.4	7.4
2025/07/14 19:25:15	1014.0	1.0	26.8	26.9	90.0	91.0	47.0	334.0	7.2	7.2
2025/07/14 19:25:16	1014.0	1.0	26.8	26.9	90.0	91.0	52.0	339.0	7.5	7.5
2025/07/14 19:25:17	1014.0	1.0	26.8	26.9	90.0	91.0	51.0	339.0	7.9	7.9
2025/07/14 19:25:18	1014.0	1.0	26.8	26.9	90.0	91.0	51.0	339.0	7.6	7.6
2025/07/14 19:25:19	1014.0	1.0	26.8	26.9	90.0	91.0	46.0	334.0	7.0	7.0
2025/07/14 19:25:20	1014.0	1.0	26.8	26.9	90.0	91.0	47.0	335.0	7.1	7.1
2025/07/14 19:25:21	1014.0	1.0	26.8	26.9	90.0	91.0	50.0	338.0	7.6	7.6
2025/07/14 19:25:22	1014.0	1.0	26.8	26.9	90.0	91.0	51.0	338.0	8.0	8.0
2025/07/14 19:25:23	1014.0	1.0	26.8	26.9	90.0	91.0	49.0	337.0	8.0	8.0
2025/07/14 19:25:24	1014.0	1.0	26.8	26.9	90.0	91.0	48.0	336.0	8.2	8.2
2025/07/14 19:25:25	1014.0	1.0	26.8	26.9	90.0	91.0	44.0	332.0	7.8	7.8
2025/07/14 19:25:26	1014.0	1.0	26.9	26.9	91.0	91.0	41.0	328.0	7.2	7.2
2025/07/14 19:25:27	1014.0	1.0	26.9	26.9	91.0	91.0	45.0	332.0	7.2	7.2
2025/07/14 19:25:28	1014.0	1.0	26.9	26.9	90.0	91.0	50.0	337.0	7.6	7.6
2025/07/14 19:25:29	1014.0	1.0	26.9	26.9	90.0	91.0	52.0	339.0	7.9	7.9
2025/07/14 19:25:30	1014.0	1.0	26.9	26.9	90.0	91.0	54.0	342.0	7.9	7.9
2025/07/14 19:25:31	1014.0	1.0	26.9	26.9	90.0	91.0	53.0	341.0	7.7	7.7
2025/07/14 19:25:32	1014.0	1.0	26.9	26.9	90.0	91.0	49.0	337.0	7.8	7.8
2025/07/14 19:25:33	1014.0	1.0	26.9	26.9	90.0	91.0	45.0	333.0	7.7	7.7
2025/07/14 19:25:34	1014.0	1.0	26.9	26.9	90.0	91.0	44.0	331.0	8.0	8.0
2025/07/14 19:25:35	1014.0	1.0	26.9	26.9	90.0	91.0	44.0	332.0	8.2	8.4
2025/07/14 19:25:36	1014.0	1.0	26.9	26.9	91.0	91.0	46.0	333.0	8.5	8.5
2025/07/14 19:25:37	1014.0	1.0	26.9	26.9	91.0	91.0	48.0	336.0	8.5	8.5
2025/07/14 19:25:38	1014.0	1.0	26.9	26.9	91.0	91.0	49.0	336.0	8.3	8.3
2025/07/14 19:25:39	1014.0	1.0	26.9	26.9	91.0	91.0	46.0	334.0	7.6	7.6
2025/07/14 19:25:40	1014.0	1.0	26.9	26.9	91.0	91.0	40.0	329.0	7.5	7.7
2025/07/14 19:25:41	1014.0	1.0	26.9	26.9	90.0	91.0	39.0	326.0	8.1	8.1
2025/07/14 19:25:42	1014.0	1.0	26.9	26.9	90.0	91.0	40.0	327.0	8.5	8.5
2025/07/14 19:25:43	1014.0	1.0	26.9	26.9	90.0	91.0	44.0	331.0	8.4	8.4
2025/07/14 19:25:44	1014.0	1.0	26.9	26.9	90.0	91.0	46.0	332.0	8.1	8.1
2025/07/14 19:25:45	1014.0	1.0	26.9	26.9	90.0	91.0	43.0	330.0	8.0	8.0
2025/07/14 19:25:46	1014.0	1.0	26.9	26.9	90.0	91.0	43.0	331.0	8.0	8.2
2025/07/14 19:25:47	1014.0	1.0	26.9	26.9	90.0	91.0	43.0	331.0	7.5	7.7
2025/07/14 19:25:48	1014.0	1.0	26.9	26.9	90.0	91.0	44.0	330.0	7.1	7.1
2025/07/14 19:25:49	1014.0	1.0	26.9	26.9	90.0	91.0	41.0	329.0	6.4	6.7
2025/07/14 19:25:50	1014.0	1.0	26.9	27.0	90.0	91.0	46.0	333.0	6.5	7.0
2025/07/14 19:25:51	1014.0	1.0	26.9	27.0	90.0	91.0	43.0	330.0	7.1	7.4
2025/07/14 19:25:52	1014.0	1.0	26.9	27.0	90.0	91.0	39.0	325.0	7.6	7.6
2025/07/14 19:25:53	1014.0	1.0	26.9	27.0	90.0	91.0	37.0	323.0	7.5	7.5
2025/07/14 19:25:54	1014.0	1.0	26.9	27.0	90.0	91.0	41.0	327.0	7.6	7.6
2025/07/14 19:25:55	1014.0	1.0	26.9	27.0	90.0	91.0	41.0	327.0	7.0	7.0
2025/07/14 19:25:56	1014.0	1.0	26.9	27.0	90.0	91.0	49.0	335.0	7.4	7.6
2025/07/14 19:25:57	1014.0	1.0	26.9	27.0	90.0	91.0	51.0	337.0	7.7	8.0
2025/07/14 19:25:58	1014.0	1.0	26.9	27.0	90.0	91.0	50.0	335.0	7.9	7.9
2025/07/14 19:25:59	1014.0	1.0	26.9	27.0	90.0	91.0	45.0	330.0	7.9	7.9
2025/07/14 19:26:00	1014.0	1.0	26.9	27.0	90.0	91.0	42.0	327.0	7.7	7.7
2025/07/14 19:26:01	1014.0	1.0	26.9	27.0	90.0	91.0	43.0	328.0	7.8	7.8
2025/07/14 19:26:02	1014.0	1.0	26.9	27.0	90.0	91.0	41.0	326.0	8.2	8.2
2025/07/14 19:26:03	1014.0	1.0	26.9	27.0	90.0	91.0	44.0	328.0	7.6	7.6
2025/07/14 19:26:04	1014.0	1.0	26.9	27.0	90.0	91.0	45.0	331.0	7.1	7.3
2025/07/14 19:26:05	1014.0	1.0	26.9	27.0	90.0	91.0	47.0	333.0	7.1	7.3
2025/07/14 19:26:06	1014.0	1.0	26.9	27.0	90.0	91.0	43.0	328.0	6.9	7.2
2025/07/14 19:26:07	1014.0	1.0	27.0	27.0	91.0	91.0	41.0	326.0	7.3	7.3
2025/07/14 19:26:08	1014.0	1.0	27.0	27.0	91.0	91.0	41.0	325.0	7.5	7.5
2025/07/14 19:26:09	1014.0	1.0	27.0	27.0	91.0	91.0	39.0	324.0	7.4	7.4
2025/07/14 19:26:10	1014.0	1.0	26.9	27.0	90.0	91.0	42.0	327.0	7.2	7.2
2025/07/14 19:26:11	1014.0	1.0	26.9	27.0	90.0	91.0	48.0	332.0	7.4	7.4
2025/07/14 19:26:12	1014.0	1.0	26.9	27.0	90.0	91.0	51.0	335.0	7.1	7.1
2025/07/14 19:26:13	1014.0	1.0	26.9	27.0	91.0	91.0	51.0	335.0	6.9	6.9
2025/07/14 19:26:14	1014.0	1.0	26.9	27.0	91.0	91.0	50.0	334.0	6.9	6.9
2025/07/14 19:26:15	1014.0	1.0	27.0	27.0	90.0	91.0	48.0	332.0	6.8	6.8
2025/07/14 19:26:16	1014.0	1.0	27.0	27.0	90.0	91.0	44.0	328.0	6.9	6.9
2025/07/14 19:26:17	1014.0	1.0	27.0	27.0	90.0	91.0	41.0	325.0	7.3	7.3
2025/07/14 19:26:18	1014.0	1.0	27.0	27.0	90.0	91.0	40.0	325.0	7.6	7.6
2025/07/14 19:26:19	1014.0	1.0	27.0	27.0	90.0	91.0	42.0	327.0	7.8	7.8
2025/07/14 19:26:20	1014.0	1.0	27.0	27.0	90.0	91.0	42.0	327.0	7.6	7.6
2025/07/14 19:26:21	1014.0	1.0	27.0	27.0	90.0	91.0	44.0	328.0	7.1	7.1
2025/07/14 19:26:22	1014.0	1.0	27.0	27.0	90.0	91.0	46.0	330.0	7.0	7.0
2025/07/14 19:26:23	1014.0	1.0	27.0	27.0	91.0	91.0	46.0	332.0	6.7	6.9
2025/07/14 19:26:24	1014.0	1.0	27.0	27.0	91.0	91.0	48.0	332.0	6.9	6.9
2025/07/14 19:26:25	1014.0	1.0	27.0	27.0	91.0	91.0	47.0	332.0	7.4	7.4
2025/07/14 19:26:26	1014.0	1.0	27.0	27.0	91.0	91.0	46.0	331.0	7.6	7.6
2025/07/14 19:26:27	1014.0	1.0	27.0	27.0	91.0	91.0	44.0	329.0	7.6	7.6
2025/07/14 19:26:28	1014.0	1.0	27.0	27.0	91.0	91.0	46.0	331.0	7.4	7.4
2025/07/14 19:26:29	1014.0	1.0	27.0	27.0	91.0	91.0	51.0	336.0	7.6	7.6
2025/07/14 19:26:30	1014.0	1.0	27.0	27.0	91.0	91.0	53.0	338.0	7.5	7.5
2025/07/14 19:26:31	1014.0	1.0	27.0	27.0	91.0	91.0	53.0	338.0	7.5	7.5
2025/07/14 19:26:32	1014.0	1.0	27.0	27.0	91.0	91.0	49.0	334.0	7.6	7.6
2025/07/14 19:26:33	1014.1	1.0	27.0	27.0	91.0	91.0	46.0	331.0	7.9	7.9
2025/07/14 19:26:34	1014.1	1.0	27.0	27.0	91.0	91.0	46.0	331.0	8.0	8.0
2025/07/14 19:26:35	1014.1	1.0	27.0	27.0	91.0	91.0	47.0	332.0	8.5	8.5
2025/07/14 19:26:36	1014.1	1.0	27.0	27.0	91.0	91.0	47.0	332.0	8.8	8.8
2025/07/14 19:26:37	1014.1	1.0	27.0	27.0	91.0	91.0	45.0	330.0	8.0	8.0
2025/07/14 19:26:38	1014.1	1.0	27.0	27.0	91.0	91.0	46.0	331.0	8.0	8.0
2025/07/14 19:26:39	1014.1	1.0	27.0	27.0	91.0	91.0	48.0	334.0	8.1	8.1
2025/07/14 19:26:40	1014.1	1.0	27.0	27.0	91.0	91.0	45.0	330.0	8.4	8.4
2025/07/14 19:26:41	1014.1	1.0	27.0	27.0	91.0	91.0	41.0	326.0	8.8	8.8
2025/07/14 19:26:42	1014.1	1.0	26.9	27.0	91.0	91.0	39.0	325.0	9.0	9.0
2025/07/14 19:26:43	1014.1	1.0	26.9	27.0	91.0	91.0	34.0	320.0	8.3	8.3
2025/07/14 19:26:44	1014.1	1.0	26.9	27.0	91.0	91.0	35.0	320.0	8.3	8.3
2025/07/14 19:26:45	1014.1	1.0	26.9	27.0	91.0	91.0	37.0	323.0	8.2	8.2
2025/07/14 19:26:46	1014.1	1.0	26.9	27.0	91.0	91.0	38.0	324.0	8.5	8.5
2025/07/14 19:26:47	1014.1	1.0	26.9	27.0	91.0	91.0	41.0	327.0	8.3	8.3
2025/07/14 19:26:48	1014.1	1.0	26.9	27.0	91.0	91.0	39.0	325.0	7.8	7.8
2025/07/14 19:26:49	1014.1	1.0	26.9	27.0	90.0	91.0	45.0	332.0	6.9	6.9
2025/07/14 19:26:50	1014.1	1.0	26.9	27.0	90.0	90.0	46.0	332.0	7.4	7.4
2025/07/14 19:26:51	1014.1	1.0	26.9	27.0	90.0	90.0	47.0	333.0	8.0	8.0
2025/07/14 19:26:52	1014.1	1.0	26.9	27.0	91.0	90.0	48.0	334.0	7.9	7.9
2025/07/14 19:26:53	1014.1	1.0	26.9	26.9	91.0	90.0	47.0	333.0	7.6	7.6
2025/07/14 19:26:54	1014.1	1.0	26.8	26.9	90.0	90.0	43.0	331.0	7.0	7.3
2025/07/14 19:26:55	1014.1	1.0	26.8	26.9	90.0	90.0	46.0	333.0	6.8	7.0
2025/07/14 19:26:56	1014.1	1.0	26.8	26.9	90.0	90.0	51.0	338.0	6.9	6.9
2025/07/14 19:26:57	1014.1	1.0	26.8	26.9	90.0	90.0	52.0	340.0	6.7	7.0
2025/07/14 19:26:58	1014.1	1.0	26.8	26.9	90.0	90.0	52.0	339.0	7.2	7.5
2025/07/14 19:26:59	1014.1	1.0	26.8	26.9	90.0	90.0	48.0	334.0	7.5	7.5
2025/07/14 19:27:00	1014.1	1.0	26.8	26.9	90.0	90.0	46.0	332.0	7.6	7.6
2025/07/14 19:27:01	1014.1	1.0	26.8	26.9	90.0	90.0	41.0	328.0	7.2	7.2
2025/07/14 19:27:02	1014.1	1.0	26.8	26.9	90.0	90.0	42.0	329.0	7.2	7.2
2025/07/14 19:27:03	1014.1	1.0	26.8	26.9	90.0	90.0	47.0	333.0	7.8	7.8
2025/07/14 19:27:04	1014.1	1.0	26.8	26.9	90.0	90.0	50.0	336.0	8.4	8.4
2025/07/14 19:27:05	1014.1	1.0	26.8	26.9	90.0	90.0	50.0	336.0	8.0	8.0
2025/07/14 19:27:06	1014.1	1.0	26.8	26.9	90.0	90.0	50.0	336.0	7.3	7.3
2025/07/14 19:27:07	1014.1	1.0	26.8	26.9	90.0	90.0	49.0	336.0	6.8	6.8
2025/07/14 19:27:08	1014.1	1.0	26.8	26.9	90.0	90.0	48.0	335.0	6.8	6.8
2025/07/14 19:27:09	1014.1	1.0	26.8	26.9	90.0	90.0	49.0	335.0	7.0	7.0
2025/07/14 19:27:10	1014.1	1.0	26.8	26.9	90.0	90.0	53.0	339.0	7.4	7.4
2025/07/14 19:27:11	1014.1	1.0	26.8	26.9	90.0	90.0	56.0	342.0	7.2	7.4
2025/07/14 19:27:12	1014.1	1.0	26.8	26.9	90.0	90.0	56.0	341.0	7.5	7.5
2025/07/14 19:27:13	1014.1	1.0	26.9	26.9	90.0	90.0	52.0	338.0	7.3	7.3
2025/07/14 19:27:14	1014.1	1.0	26.9	26.9	90.0	90.0	49.0	335.0	6.8	6.8
2025/07/14 19:27:15	1014.1	1.0	26.9	26.9	90.0	90.0	47.0	334.0	6.6	6.6
2025/07/14 19:27:16	1014.1	1.0	26.9	26.9	90.0	90.0	48.0	334.0	6.6	6.8
2025/07/14 19:27:17	1014.1	1.0	26.9	26.9	90.0	90.0	50.0	336.0	7.1	7.3
2025/07/14 19:27:18	1014.0	1.0	26.9	26.9	90.0	90.0	52.0	337.0	7.6	7.6
2025/07/14 19:27:19	1014.0	1.0	26.9	26.9	90.0	90.0	51.0	335.0	7.5	7.5
2025/07/14 19:27:20	1014.0	1.0	26.9	26.9	90.0	90.0	50.0	335.0	7.2	7.2
2025/07/14 19:27:21	1014.0	1.0	26.9	26.9	90.0	90.0	47.0	333.0	6.5	6.5
2025/07/14 19:27:22	1014.0	1.0	26.9	27.0	90.0	90.0	47.0	332.0	6.5	6.5
2025/07/14 19:27:23	1014.0	1.0	26.9	27.0	90.0	90.0	50.0	335.0	7.1	7.1
2025/07/14 19:27:24	1014.0	1.0	26.9	27.0	90.0	90.0	51.0	336.0	7.0	7.3
2025/07/14 19:27:25	1014.0	1.0	26.9	27.0	90.0	90.0	55.0	340.0	6.7	6.9
2025/07/14 19:27:26	1014.0	1.0	26.9	27.0	90.0	90.0	56.0	340.0	6.7	6.7
2025/07/14 19:27:27	1014.1	1.0	26.9	27.0	90.0	90.0	50.0	335.0	6.6	6.6
2025/07/14 19:27:28	1014.1	1.0	26.9	27.0	90.0	90.0	45.0	330.0	6.8	6.8
2025/07/14 19:27:29	1014.1	1.0	26.9	27.0	90.0	90.0	42.0	327.0	6.8	6.8
2025/07/14 19:27:30	1014.1	1.0	26.9	27.0	90.0	90.0	43.0	328.0	6.6	6.8
2025/07/14 19:27:31	1014.1	1.0	26.9	27.0	90.0	90.0	49.0	333.0	6.9	7.1
2025/07/14 19:27:32	1014.1	1.0	26.9	27.0	90.0	90.0	54.0	338.0	7.3	7.3
2025/07/14 19:27:33	1014.1	1.0	26.9	27.0	90.0	90.0	54.0	338.0	7.2	7.2
2025/07/14 19:27:34	1014.1	1.0	26.9	27.0	90.0	90.0	49.0	333.0	6.8	6.8
2025/07/14 19:27:35	1014.1	1.0	26.9	27.0	90.0	90.0	47.0	331.0	7.1	7.1
2025/07/14 19:27:36	1014.1	1.0	26.9	27.0	90.0	90.0	46.0	331.0	7.0	7.0
2025/07/14 19:27:37	1014.1	1.0	26.9	27.0	90.0	90.0	46.0	330.0	7.2	7.2
2025/07/14 19:27:38	1014.1	1.0	26.9	27.0	90.0	91.0	50.0	333.0	7.5	7.5
2025/07/14 19:27:39	1014.1	1.0	26.9	27.0	90.0	91.0	49.0	333.0	7.4	7.7
2025/07/14 19:27:40	1014.1	1.0	26.9	27.0	90.0	91.0	48.0	332.0	7.6	7.8
2025/07/14 19:27:41	1014.1	1.0	26.9	27.0	90.0	90.0	48.0	331.0	7.7	7.7
2025/07/14 19:27:42	1014.1	1.0	26.9	27.0	91.0	90.0	48.0	332.0	7.7	7.7
2025/07/14 19:27:43	1014.1	1.0	26.9	27.0	91.0	90.0	49.0	333.0	7.9	7.9
2025/07/14 19:27:44	1014.1	1.0	26.9	27.0	91.0	90.0	45.0	329.0	7.9	7.9
2025/07/14 19:27:45	1014.1	1.0	26.9	27.0	90.0	90.0	43.0	327.0	7.8	7.8
2025/07/14 19:27:46	1014.1	1.0	26.9	27.0	90.0	90.0	45.0	329.0	8.2	8.2
2025/07/14 19:27:47	1014.1	1.0	26.9	27.0	91.0	90.0	51.0	335.0	8.4	8.4
2025/07/14 19:27:48	1014.1	1.0	26.9	27.0	91.0	90.0	49.0	333.0	7.9	7.9
2025/07/14 19:27:49	1014.1	1.0	26.9	27.0	91.0	90.0	47.0	331.0	7.6	7.6
2025/07/14 19:27:50	1014.1	1.0	26.9	27.0	90.0	90.0	49.0	334.0	7.3	7.3
2025/07/14 19:27:51	1014.1	1.0	26.9	27.0	90.0	90.0	51.0	336.0	7.5	7.5
2025/07/14 19:27:52	1014.1	1.0	26.9	27.0	90.0	90.0	54.0	338.0	7.5	7.5
2025/07/14 19:27:53	1014.1	1.0	26.9	27.0	90.0	90.0	53.0	338.0	7.5	7.5
2025/07/14 19:27:54	1014.1	1.0	26.9	27.0	90.0	90.0	51.0	335.0	7.7	7.7
2025/07/14 19:27:55	1014.1	1.0	26.9	27.0	90.0	90.0	47.0	332.0	7.9	7.9
2025/07/14 19:27:56	1014.1	1.0	26.9	27.0	90.0	90.0	45.0	331.0	7.8	8.1
2025/07/14 19:27:57	1014.1	1.0	26.9	27.0	90.0	90.0	47.0	332.0	8.1	8.1
2025/07/14 19:27:58	1014.1	1.0	26.9	27.0	90.0	90.0	50.0	335.0	7.7	7.7
2025/07/14 19:27:59	1014.1	1.0	26.9	27.0	90.0	90.0	52.0	336.0	7.5	7.5
2025/07/14 19:28:00	1014.1	1.0	26.9	27.0	91.0	90.0	52.0	338.0	7.3	7.3
2025/07/14 19:28:01	1014.1	1.0	26.9	27.0	91.0	90.0	49.0	335.0	7.1	7.1
2025/07/14 19:28:02	1014.1	1.0	26.9	27.0	91.0	90.0	47.0	333.0	7.4	7.4
2025/07/14 19:28:03	1014.1	1.0	26.9	27.0	91.0	90.0	47.0	332.0	8.2	8.2
2025/07/14 19:28:04	1014.1	1.0	26.9	27.0	91.0	91.0	47.0	333.0	8.5	8.5
2025/07/14 19:28:05	1014.1	1.0	26.9	27.0	90.0	91.0	49.0	335.0	8.3	8.3
2025/07/14 19:28:06	1014.1	1.0	26.9	27.0	90.0	91.0	49.0	335.0	7.7	7.7
2025/07/14 19:28:07	1014.1	1.0	26.9	27.0	90.0	90.0	47.0	333.0	7.4	7.4
2025/07/14 19:28:08	1014.1	1.0	26.9	27.0	90.0	90.0	46.0	332.0	7.5	7.5
2025/07/14 19:28:09	1014.1	1.0	26.9	26.9	90.0	90.0	47.0	333.0	8.0	8.0
2025/07/14 19:28:10	1014.1	1.0	26.9	26.9	90.0	90.0	49.0	335.0	8.1	8.1
2025/07/14 19:28:11	1014.1	1.0	26.9	26.9	90.0	90.0	50.0	336.0	8.3	8.3
2025/07/14 19:28:12	1014.1	1.0	26.9	26.9	90.0	90.0	47.0	333.0	8.3	8.3
2025/07/14 19:28:13	1014.1	1.0	26.9	26.9	90.0	90.0	46.0	333.0	8.0	8.0
2025/07/14 19:28:14	1014.1	1.0	26.9	26.9	90.0	90.0	47.0	334.0	7.8	7.8
2025/07/14 19:28:15	1014.1	1.0	26.9	26.9	90.0	90.0	49.0	335.0	7.8	7.8
2025/07/14 19:28:16	1014.1	1.0	26.9	26.9	90.0	90.0	49.0	335.0	8.1	8.1
2025/07/14 19:28:17	1014.1	1.0	26.9	26.9	90.0	90.0	50.0	337.0	8.3	8.3
2025/07/14 19:28:18	1014.1	1.0	26.9	26.9	90.0	90.0	50.0	337.0	8.2	8.2
2025/07/14 19:28:19	1014.1	1.0	26.9	26.9	90.0	90.0	48.0	335.0	8.0	8.0
2025/07/14 19:28:20	1014.1	1.0	26.9	27.0	90.0	90.0	46.0	333.0	8.1	8.1
2025/07/14 19:28:21	1014.1	1.0	26.9	27.0	91.0	90.0	45.0	332.0	8.3	8.3
2025/07/14 19:28:22	1014.1	1.0	26.9	27.0	91.0	90.0	43.0	330.0	8.3	8.3
2025/07/14 19:28:23	1014.1	1.0	26.9	27.0	91.0	91.0	44.0	331.0	7.9	8.1
2025/07/14 19:28:24	1014.1	1.0	26.9	27.0	91.0	91.0	47.0	333.0	7.8	7.8
2025/07/14 19:28:25	1014.1	1.0	26.9	26.9	91.0	90.0	51.0	338.0	7.4	7.4
2025/07/14 19:28:26	1014.1	1.0	26.9	26.9	91.0	90.0	52.0	339.0	7.4	7.4
2025/07/14 19:28:27	1014.1	1.0	26.9	26.9	90.0	90.0	49.0	337.0	7.3	7.3
2025/07/14 19:28:28	1014.1	1.0	26.9	26.9	90.0	90.0	46.0	333.0	7.5	7.5
2025/07/14 19:28:29	1014.1	1.0	26.9	26.9	91.0	90.0	47.0	334.0	7.9	7.9
2025/07/14 19:28:30	1014.1	1.0	26.9	26.9	91.0	90.0	46.0	333.0	8.1	8.1
2025/07/14 19:28:31	1014.1	1.0	26.9	26.9	91.0	90.0	45.0	332.0	8.1	8.1
2025/07/14 19:28:32	1014.1	1.0	26.9	26.9	90.0	90.0	45.0	331.0	7.7	7.7
2025/07/14 19:28:33	1014.1	1.0	26.9	26.9	90.0	90.0	44.0	331.0	7.5	7.5
2025/07/14 19:28:34	1014.1	1.0	26.9	26.9	90.0	90.0	45.0	332.0	7.6	7.6
2025/07/14 19:28:35	1014.1	1.0	26.8	26.9	90.0	90.0	45.0	332.0	8.0	8.0
2025/07/14 19:28:36	1014.1	1.0	26.8	26.9	90.0	90.0	46.0	333.0	8.0	8.0
2025/07/14 19:28:37	1014.1	1.0	26.8	26.9	90.0	90.0	45.0	333.0	7.5	7.7
2025/07/14 19:28:38	1014.1	1.0	26.8	26.9	90.0	90.0	44.0	331.0	7.4	7.4
2025/07/14 19:28:39	1014.1	1.0	26.8	26.9	90.0	90.0	45.0	332.0	7.5	7.5
2025/07/14 19:28:40	1014.1	1.0	26.8	26.9	90.0	90.0	47.0	333.0	7.7	7.7
2025/07/14 19:28:41	1014.1	1.0	26.8	26.9	90.0	90.0	48.0	335.0	8.0	8.0
2025/07/14 19:28:42	1014.1	1.0	26.8	26.9	90.0	90.0	48.0	335.0	8.3	8.3
2025/07/14 19:28:43	1014.1	1.0	26.8	26.9	90.0	90.0	45.0	332.0	8.3	8.3
2025/07/14 19:28:44	1014.1	1.0	26.8	26.9	90.0	90.0	43.0	330.0	8.0	8.0
2025/07/14 19:28:45	1014.1	1.0	26.8	26.9	90.0	90.0	44.0	330.0	7.7	7.7
2025/07/14 19:28:46	1014.1	1.0	26.8	26.9	90.0	90.0	46.0	332.0	7.5	7.5
2025/07/14 19:28:47	1014.1	1.0	26.8	26.9	90.0	90.0	46.0	333.0	7.6	7.6
2025/07/14 19:28:48	1014.1	1.0	26.8	26.9	90.0	90.0	47.0	333.0	7.6	7.6
2025/07/14 19:28:49	1014.1	1.0	26.8	26.9	90.0	90.0	46.0	333.0	7.4	7.4
2025/07/14 19:28:50	1014.1	1.0	26.8	26.9	90.0	90.0	45.0	332.0	7.1	7.1
2025/07/14 19:28:51	1014.1	1.0	26.8	26.9	90.0	90.0	47.0	333.0	6.9	6.9
2025/07/14 19:28:52	1014.1	1.0	26.8	26.9	90.0	90.0	46.0	332.0	7.1	7.1
2025/07/14 19:28:53	1014.1	1.0	26.8	26.9	90.0	90.0	48.0	334.0	7.2	7.2
2025/07/14 19:28:54	1014.1	1.0	26.8	26.9	90.0	90.0	51.0	337.0	7.4	7.4
2025/07/14 19:28:55	1014.1	1.0	26.8	26.9	90.0	90.0	51.0	337.0	6.8	6.8
2025/07/14 19:28:56	1014.1	1.0	26.8	26.9	90.0	90.0	47.0	333.0	6.7	6.7
2025/07/14 19:28:57	1014.1	1.0	26.8	26.9	90.0	90.0	45.0	331.0	7.1	7.1
2025/07/14 19:28:58	1014.1	1.0	26.8	26.9	90.0	90.0	42.0	328.0	7.7	7.7
2025/07/14 19:28:59	1014.1	1.0	26.8	26.9	90.0	90.0	43.0	329.0	8.1	8.1
2025/07/14 19:29:00	1014.1	1.0	26.8	26.9	90.0	90.0	43.0	330.0	7.7	7.9
2025/07/14 19:29:01	1014.1	1.0	26.8	26.9	90.0	90.0	44.0	331.0	7.7	7.9
2025/07/14 19:29:02	1014.1	1.0	26.8	26.9	90.0	90.0	47.0	333.0	7.3	7.3
2025/07/14 19:29:03	1014.1	1.0	26.8	26.9	90.0	90.0	48.0	333.0	7.2	7.2
2025/07/14 19:29:04	1014.1	1.0	26.8	26.9	90.0	90.0	48.0	334.0	7.2	7.2
2025/07/14 19:29:05	1014.1	1.0	26.8	26.9	90.0	90.0	49.0	335.0	7.5	7.5
2025/07/14 19:29:06	1014.1	1.0	26.8	26.9	90.0	90.0	48.0	334.0	7.4	7.4
2025/07/14 19:29:07	1014.1	1.0	26.8	26.9	90.0	90.0	48.0	333.0	7.5	7.5
2025/07/14 19:29:08	1014.1	1.0	26.8	26.9	90.0	90.0	48.0	333.0	7.9	7.9
2025/07/14 19:29:09	1014.1	1.0	26.8	26.9	90.0	90.0	47.0	333.0	7.7	7.9
2025/07/14 19:29:10	1014.1	1.0	26.8	26.9	90.0	90.0	44.0	331.0	7.4	7.6
2025/07/14 19:29:11	1014.1	1.0	26.8	26.9	90.0	90.0	43.0	328.0	7.5	7.5
2025/07/14 19:29:12	1014.1	1.0	26.8	26.9	90.0	90.0	45.0	330.0	7.4	7.4
2025/07/14 19:29:13	1014.1	1.0	26.8	26.9	90.0	90.0	49.0	335.0	7.2	7.4
2025/07/14 19:29:14	1014.1	1.0	26.8	26.9	90.0	90.0	50.0	336.0	6.9	6.9
2025/07/14 19:29:15	1014.1	1.0	26.8	26.9	90.0	90.0	48.0	333.0	6.7	6.7
2025/07/14 19:29:16	1014.1	1.0	26.8	26.9	90.0	90.0	48.0	333.0	6.8	6.8
2025/07/14 19:29:17	1014.1	1.0	26.8	26.9	90.0	90.0	48.0	333.0	7.1	7.1
2025/07/14 19:29:18	1014.1	1.0	26.8	26.9	90.0	90.0	45.0	331.0	7.3	7.3
2025/07/14 19:29:19	1014.1	1.0	26.8	26.9	90.0	90.0	43.0	328.0	7.0	7.0
2025/07/14 19:29:20	1014.1	1.0	26.8	26.9	90.0	90.0	40.0	327.0	6.8	7.0
2025/07/14 19:29:21	1014.1	1.0	26.8	26.9	90.0	90.0	42.0	329.0	6.4	6.7
2025/07/14 19:29:22	1014.1	1.0	26.8	26.9	90.0	90.0	49.0	334.0	7.0	7.0
2025/07/14 19:29:23	1014.1	1.0	26.8	26.9	90.0	90.0	50.0	335.0	7.5	7.5
2025/07/14 19:29:24	1014.1	1.0	26.8	26.9	90.0	90.0	49.0	334.0	7.7	7.7
2025/07/14 19:29:25	1014.1	1.0	26.8	26.9	90.0	90.0	47.0	332.0	7.9	7.9
2025/07/14 19:29:26	1014.1	1.0	26.8	26.9	90.0	89.0	45.0	330.0	7.8	7.8
2025/07/14 19:29:27	1014.1	1.0	26.8	26.9	90.0	89.0	43.0	328.0	7.6	7.6
2025/07/14 19:29:28	1014.1	1.0	26.8	26.9	90.0	90.0	45.0	330.0	7.7	7.7
2025/07/14 19:29:29	1014.1	1.0	26.8	26.9	90.0	90.0	49.0	333.0	7.7	7.7
2025/07/14 19:29:30	1014.1	1.0	26.8	26.9	90.0	90.0	50.0	334.0	7.7	7.7
2025/07/14 19:29:31	1014.1	1.0	26.8	26.9	90.0	90.0	50.0	335.0	7.8	7.8
2025/07/14 19:29:32	1014.1	1.0	26.8	26.9	90.0	90.0	48.0	333.0	7.8	7.8
2025/07/14 19:29:33	1014.1	1.0	26.8	26.9	90.0	90.0	45.0	330.0	8.0	8.0
2025/07/14 19:29:34	1014.1	1.0	26.8	26.9	90.0	90.0	43.0	328.0	8.0	8.0
2025/07/14 19:29:35	1014.1	1.0	26.8	26.9	90.0	90.0	43.0	328.0	7.7	7.7
2025/07/14 19:29:36	1014.1	1.0	26.8	26.9	90.0	90.0	44.0	328.0	7.4	7.4
2025/07/14 19:29:37	1014.1	1.0	26.9	26.9	90.0	90.0	46.0	331.0	7.3	7.3
2025/07/14 19:29:38	1014.1	1.0	26.9	26.9	90.0	90.0	51.0	335.0	7.8	7.8
2025/07/14 19:29:39	1014.1	1.0	26.9	26.9	90.0	90.0	51.0	336.0	8.1	8.1
2025/07/14 19:29:40	1014.1	1.0	26.9	26.9	90.0	90.0	53.0	338.0	7.5	7.5
2025/07/14 19:29:41	1014.1	1.0	26.9	26.9	90.0	90.0	55.0	340.0	6.7	6.7
2025/07/14 19:29:42	1014.1	1.0	26.9	26.9	90.0	90.0	53.0	338.0	6.6	6.6
2025/07/14 19:29:43	1014.1	1.0	26.9	26.9	90.0	90.0	49.0	335.0	6.8	7.0
2025/07/14 19:29:44	1014.1	1.0	26.9	26.9	90.0	90.0	50.0	334.0	7.6	7.6
2025/07/14 19:29:45	1014.1	1.0	26.9	26.9	90.0	90.0	49.0	334.0	8.0	8.0
2025/07/14 19:29:46	1014.1	1.0	26.9	26.9	90.0	90.0	51.0	336.0	8.2	8.2
2025/07/14 19:29:47	1014.1	1.0	26.9	26.9	90.0	90.0	49.0	334.0	8.2	8.2
2025/07/14 19:29:48	1014.1	1.0	26.9	26.9	90.0	90.0	50.0	335.0	7.6	7.6
2025/07/14 19:29:49	1014.1	1.0	26.9	27.0	90.0	90.0	48.0	333.0	7.2	7.2
2025/07/14 19:29:50	1014.1	1.0	26.9	27.0	90.0	90.0	49.0	333.0	7.2	7.2
2025/07/14 19:29:51	1014.0	1.0	26.9	27.0	90.0	90.0	50.0	335.0	7.4	7.4
2025/07/14 19:29:52	1014.0	1.0	26.9	27.0	90.0	90.0	52.0	336.0	7.5	7.5
2025/07/14 19:29:53	1014.0	1.0	26.9	27.0	90.0	90.0	54.0	338.0	7.7	7.7
2025/07/14 19:29:54	1014.0	1.0	26.9	27.0	90.0	90.0	52.0	337.0	7.4	7.4
2025/07/14 19:29:55	1014.0	1.0	26.9	27.0	90.0	90.0	51.0	335.0	7.2	7.2
2025/07/14 19:29:56	1014.0	1.0	26.9	27.0	90.0	90.0	52.0	336.0	7.1	7.1
2025/07/14 19:29:57	1014.0	1.0	26.9	27.0	90.0	90.0	51.0	335.0	7.1	7.1
2025/07/14 19:29:58	1014.0	1.0	26.9	27.0	90.0	90.0	49.0	334.0	6.9	7.2
2025/07/14 19:29:59	1014.0	1.0	26.9	27.0	90.0	90.0	47.0	332.0	7.3	7.6
2025/07/14 19:30:00	1014.1	1.0	26.9	27.0	90.0	90.0	46.0	330.0	8.0	8.0
2025/07/14 19:30:01	1014.1	1.0	26.9	27.0	90.0	90.0	41.0	325.0	8.3	8.3
2025/07/14 19:30:02	1014.1	1.0	26.9	27.0	90.0	90.0	38.0	323.0	7.8	7.8
2025/07/14 19:30:03	1014.1	1.0	26.9	27.0	90.0	90.0	41.0	325.0	7.8	7.8
2025/07/14 19:30:04	1014.1	1.0	26.9	27.0	90.0	90.0	46.0	330.0	7.9	7.9
2025/07/14 19:30:05	1014.1	1.0	26.9	27.0	90.0	90.0	52.0	336.0	7.8	7.8
2025/07/14 19:30:06	1014.1	1.0	26.9	27.0	90.0	90.0	53.0	337.0	7.4	7.4
2025/07/14 19:30:07	1014.1	1.0	26.9	27.0	90.0	90.0	51.0	335.0	7.6	7.6
2025/07/14 19:30:08	1014.1	1.0	26.9	27.0	90.0	90.0	46.0	330.0	7.3	7.3
2025/07/14 19:30:09	1014.1	1.0	26.9	27.0	90.0	90.0	47.0	331.0	7.3	7.3
2025/07/14 19:30:10	1014.1	1.0	26.9	27.0	90.0	90.0	49.0	333.0	7.3	7.3
2025/07/14 19:30:11	1014.1	1.0	26.9	27.0	90.0	90.0	50.0	334.0	7.2	7.2
2025/07/14 19:30:12	1014.1	1.0	26.9	27.0	90.0	90.0	49.0	333.0	7.6	7.6
2025/07/14 19:30:13	1014.1	1.0	26.9	27.0	90.0	90.0	43.0	327.0	7.6	7.6
2025/07/14 19:30:14	1014.1	1.0	26.9	27.0	90.0	90.0	40.0	324.0	7.8	7.8
2025/07/14 19:30:15	1014.1	1.0	26.9	27.0	90.0	90.0	40.0	324.0	7.8	7.8
2025/07/14 19:30:16	1014.1	1.0	26.9	27.0	90.0	90.0	42.0	326.0	8.1	8.1
2025/07/14 19:30:17	1014.1	1.0	26.9	27.0	90.0	90.0	42.0	325.0	8.1	8.1
2025/07/14 19:30:18	1014.1	1.0	26.9	27.0	90.0	90.0	43.0	327.0	7.6	7.6
2025/07/14 19:30:19	1014.1	1.0	26.9	27.0	90.0	90.0	47.0	331.0	7.4	7.4
2025/07/14 19:30:20	1014.1	1.0	26.9	27.0	90.0	90.0	48.0	332.0	7.2	7.2
2025/07/14 19:30:21	1014.1	1.0	26.9	27.0	90.0	90.0	50.0	334.0	6.9	6.9
2025/07/14 19:30:22	1014.1	1.0	26.9	27.0	90.0	90.0	58.0	342.0	6.6	6.6
2025/07/14 19:30:23	1014.1	1.0	26.9	27.0	90.0	90.0	59.0	343.0	6.7	6.7
2025/07/14 19:30:24	1014.1	1.0	26.9	27.0	90.0	90.0	56.0	340.0	6.5	6.8
2025/07/14 19:30:25	1014.1	1.0	27.0	27.0	90.0	90.0	48.0	333.0	6.7	6.9
2025/07/14 19:30:26	1014.1	1.0	27.0	27.0	90.0	90.0	48.0	332.0	7.4	7.4
2025/07/14 19:30:27	1014.1	1.0	27.0	27.0	90.0	90.0	44.0	328.0	7.2	7.2
2025/07/14 19:30:28	1014.1	1.0	27.0	27.0	90.0	90.0	42.0	325.0	7.6	7.6
2025/07/14 19:30:29	1014.1	1.0	27.0	27.0	90.0	90.0	39.0	323.0	7.6	7.6
2025/07/14 19:30:30	1014.1	1.0	27.0	27.0	90.0	90.0	39.0	323.0	7.3	7.3
2025/07/14 19:30:31	1014.1	1.0	27.0	27.0	90.0	90.0	42.0	325.0	6.9	6.9
2025/07/14 19:30:32	1014.1	1.0	27.0	27.0	90.0	90.0	42.0	326.0	6.9	6.9
2025/07/14 19:30:33	1014.1	1.0	27.0	27.0	90.0	90.0	45.0	328.0	6.9	6.9
2025/07/14 19:30:34	1014.1	1.0	27.0	27.0	90.0	90.0	46.0	329.0	7.1	7.1
2025/07/14 19:30:35	1014.1	1.0	27.0	27.0	90.0	90.0	46.0	330.0	7.5	7.5
2025/07/14 19:30:36	1014.1	1.0	27.0	27.1	90.0	90.0	45.0	329.0	6.7	6.7
2025/07/14 19:30:37	1014.1	1.0	27.0	27.1	90.0	90.0	43.0	327.0	6.8	6.8
2025/07/14 19:30:38	1014.1	1.0	27.0	27.1	90.0	90.0	44.0	327.0	7.1	7.1
2025/07/14 19:30:39	1014.1	1.0	27.0	27.1	90.0	90.0	49.0	332.0	7.6	7.6
2025/07/14 19:30:40	1014.1	1.0	27.1	27.1	90.0	90.0	51.0	334.0	8.1	8.1
2025/07/14 19:30:41	1014.1	1.0	27.1	27.1	90.0	90.0	49.0	333.0	8.0	8.0
2025/07/14 19:30:42	1014.1	1.0	27.1	27.1	90.0	90.0	49.0	332.0	8.0	8.0
2025/07/14 19:30:43	1014.1	1.0	27.0	27.1	90.0	90.0	47.0	331.0	7.9	7.9
2025/07/14 19:30:44	1014.1	1.0	27.0	27.1	90.0	90.0	43.0	327.0	7.8	7.8
2025/07/14 19:30:45	1014.1	1.0	27.1	27.1	90.0	90.0	47.0	331.0	7.7	7.7
2025/07/14 19:30:46	1014.1	1.0	27.1	27.1	90.0	90.0	54.0	337.0	7.4	7.4
2025/07/14 19:30:47	1014.1	1.0	27.1	27.1	90.0	90.0	58.0	342.0	7.5	7.5
2025/07/14 19:30:48	1014.1	1.0	27.1	27.1	90.0	90.0	61.0	345.0	7.6	7.6
2025/07/14 19:30:49	1014.1	1.0	27.1	27.1	90.0	90.0	59.0	343.0	7.3	7.3
2025/07/14 19:30:50	1014.1	1.0	27.1	27.1	90.0	90.0	57.0	341.0	7.2	7.2
2025/07/14 19:30:51	1014.1	1.0	27.1	27.1	90.0	90.0	55.0	338.0	7.7	7.7
2025/07/14 19:30:52	1014.1	1.0	27.1	27.1	90.0	90.0	55.0	338.0	7.8	7.8
2025/07/14 19:30:53	1014.1	1.0	27.1	27.1	90.0	90.0	51.0	334.0	8.0	8.0
2025/07/14 19:30:54	1014.1	1.0	27.1	27.1	90.0	90.0	46.0	330.0	8.0	8.0
2025/07/14 19:30:55	1014.1	1.0	27.1	27.1	90.0	90.0	44.0	327.0	8.1	8.1
2025/07/14 19:30:56	1014.1	1.0	27.0	27.1	90.0	90.0	43.0	327.0	8.1	8.1
2025/07/14 19:30:57	1014.1	1.0	27.0	27.1	90.0	90.0	46.0	329.0	8.4	8.4
2025/07/14 19:30:58	1014.1	1.0	27.1	27.1	90.0	90.0	50.0	333.0	8.6	8.6
2025/07/14 19:30:59	1014.1	1.0	27.1	27.1	90.0	90.0	49.0	333.0	7.9	7.9
2025/07/14 19:31:00	1014.1	1.0	27.1	27.1	90.0	90.0	51.0	334.0	7.3	7.3
2025/07/14 19:31:01	1014.1	1.0	27.0	27.1	90.0	90.0	52.0	335.0	7.2	7.2
2025/07/14 19:31:02	1014.1	1.0	27.0	27.1	90.0	90.0	54.0	337.0	7.3	7.3
2025/07/14 19:31:03	1014.1	1.0	27.0	27.1	90.0	90.0	52.0	336.0	7.6	7.6
2025/07/14 19:31:04	1014.1	1.0	27.0	27.1	90.0	90.0	47.0	331.0	8.0	8.0
2025/07/14 19:31:05	1014.1	1.0	27.0	27.1	90.0	90.0	43.0	327.0	8.1	8.1
2025/07/14 19:31:06	1014.1	1.0	27.0	27.1	90.0	90.0	42.0	326.0	8.0	8.0
2025/07/14 19:31:07	1014.1	1.0	27.0	27.1	90.0	90.0	42.0	326.0	8.1	8.1
2025/07/14 19:31:08	1014.1	1.0	27.0	27.1	90.0	90.0	44.0	328.0	8.1	8.1
2025/07/14 19:31:09	1014.1	1.0	27.0	27.1	90.0	90.0	43.0	327.0	8.0	8.0
2025/07/14 19:31:10	1014.1	1.0	27.0	27.1	90.0	90.0	43.0	327.0	7.8	7.8
2025/07/14 19:31:11	1014.1	1.0	27.0	27.1	90.0	90.0	42.0	326.0	7.7	7.7
2025/07/14 19:31:12	1014.1	1.0	27.1	27.1	90.0	90.0	41.0	325.0	7.6	7.6
2025/07/14 19:31:13	1014.1	1.0	27.1	27.1	90.0	90.0	43.0	327.0	7.3	7.3
2025/07/14 19:31:14	1014.1	1.0	27.0	27.1	90.0	90.0	46.0	331.0	7.1	7.1
2025/07/14 19:31:15	1014.1	1.0	27.0	27.1	90.0	90.0	48.0	332.0	7.1	7.1
2025/07/14 19:31:16	1014.1	1.0	27.0	27.1	90.0	90.0	50.0	334.0	7.6	7.6
2025/07/14 19:31:17	1014.1	1.0	27.0	27.1	90.0	90.0	55.0	340.0	8.1	8.1
2025/07/14 19:31:18	1014.1	1.0	27.0	27.1	90.0	90.0	56.0	341.0	7.6	7.6
2025/07/14 19:31:19	1014.1	1.0	27.0	27.1	90.0	90.0	53.0	338.0	7.1	7.1
2025/07/14 19:31:20	1014.1	1.0	27.0	27.1	90.0	90.0	51.0	335.0	7.2	7.2
2025/07/14 19:31:21	1014.1	1.0	27.0	27.1	90.0	90.0	49.0	333.0	7.9	7.9
2025/07/14 19:31:22	1014.1	1.0	27.0	27.1	90.0	90.0	49.0	334.0	7.8	7.8
2025/07/14 19:31:23	1014.1	1.0	27.0	27.1	90.0	90.0	47.0	332.0	7.6	7.6
2025/07/14 19:31:24	1014.1	1.0	27.0	27.1	90.0	90.0	46.0	331.0	7.3	7.3
2025/07/14 19:31:25	1014.1	1.0	26.9	27.1	90.0	90.0	46.0	331.0	7.7	7.7
2025/07/14 19:31:26	1014.1	1.0	26.9	27.0	90.0	90.0	49.0	334.0	7.7	7.7
2025/07/14 19:31:27	1014.1	1.0	26.9	27.0	90.0	90.0	49.0	334.0	7.1	7.3
2025/07/14 19:31:28	1014.1	1.0	26.9	27.0	90.0	90.0	47.0	333.0	6.5	6.7
2025/07/14 19:31:29	1014.1	1.0	26.9	27.0	90.0	89.0	46.0	331.0	6.7	6.7
2025/07/14 19:31:30	1014.1	1.0	26.9	27.0	90.0	89.0	46.0	331.0	6.8	6.8
2025/07/14 19:31:31	1014.1	1.0	26.9	27.0	90.0	89.0	51.0	336.0	7.8	7.8
2025/07/14 19:31:32	1014.1	1.0	26.9	27.0	90.0	89.0	51.0	336.0	8.1	8.3
2025/07/14 19:31:33	1014.1	1.0	26.9	27.0	90.0	89.0	49.0	333.0	8.0	8.0
2025/07/14 19:31:34	1014.1	1.0	26.9	27.0	90.0	89.0	46.0	332.0	7.3	7.5
2025/07/14 19:31:35	1014.1	1.0	26.9	27.0	90.0	89.0	49.0	335.0	7.3	7.5
2025/07/14 19:31:36	1014.1	1.0	26.9	27.0	90.0	89.0	52.0	338.0	7.6	7.6
2025/07/14 19:31:37	1014.1	1.0	26.9	27.0	90.0	89.0	53.0	338.0	7.7	7.7
2025/07/14 19:31:38	1014.1	1.0	26.9	27.0	90.0	89.0	52.0	337.0	7.1	7.4
2025/07/14 19:31:39	1014.1	1.0	26.9	27.0	90.0	89.0	52.0	336.0	7.4	7.4
2025/07/14 19:31:40	1014.1	1.0	26.9	27.0	90.0	89.0	49.0	334.0	7.3	7.3
2025/07/14 19:31:41	1014.1	1.0	26.9	27.0	90.0	89.0	48.0	333.0	7.6	7.6
2025/07/14 19:31:42	1014.1	1.0	26.9	27.0	90.0	89.0	49.0	334.0	7.8	7.8
2025/07/14 19:31:43	1014.1	1.0	26.9	27.0	90.0	89.0	49.0	334.0	8.1	8.1
2025/07/14 19:31:44	1014.1	1.0	26.9	27.0	90.0	89.0	49.0	334.0	8.2	8.2
2025/07/14 19:31:45	1014.1	1.0	26.9	27.0	90.0	89.0	53.0	338.0	7.8	7.8
2025/07/14 19:31:46	1014.1	1.0	26.9	27.0	90.0	89.0	51.0	336.0	7.0	7.0
2025/07/14 19:31:47	1014.1	1.0	26.9	27.0	90.0	89.0	48.0	334.0	6.5	6.8
2025/07/14 19:31:48	1014.1	1.0	26.9	27.0	90.0	89.0	46.0	331.0	7.5	7.5
2025/07/14 19:31:49	1014.1	1.0	26.9	27.0	90.0	89.0	45.0	330.0	8.0	8.0
2025/07/14 19:31:50	1014.1	1.0	26.9	27.0	90.0	89.0	41.0	328.0	7.5	7.8
2025/07/14 19:31:51	1014.1	1.0	26.9	27.0	90.0	89.0	42.0	328.0	7.1	7.3
2025/07/14 19:31:52	1014.1	1.0	26.9	27.0	90.0	89.0	47.0	332.0	6.9	6.9
2025/07/14 19:31:53	1014.1	1.0	26.9	27.0	90.0	89.0	51.0	335.0	6.9	6.9
2025/07/14 19:31:54	1014.1	1.0	26.9	27.0	90.0	89.0	52.0	337.0	7.0	7.2
2025/07/14 19:31:55	1014.1	1.0	26.9	27.0	90.0	89.0	49.0	335.0	7.2	7.5
2025/07/14 19:31:56	1014.1	1.0	26.9	27.0	90.0	89.0	44.0	330.0	7.5	7.5
2025/07/14 19:31:57	1014.1	1.0	26.9	27.0	90.0	89.0	42.0	328.0	7.8	7.8
2025/07/14 19:31:58	1014.1	1.0	26.9	27.0	90.0	89.0	44.0	329.0	8.0	8.0
2025/07/14 19:31:59	1014.1	1.0	26.9	27.0	90.0	89.0	46.0	332.0	8.1	8.1
2025/07/14 19:32:00	1014.1	1.0	26.9	27.0	90.0	89.0	48.0	333.0	7.7	7.7
2025/07/14 19:32:01	1014.1	1.0	26.9	27.0	90.0	89.0	51.0	336.0	7.5	7.5
2025/07/14 19:32:02	1014.1	1.0	26.9	27.0	90.0	89.0	55.0	340.0	7.5	7.5
2025/07/14 19:32:03	1014.1	1.0	26.9	27.0	90.0	89.0	59.0	344.0	7.6	7.6
2025/07/14 19:32:04	1014.1	1.0	26.9	27.0	90.0	89.0	59.0	344.0	7.6	7.6
2025/07/14 19:32:05	1014.1	1.0	26.9	27.0	90.0	89.0	53.0	339.0	7.6	7.6
2025/07/14 19:32:06	1014.1	1.0	26.9	27.0	90.0	89.0	47.0	332.0	7.5	7.5
2025/07/14 19:32:07	1014.1	1.0	26.9	27.0	90.0	89.0	46.0	331.0	7.8	7.8
2025/07/14 19:32:08	1014.1	1.0	26.9	27.0	90.0	89.0	47.0	332.0	7.8	7.8
2025/07/14 19:32:09	1014.1	1.0	26.9	27.0	90.0	89.0	48.0	332.0	7.8	7.8
2025/07/14 19:32:10	1014.1	1.0	26.9	27.0	90.0	89.0	47.0	332.0	7.9	7.9
2025/07/14 19:32:11	1014.1	1.0	26.9	27.0	90.0	89.0	46.0	332.0	7.7	7.7
2025/07/14 19:32:12	1014.1	1.0	27.0	27.0	90.0	89.0	48.0	334.0	7.6	7.6
2025/07/14 19:32:13	1014.1	1.0	27.0	27.0	90.0	89.0	47.0	333.0	7.5	7.5
2025/07/14 19:32:14	1014.1	1.0	27.0	27.0	90.0	89.0	46.0	332.0	7.5	7.5
2025/07/14 19:32:15	1014.1	1.0	27.0	27.0	90.0	89.0	47.0	332.0	7.6	7.6
2025/07/14 19:32:16	1014.1	1.0	27.0	27.0	90.0	89.0	47.0	333.0	7.6	7.9
2025/07/14 19:32:17	1014.1	1.0	27.0	27.0	90.0	89.0	50.0	337.0	7.3	7.7
2025/07/14 19:32:18	1014.1	1.0	27.0	27.0	90.0	89.0	53.0	339.0	7.4	7.7
2025/07/14 19:32:19	1014.1	1.0	27.0	27.0	90.0	89.0	53.0	338.0	7.3	7.3
2025/07/14 19:32:20	1014.1	1.0	27.0	27.0	90.0	89.0	52.0	337.0	7.4	7.4
2025/07/14 19:32:21	1014.1	1.0	27.0	27.0	90.0	89.0	51.0	336.0	7.4	7.4
2025/07/14 19:32:22	1014.1	1.0	27.0	27.0	90.0	89.0	48.0	334.0	7.6	7.6
2025/07/14 19:32:23	1014.1	1.0	27.0	27.0	90.0	89.0	46.0	332.0	7.3	7.6
2025/07/14 19:32:24	1014.1	1.0	27.0	27.0	90.0	89.0	43.0	329.0	7.7	7.9
2025/07/14 19:32:25	1014.1	1.0	26.9	27.0	90.0	89.0	40.0	325.0	8.0	8.0
2025/07/14 19:32:26	1014.1	1.0	26.9	27.0	90.0	89.0	35.0	322.0	7.6	7.8
2025/07/14 19:32:27	1014.1	1.0	26.9	27.0	90.0	89.0	36.0	323.0	7.3	7.6
2025/07/14 19:32:28	1014.1	1.0	26.9	27.0	90.0	89.0	39.0	325.0	7.0	7.0
2025/07/14 19:32:29	1014.1	1.0	26.9	27.0	90.0	89.0	43.0	328.0	6.8	6.8
2025/07/14 19:32:30	1014.1	1.0	26.9	27.0	90.0	89.0	50.0	335.0	7.3	7.3
2025/07/14 19:32:31	1014.1	1.0	26.9	27.0	90.0	89.0	51.0	337.0	7.0	7.2
2025/07/14 19:32:32	1014.1	1.0	26.9	27.0	90.0	89.0	50.0	335.0	6.6	6.6
2025/07/14 19:32:33	1014.1	1.0	26.9	27.0	90.0	89.0	49.0	335.0	6.4	6.4
2025/07/14 19:32:34	1014.1	1.0	26.9	27.0	90.0	89.0	48.0	334.0	6.6	6.6
2025/07/14 19:32:35	1014.1	1.0	26.9	27.0	90.0	89.0	49.0	334.0	7.1	7.1
2025/07/14 19:32:36	1014.1	1.0	27.0	27.0	90.0	89.0	47.0	332.0	7.4	7.4
2025/07/14 19:32:37	1014.1	1.0	27.0	27.0	90.0	89.0	48.0	334.0	7.5	7.5
2025/07/14 19:32:38	1014.1	1.0	27.0	27.0	89.0	89.0	49.0	334.0	7.4	7.4
2025/07/14 19:32:39	1014.1	1.0	27.0	27.0	89.0	89.0	48.0	334.0	6.8	7.1
2025/07/14 19:32:40	1014.1	1.0	27.0	27.0	89.0	89.0	48.0	334.0	7.0	7.3
2025/07/14 19:32:41	1014.1	1.0	27.0	27.0	90.0	89.0	47.0	333.0	7.6	7.6
2025/07/14 19:32:42	1014.1	1.0	27.0	27.1	90.0	89.0	43.0	329.0	7.4	7.4
2025/07/14 19:32:43	1014.1	1.0	27.0	27.1	90.0	89.0	42.0	328.0	7.6	7.6
2025/07/14 19:32:44	1014.1	1.0	27.0	27.1	90.0	89.0	47.0	332.0	8.1	8.1
2025/07/14 19:32:45	1014.1	1.0	27.0	27.1	90.0	89.0	48.0	333.0	8.2	8.2
2025/07/14 19:32:46	1014.1	1.0	27.0	27.1	90.0	89.0	48.0	334.0	7.9	7.9
2025/07/14 19:32:47	1014.1	1.0	27.0	27.1	90.0	89.0	46.0	332.0	7.8	7.8
2025/07/14 19:32:48	1014.1	1.0	27.0	27.1	90.0	89.0	45.0	331.0	7.9	7.9
2025/07/14 19:32:49	1014.1	1.0	27.0	27.1	90.0	89.0	45.0	331.0	7.8	7.8
2025/07/14 19:32:50	1014.1	1.0	27.0	27.1	90.0	89.0	46.0	332.0	7.8	7.8
2025/07/14 19:32:51	1014.1	1.0	27.0	27.1	90.0	89.0	47.0	333.0	8.0	8.0
2025/07/14 19:32:52	1014.1	1.0	27.0	27.1	90.0	89.0	46.0	332.0	8.3	8.3
2025/07/14 19:32:53	1014.1	1.0	27.0	27.1	90.0	89.0	44.0	330.0	8.2	8.2
2025/07/14 19:32:54	1014.1	1.0	27.0	27.1	89.0	89.0	43.0	329.0	7.6	7.6
2025/07/14 19:32:55	1014.1	1.0	27.0	27.1	89.0	89.0	46.0	332.0	7.4	7.4
2025/07/14 19:32:56	1014.1	1.0	27.0	27.1	90.0	89.0	47.0	333.0	7.6	7.6
2025/07/14 19:32:57	1014.1	1.0	27.0	27.1	90.0	89.0	49.0	336.0	7.9	7.9
2025/07/14 19:32:58	1014.1	1.0	27.0	27.1	90.0	89.0	51.0	337.0	8.0	8.0
2025/07/14 19:32:59	1014.1	1.0	27.0	27.1	89.0	89.0	50.0	337.0	7.5	7.7
2025/07/14 19:33:00	1014.1	1.0	27.0	27.1	89.0	89.0	48.0	334.0	7.6	7.6
2025/07/14 19:33:01	1014.1	1.0	27.0	27.1	89.0	89.0	45.0	333.0	7.2	7.5
2025/07/14 19:33:02	1014.1	1.0	27.0	27.1	89.0	89.0	44.0	331.0	7.1	7.4
2025/07/14 19:33:03	1014.1	1.0	27.0	27.1	89.0	89.0	45.0	332.0	7.8	7.8
2025/07/14 19:33:04	1014.1	1.0	27.0	27.1	89.0	89.0	43.0	330.0	7.5	7.7
2025/07/14 19:33:05	1014.1	1.0	27.0	27.1	89.0	89.0	42.0	329.0	7.4	7.7
2025/07/14 19:33:06	1014.1	1.0	27.0	27.1	89.0	89.0	41.0	327.0	7.9	7.9
2025/07/14 19:33:07	1014.1	1.0	27.0	27.1	89.0	89.0	41.0	328.0	8.0	8.0
2025/07/14 19:33:08	1014.1	1.0	27.0	27.1	89.0	89.0	40.0	327.0	7.9	7.9
2025/07/14 19:33:09	1014.1	1.0	27.0	27.1	89.0	89.0	41.0	328.0	7.9	7.9
2025/07/14 19:33:10	1014.1	1.0	27.0	27.1	89.0	89.0	44.0	330.0	7.6	7.6
2025/07/14 19:33:11	1014.1	1.0	27.0	27.1	89.0	89.0	47.0	334.0	7.4	7.4
2025/07/14 19:33:12	1014.1	1.0	27.0	27.1	89.0	89.0	50.0	337.0	7.6	7.6
2025/07/14 19:33:13	1014.1	1.0	27.0	27.1	89.0	89.0	50.0	337.0	7.1	7.1
2025/07/14 19:33:14	1014.1	1.0	27.0	27.1	89.0	89.0	53.0	340.0	6.7	6.7
2025/07/14 19:33:15	1014.1	1.0	27.0	27.1	89.0	89.0	49.0	336.0	6.7	6.7
2025/07/14 19:33:16	1014.1	1.0	27.0	27.1	89.0	89.0	47.0	333.0	7.2	7.2
2025/07/14 19:33:17	1014.1	1.0	27.0	27.1	89.0	89.0	47.0	334.0	7.9	7.9
2025/07/14 19:33:18	1014.1	1.0	27.0	27.1	89.0	89.0	48.0	336.0	8.6	8.6
2025/07/14 19:33:19	1014.1	1.0	27.0	27.1	89.0	89.0	47.0	334.0	8.4	8.4
2025/07/14 19:33:20	1014.1	1.0	27.0	27.1	89.0	89.0	45.0	332.0	8.2	8.2
2025/07/14 19:33:21	1014.1	1.0	27.0	27.1	89.0	89.0	43.0	331.0	7.8	7.8
2025/07/14 19:33:22	1014.1	1.0	27.0	27.1	89.0	89.0	43.0	331.0	7.6	7.6
2025/07/14 19:33:23	1014.1	1.0	27.0	27.1	89.0	89.0	44.0	332.0	7.9	7.9
2025/07/14 19:33:24	1014.1	1.0	27.0	27.1	89.0	89.0	45.0	333.0	8.3	8.3
2025/07/14 19:33:25	1014.1	1.0	27.0	27.1	89.0	89.0	47.0	334.0	8.2	8.2
2025/07/14 19:33:26	1014.1	1.0	27.0	27.1	89.0	89.0	49.0	337.0	7.5	7.8
2025/07/14 19:33:27	1014.1	1.0	27.0	27.1	89.0	89.0	50.0	338.0	7.1	7.4
2025/07/14 19:33:28	1014.1	1.0	27.0	27.1	89.0	89.0	52.0	340.0	7.3	7.3
2025/07/14 19:33:29	1014.1	1.0	27.0	27.1	89.0	89.0	53.0	341.0	7.4	7.4
2025/07/14 19:33:30	1014.1	1.0	27.0	27.1	89.0	89.0	52.0	341.0	7.8	8.0
2025/07/14 19:33:31	1014.1	1.0	27.0	27.1	89.0	89.0	48.0	337.0	7.9	8.2
2025/07/14 19:33:32	1014.1	1.0	27.0	27.1	89.0	88.0	44.0	332.0	8.2	8.5
2025/07/14 19:33:33	1014.1	1.0	27.0	27.1	89.0	88.0	41.0	328.0	8.6	8.6
2025/07/14 19:33:34	1014.1	1.0	27.0	27.1	89.0	88.0	38.0	326.0	8.6	8.6
2025/07/14 19:33:35	1014.1	1.0	27.0	27.1	89.0	88.0	38.0	327.0	8.7	9.0
2025/07/14 19:33:36	1014.1	1.0	27.0	27.1	89.0	88.0	42.0	331.0	8.5	8.8
2025/07/14 19:33:37	1014.1	1.0	27.0	27.1	89.0	88.0	48.0	336.0	8.3	8.3
2025/07/14 19:33:38	1014.1	1.0	27.0	27.1	89.0	88.0	50.0	338.0	7.9	7.9
2025/07/14 19:33:39	1014.1	1.0	27.0	27.1	89.0	88.0	51.0	339.0	7.7	7.7
2025/07/14 19:33:40	1014.1	1.0	27.0	27.1	89.0	88.0	52.0	340.0	7.7	7.7
2025/07/14 19:33:41	1014.1	1.0	27.0	27.1	89.0	88.0	52.0	340.0	8.1	8.1
2025/07/14 19:33:42	1014.1	1.0	27.0	27.1	89.0	88.0	49.0	337.0	8.1	8.1
2025/07/14 19:33:43	1014.1	1.0	27.0	27.1	89.0	88.0	48.0	336.0	8.1	8.1
2025/07/14 19:33:44	1014.1	1.0	27.0	27.1	89.0	88.0	48.0	336.0	8.5	8.5
2025/07/14 19:33:45	1014.1	1.0	27.0	27.1	89.0	88.0	49.0	337.0	8.6	8.6
2025/07/14 19:33:46	1014.1	1.0	27.0	27.1	89.0	88.0	46.0	334.0	8.7	8.7
2025/07/14 19:33:47	1014.1	1.0	27.0	27.1	89.0	88.0	42.0	330.0	8.4	8.4
2025/07/14 19:33:48	1014.1	1.0	27.0	27.1	89.0	88.0	38.0	326.0	8.0	8.0
2025/07/14 19:33:49	1014.1	1.0	27.0	27.1	89.0	88.0	36.0	324.0	7.9	7.9
2025/07/14 19:33:50	1014.1	1.0	27.0	27.1	89.0	88.0	40.0	328.0	7.7	7.7
2025/07/14 19:33:51	1014.1	1.0	27.0	27.1	89.0	88.0	44.0	332.0	7.6	7.6
2025/07/14 19:33:52	1014.1	1.0	27.0	27.1	89.0	88.0	46.0	334.0	7.6	7.6
2025/07/14 19:33:53	1014.1	1.0	27.0	27.1	89.0	88.0	47.0	335.0	7.4	7.4
2025/07/14 19:33:54	1014.1	1.0	27.0	27.1	89.0	88.0	50.0	338.0	7.6	7.6
2025/07/14 19:33:55	1014.1	1.0	27.0	27.1	89.0	88.0	50.0	338.0	7.3	7.3
2025/07/14 19:33:56	1014.1	1.0	27.0	27.1	89.0	88.0	50.0	338.0	7.5	7.5
2025/07/14 19:33:57	1014.1	1.0	27.0	27.1	89.0	88.0	47.0	336.0	7.8	7.8
2025/07/14 19:33:58	1014.1	1.0	27.0	27.1	89.0	88.0	46.0	334.0	7.9	7.9
2025/07/14 19:33:59	1014.1	1.0	27.0	27.1	89.0	88.0	44.0	332.0	8.1	8.1
