date time	WEATHER.PBWWI.AirPress	WEATHER.PBWWI.AirPressureBar	WEATHER.PBWWI.AirTempPort	WEATHER.PBWWI.AirTempStarboard	WEATHER.PBWWI.HumidityPort	WEATHER.PBWWI.HumidityStarboard	WEATHER.PBWWI.TrueWindDir	WEATHER.PBWWI.RealWindDir	WEATHER.PBWWI.TrueWindSpeed	WEATHER.PBWWI.RelWindSpeed
	spot	spot	spot	spot	spot	spot	spot	spot	spot	spot
	hPa	bar	°C	°C	%	%	°	°	m/s	m/s
2025/07/17 15:39:00	1014.5	1.0	27.6	28.2	77.0	75.0	176.0	323.0	2.7	3.0
2025/07/17 15:39:01	1014.5	1.0	27.6	28.2	77.0	75.0	172.0	321.0	2.8	3.1
2025/07/17 15:39:02	1014.5	1.0	27.6	28.2	77.0	75.0	172.0	321.0	2.7	3.1
2025/07/17 15:39:03	1014.5	1.0	27.6	28.2	77.0	75.0	177.0	325.0	2.6	2.9
2025/07/17 15:39:04	1014.5	1.0	27.6	28.2	77.0	75.0	185.0	331.0	2.5	2.8
2025/07/17 15:39:05	1014.5	1.0	27.6	28.2	77.0	75.0	188.0	335.0	2.4	2.8
2025/07/17 15:39:06	1014.5	1.0	27.6	28.2	77.0	75.0	188.0	335.0	2.3	2.7
2025/07/17 15:39:07	1014.5	1.0	27.6	28.2	77.0	75.0	182.0	330.0	2.4	2.7
2025/07/17 15:39:08	1014.5	1.0	27.6	28.2	77.0	75.0	174.0	322.0	2.7	3.0
2025/07/17 15:39:09	1014.5	1.0	27.6	28.2	78.0	75.0	176.0	323.0	2.9	3.3
2025/07/17 15:39:10	1014.5	1.0	27.6	28.2	78.0	75.0	181.0	328.0	2.8	3.1
2025/07/17 15:39:11	1014.5	1.0	27.6	28.2	78.0	75.0	193.0	337.0	2.5	2.7
2025/07/17 15:39:12	1014.5	1.0	27.6	28.2	77.0	75.0	200.0	343.0	2.3	2.5
2025/07/17 15:39:13	1014.5	1.0	27.6	28.2	77.0	75.0	197.0	342.0	2.4	2.7
2025/07/17 15:39:14	1014.5	1.0	27.6	28.2	77.0	75.0	196.0	341.0	2.8	3.2
2025/07/17 15:39:15	1014.5	1.0	27.6	28.2	77.0	75.0	193.0	339.0	2.9	3.4
2025/07/17 15:39:16	1014.5	1.0	27.6	28.2	77.0	75.0	186.0	334.0	2.6	3.0
2025/07/17 15:39:17	1014.5	1.0	27.6	28.2	78.0	75.0	185.0	332.0	2.3	2.7
2025/07/17 15:39:18	1014.5	1.0	27.6	28.2	78.0	75.0	191.0	337.0	2.3	2.6
2025/07/17 15:39:19	1014.5	1.0	27.6	28.2	78.0	76.0	199.0	343.0	2.5	2.8
2025/07/17 15:39:20	1014.5	1.0	27.6	28.2	78.0	76.0	203.0	347.0	2.9	3.1
2025/07/17 15:39:21	1014.5	1.0	27.6	28.2	78.0	76.0	197.0	342.0	2.8	3.1
2025/07/17 15:39:22	1014.5	1.0	27.6	28.2	78.0	76.0	184.0	331.0	2.5	2.9
2025/07/17 15:39:23	1014.5	1.0	27.7	28.2	78.0	76.0	178.0	327.0	2.4	2.8
2025/07/17 15:39:24	1014.5	1.0	27.7	28.2	78.0	76.0	175.0	324.0	2.7	3.1
2025/07/17 15:39:25	1014.5	1.0	27.7	28.2	78.0	76.0	178.0	326.0	2.8	3.2
2025/07/17 15:39:26	1014.5	1.0	27.7	28.2	78.0	76.0	191.0	337.0	2.9	3.3
2025/07/17 15:39:27	1014.5	1.0	27.7	28.2	78.0	76.0	206.0	350.0	2.8	3.2
2025/07/17 15:39:28	1014.5	1.0	27.7	28.2	78.0	76.0	207.0	350.0	2.3	2.7
2025/07/17 15:39:29	1014.5	1.0	27.7	28.3	78.0	76.0	191.0	337.0	2.3	2.6
2025/07/17 15:39:30	1014.5	1.0	27.7	28.3	78.0	76.0	188.0	334.0	2.6	2.9
2025/07/17 15:39:31	1014.5	1.0	27.7	28.3	78.0	76.0	193.0	338.0	2.9	3.2
2025/07/17 15:39:32	1014.5	1.0	27.7	28.3	78.0	76.0	192.0	337.0	3.1	3.5
2025/07/17 15:39:33	1014.5	1.0	27.7	28.3	78.0	76.0	193.0	339.0	2.8	3.3
2025/07/17 15:39:34	1014.5	1.0	27.7	28.3	78.0	76.0	193.0	341.0	2.3	2.9
2025/07/17 15:39:35	1014.5	1.0	27.7	28.3	78.0	76.0	196.0	343.0	2.2	2.7
2025/07/17 15:39:36	1014.5	1.0	27.7	28.3	78.0	76.0	201.0	347.0	2.5	2.8
2025/07/17 15:39:37	1014.5	1.0	27.7	28.3	78.0	76.0	202.0	345.0	2.7	2.7
2025/07/17 15:39:38	1014.5	1.0	27.7	28.3	78.0	76.0	200.0	343.0	2.9	2.9
2025/07/17 15:39:39	1014.5	1.0	27.7	28.3	78.0	76.0	198.0	342.0	3.0	3.3
2025/07/17 15:39:40	1014.5	1.0	27.7	28.3	78.0	76.0	194.0	340.0	3.0	3.4
2025/07/17 15:39:41	1014.5	1.0	27.7	28.3	78.0	76.0	192.0	340.0	2.5	3.1
2025/07/17 15:39:42	1014.5	1.0	27.7	28.3	78.0	76.0	190.0	339.0	2.1	2.7
2025/07/17 15:39:43	1014.5	1.0	27.7	28.3	78.0	76.0	185.0	336.0	1.8	2.3
2025/07/17 15:39:44	1014.5	1.0	27.7	28.3	78.0	76.0	186.0	336.0	1.7	2.1
2025/07/17 15:39:45	1014.5	1.0	27.7	28.3	78.0	76.0	188.0	336.0	2.6	2.9
2025/07/17 15:39:46	1014.5	1.0	27.7	28.3	78.0	76.0	193.0	340.0	3.1	3.4
2025/07/17 15:39:47	1014.5	1.0	27.7	28.3	78.0	76.0	184.0	332.0	3.3	3.7
2025/07/17 15:39:48	1014.5	1.0	27.7	28.3	78.0	76.0	179.0	329.0	3.0	3.4
2025/07/17 15:39:49	1014.5	1.0	27.7	28.3	78.0	76.0	181.0	331.0	2.4	2.8
2025/07/17 15:39:50	1014.5	1.0	27.7	28.3	78.0	76.0	189.0	338.0	2.1	2.5
2025/07/17 15:39:51	1014.5	1.0	27.7	28.3	78.0	76.0	198.0	345.0	2.1	2.4
2025/07/17 15:39:52	1014.5	1.0	27.7	28.3	78.0	76.0	194.0	342.0	2.5	2.8
2025/07/17 15:39:53	1014.5	1.0	27.7	28.3	78.0	76.0	187.0	336.0	2.7	3.0
2025/07/17 15:39:54	1014.5	1.0	27.7	28.3	78.0	76.0	179.0	329.0	2.9	3.2
2025/07/17 15:39:55	1014.5	1.0	27.7	28.3	78.0	76.0	178.0	328.0	2.8	3.2
2025/07/17 15:39:56	1014.5	1.0	27.7	28.3	78.0	76.0	180.0	331.0	2.7	3.1
2025/07/17 15:39:57	1014.5	1.0	27.7	28.3	78.0	76.0	186.0	336.0	2.4	2.9
2025/07/17 15:39:58	1014.5	1.0	27.7	28.3	78.0	75.0	184.0	336.0	2.2	2.7
2025/07/17 15:39:59	1014.5	1.0	27.7	28.3	78.0	75.0	180.0	333.0	2.2	2.6
2025/07/17 15:40:00	1014.5	1.0	27.7	28.3	78.0	75.0	184.0	335.0	2.2	2.6
2025/07/17 15:40:01	1014.5	1.0	27.7	28.3	78.0	75.0	185.0	336.0	2.3	2.7
2025/07/17 15:40:02	1014.5	1.0	27.7	28.3	78.0	75.0	186.0	337.0	2.6	3.0
2025/07/17 15:40:03	1014.5	1.0	27.7	28.3	78.0	75.0	187.0	338.0	2.6	3.1
2025/07/17 15:40:04	1014.5	1.0	27.7	28.3	78.0	75.0	187.0	338.0	2.7	3.1
2025/07/17 15:40:05	1014.5	1.0	27.7	28.3	78.0	75.0	186.0	337.0	2.5	2.8
2025/07/17 15:40:06	1014.5	1.0	27.7	28.3	78.0	75.0	183.0	334.0	2.4	2.7
2025/07/17 15:40:07	1014.5	1.0	27.7	28.3	77.0	75.0	185.0	336.0	2.5	2.8
2025/07/17 15:40:08	1014.5	1.0	27.7	28.3	77.0	75.0	183.0	335.0	2.6	3.0
2025/07/17 15:40:09	1014.5	1.0	27.7	28.3	77.0	75.0	176.0	331.0	2.5	3.0
2025/07/17 15:40:10	1014.5	1.0	27.7	28.3	77.0	75.0	176.0	331.0	2.4	3.0
2025/07/17 15:40:11	1014.5	1.0	27.7	28.3	77.0	75.0	184.0	338.0	2.1	2.7
2025/07/17 15:40:12	1014.5	1.0	27.7	28.3	78.0	75.0	195.0	348.0	1.9	2.4
2025/07/17 15:40:13	1014.5	1.0	27.7	28.3	78.0	75.0	205.0	355.0	2.1	2.4
2025/07/17 15:40:14	1014.5	1.0	27.7	28.3	78.0	75.0	200.0	351.0	2.0	2.3
2025/07/17 15:40:15	1014.5	1.0	27.7	28.3	78.0	75.0	187.0	340.0	2.1	2.4
2025/07/17 15:40:16	1014.5	1.0	27.7	28.3	78.0	76.0	181.0	336.0	1.9	2.3
2025/07/17 15:40:17	1014.5	1.0	27.7	28.3	78.0	76.0	174.0	331.0	1.7	2.1
2025/07/17 15:40:18	1014.5	1.0	27.7	28.3	77.0	76.0	166.0	325.0	1.5	1.8
2025/07/17 15:40:19	1014.5	1.0	27.7	28.3	77.0	76.0	174.0	330.0	1.5	1.8
2025/07/17 15:40:20	1014.5	1.0	27.7	28.3	78.0	76.0	184.0	339.0	1.8	2.1
2025/07/17 15:40:21	1014.5	1.0	27.7	28.3	78.0	76.0	180.0	336.0	2.1	2.5
2025/07/17 15:40:22	1014.5	1.0	27.7	28.3	78.0	76.0	184.0	340.0	2.2	2.7
2025/07/17 15:40:23	1014.5	1.0	27.7	28.3	78.0	76.0	176.0	334.0	2.1	2.5
2025/07/17 15:40:24	1014.5	1.0	27.7	28.3	78.0	76.0	172.0	330.0	1.9	2.3
2025/07/17 15:40:25	1014.5	1.0	27.7	28.3	78.0	76.0	175.0	334.0	1.7	2.1
2025/07/17 15:40:26	1014.5	1.0	27.7	28.3	77.0	76.0	185.0	341.0	1.9	2.3
2025/07/17 15:40:27	1014.5	1.0	27.7	28.3	77.0	76.0	190.0	344.0	2.4	2.8
2025/07/17 15:40:28	1014.5	1.0	27.7	28.3	78.0	76.0	196.0	350.0	2.5	2.9
2025/07/17 15:40:29	1014.5	1.0	27.7	28.3	78.0	76.0	200.0	354.0	2.2	2.6
2025/07/17 15:40:30	1014.5	1.0	27.7	28.3	78.0	76.0	190.0	345.0	2.1	2.4
2025/07/17 15:40:31	1014.5	1.0	27.7	28.3	77.0	76.0	177.0	335.0	1.9	2.2
2025/07/17 15:40:32	1014.5	1.0	27.7	28.3	77.0	75.0	166.0	325.0	2.1	2.4
2025/07/17 15:40:33	1014.5	1.0	27.7	28.3	77.0	75.0	169.0	328.0	2.6	3.0
2025/07/17 15:40:34	1014.5	1.0	27.7	28.3	78.0	75.0	179.0	336.0	2.8	3.3
2025/07/17 15:40:35	1014.5	1.0	27.7	28.3	78.0	75.0	179.0	338.0	2.4	2.9
2025/07/17 15:40:36	1014.5	1.0	27.7	28.3	77.0	75.0	181.0	341.0	1.8	2.3
2025/07/17 15:40:37	1014.5	1.0	27.7	28.3	77.0	75.0	189.0	346.0	1.8	2.1
2025/07/17 15:40:38	1014.5	1.0	27.7	28.3	77.0	75.0	196.0	351.0	2.0	2.3
2025/07/17 15:40:39	1014.5	1.0	27.7	28.3	78.0	75.0	195.0	350.0	2.5	2.9
2025/07/17 15:40:40	1014.5	1.0	27.7	28.3	78.0	75.0	192.0	349.0	2.3	2.9
2025/07/17 15:40:41	1014.5	1.0	27.7	28.3	78.0	75.0	190.0	349.0	1.6	2.2
2025/07/17 15:40:42	1014.5	1.0	27.7	28.3	77.0	75.0	193.0	351.0	1.3	1.8
2025/07/17 15:40:43	1014.5	1.0	27.7	28.3	77.0	75.0	199.0	355.0	1.4	1.8
2025/07/17 15:40:44	1014.5	1.0	27.7	28.3	78.0	75.0	197.0	353.0	1.8	2.2
2025/07/17 15:40:45	1014.5	1.0	27.7	28.3	78.0	75.0	192.0	349.0	2.4	2.8
2025/07/17 15:40:46	1014.5	1.0	27.7	28.3	78.0	75.0	185.0	343.0	3.0	3.5
2025/07/17 15:40:47	1014.5	1.0	27.7	28.3	77.0	75.0	178.0	338.0	2.9	3.5
2025/07/17 15:40:48	1014.5	1.0	27.7	28.3	77.0	75.0	172.0	334.0	2.3	2.8
2025/07/17 15:40:49	1014.5	1.0	27.7	28.3	77.0	75.0	181.0	341.0	1.9	2.3
2025/07/17 15:40:50	1014.5	1.0	27.7	28.3	77.0	75.0	188.0	347.0	1.8	2.2
2025/07/17 15:40:51	1014.5	1.0	27.7	28.3	77.0	75.0	194.0	352.0	2.0	2.4
2025/07/17 15:40:52	1014.5	1.0	27.7	28.3	77.0	75.0	194.0	352.0	2.3	2.7
2025/07/17 15:40:53	1014.5	1.0	27.7	28.3	77.0	75.0	196.0	354.0	2.5	3.0
2025/07/17 15:40:54	1014.5	1.0	27.7	28.3	78.0	75.0	197.0	355.0	2.4	2.9
2025/07/17 15:40:55	1014.5	1.0	27.7	28.3	78.0	75.0	194.0	353.0	2.1	2.6
2025/07/17 15:40:56	1014.5	1.0	27.7	28.3	78.0	75.0	181.0	343.0	2.0	2.5
2025/07/17 15:40:57	1014.5	1.0	27.7	28.3	78.0	75.0	180.0	343.0	1.9	2.5
2025/07/17 15:40:58	1014.5	1.0	27.7	28.3	78.0	75.0	184.0	345.0	2.5	3.0
2025/07/17 15:40:59	1014.5	1.0	27.7	28.3	77.0	75.0	187.0	348.0	2.5	2.9
2025/07/17 15:41:00	1014.6	1.0	27.7	28.3	77.0	75.0	189.0	349.0	2.6	2.9
2025/07/17 15:41:01	1014.6	1.0	27.7	28.3	77.0	75.0	186.0	346.0	3.0	3.3
2025/07/17 15:41:02	1014.6	1.0	27.7	28.3	77.0	75.0	180.0	341.0	3.0	3.4
2025/07/17 15:41:03	1014.6	1.0	27.7	28.3	77.0	75.0	176.0	338.0	3.2	3.6
2025/07/17 15:41:04	1014.6	1.0	27.7	28.3	77.0	75.0	172.0	336.0	2.9	3.4
2025/07/17 15:41:05	1014.6	1.0	27.7	28.3	77.0	75.0	165.0	332.0	2.4	3.0
2025/07/17 15:41:06	1014.6	1.0	27.7	28.3	77.0	75.0	169.0	335.0	2.4	2.9
2025/07/17 15:41:07	1014.6	1.0	27.7	28.3	77.0	75.0	177.0	341.0	2.4	2.9
2025/07/17 15:41:08	1014.6	1.0	27.7	28.3	77.0	75.0	190.0	352.0	2.6	3.0
2025/07/17 15:41:09	1014.6	1.0	27.7	28.3	77.0	75.0	188.0	350.0	2.9	3.3
2025/07/17 15:41:10	1014.6	1.0	27.7	28.3	78.0	75.0	180.0	343.0	2.9	3.3
2025/07/17 15:41:11	1014.6	1.0	27.7	28.3	78.0	75.0	170.0	335.0	2.8	3.2
2025/07/17 15:41:12	1014.6	1.0	27.7	28.3	78.0	75.0	166.0	332.0	2.8	3.2
2025/07/17 15:41:13	1014.6	1.0	27.7	28.3	77.0	75.0	169.0	334.0	2.9	3.4
2025/07/17 15:41:14	1014.6	1.0	27.7	28.3	77.0	75.0	173.0	339.0	2.7	3.2
2025/07/17 15:41:15	1014.6	1.0	27.7	28.3	77.0	75.0	179.0	344.0	2.9	3.4
2025/07/17 15:41:16	1014.6	1.0	27.7	28.3	77.0	75.0	183.0	347.0	2.9	3.3
2025/07/17 15:41:17	1014.6	1.0	27.7	28.3	77.0	75.0	186.0	350.0	3.0	3.4
2025/07/17 15:41:18	1014.5	1.0	27.7	28.3	77.0	75.0	185.0	349.0	3.2	3.6
2025/07/17 15:41:19	1014.5	1.0	27.7	28.3	77.0	75.0	182.0	347.0	3.6	4.1
2025/07/17 15:41:20	1014.5	1.0	27.7	28.3	77.0	75.0	182.0	347.0	3.5	4.1
2025/07/17 15:41:21	1014.5	1.0	27.7	28.3	77.0	75.0	186.0	351.0	2.9	3.6
2025/07/17 15:41:22	1014.5	1.0	27.7	28.3	77.0	75.0	194.0	357.0	2.6	3.2
2025/07/17 15:41:23	1014.5	1.0	27.7	28.3	77.0	75.0	203.0	5.0	2.7	3.3
2025/07/17 15:41:24	1014.5	1.0	27.7	28.3	77.0	75.0	204.0	6.0	3.1	3.6
2025/07/17 15:41:25	1014.5	1.0	27.7	28.3	77.0	75.0	199.0	2.0	3.5	3.9
2025/07/17 15:41:26	1014.5	1.0	27.7	28.3	77.0	75.0	195.0	359.0	3.3	3.7
2025/07/17 15:41:27	1014.5	1.0	27.7	28.3	77.0	76.0	187.0	352.0	3.1	3.6
2025/07/17 15:41:28	1014.5	1.0	27.7	28.3	77.0	76.0	181.0	348.0	2.7	3.3
2025/07/17 15:41:29	1014.5	1.0	27.7	28.3	78.0	76.0	181.0	348.0	2.4	3.1
2025/07/17 15:41:30	1014.5	1.0	27.7	28.3	78.0	76.0	192.0	357.0	2.5	3.1
2025/07/17 15:41:31	1014.5	1.0	27.7	28.3	78.0	76.0	200.0	4.0	2.6	3.1
2025/07/17 15:41:32	1014.5	1.0	27.7	28.3	78.0	76.0	204.0	8.0	2.7	3.2
2025/07/17 15:41:33	1014.5	1.0	27.7	28.3	78.0	76.0	203.0	7.0	2.8	3.2
2025/07/17 15:41:34	1014.5	1.0	27.7	28.3	77.0	76.0	198.0	3.0	2.5	2.9
2025/07/17 15:41:35	1014.5	1.0	27.7	28.3	77.0	76.0	197.0	2.0	2.5	3.0
2025/07/17 15:41:36	1014.5	1.0	27.7	28.3	77.0	76.0	194.0	359.0	2.6	3.1
2025/07/17 15:41:37	1014.5	1.0	27.7	28.3	78.0	76.0	194.0	360.0	2.3	3.0
2025/07/17 15:41:38	1014.5	1.0	27.7	28.3	78.0	75.0	193.0	359.0	2.4	3.1
2025/07/17 15:41:39	1014.5	1.0	27.7	28.3	77.0	75.0	194.0	360.0	2.2	2.8
2025/07/17 15:41:40	1014.5	1.0	27.7	28.3	77.0	75.0	193.0	360.0	2.0	2.5
2025/07/17 15:41:41	1014.5	1.0	27.7	28.3	77.0	75.0	193.0	360.0	2.1	2.4
2025/07/17 15:41:42	1014.5	1.0	27.7	28.3	77.0	75.0	192.0	359.0	2.2	2.5
2025/07/17 15:41:43	1014.5	1.0	27.7	28.3	77.0	75.0	187.0	354.0	2.5	2.9
2025/07/17 15:41:44	1014.5	1.0	27.7	28.3	77.0	75.0	189.0	356.0	2.5	3.0
2025/07/17 15:41:45	1014.5	1.0	27.7	28.3	77.0	75.0	189.0	356.0	2.1	2.7
2025/07/17 15:41:46	1014.5	1.0	27.7	28.3	77.0	75.0	186.0	355.0	1.6	2.2
2025/07/17 15:41:47	1014.5	1.0	27.7	28.3	77.0	75.0	189.0	357.0	1.4	2.0
2025/07/17 15:41:48	1014.5	1.0	27.7	28.3	77.0	74.0	192.0	360.0	1.5	2.0
2025/07/17 15:41:49	1014.5	1.0	27.7	28.3	77.0	74.0	193.0	360.0	1.9	2.3
2025/07/17 15:41:50	1014.5	1.0	27.7	28.3	77.0	74.0	196.0	2.0	2.2	2.5
2025/07/17 15:41:51	1014.5	1.0	27.7	28.3	77.0	75.0	198.0	4.0	2.2	2.6
2025/07/17 15:41:52	1014.5	1.0	27.7	28.3	77.0	75.0	193.0	360.0	2.1	2.6
2025/07/17 15:41:53	1014.5	1.0	27.7	28.3	77.0	75.0	187.0	355.0	1.9	2.6
2025/07/17 15:41:54	1014.5	1.0	27.7	28.2	77.0	74.0	181.0	352.0	1.7	2.4
2025/07/17 15:41:55	1014.5	1.0	27.7	28.2	77.0	74.0	184.0	353.0	1.6	2.1
2025/07/17 15:41:56	1014.5	1.0	27.7	28.2	77.0	74.0	185.0	354.0	1.8	2.2
2025/07/17 15:41:57	1014.5	1.0	27.7	28.2	77.0	74.0	187.0	355.0	2.2	2.6
2025/07/17 15:41:58	1014.5	1.0	27.7	28.2	77.0	74.0	186.0	354.0	2.2	2.8
2025/07/17 15:41:59	1014.5	1.0	27.7	28.2	77.0	75.0	193.0	360.0	2.1	2.7
2025/07/17 15:42:00	1014.5	1.0	27.7	28.2	77.0	75.0	198.0	4.0	2.0	2.5
2025/07/17 15:42:01	1014.5	1.0	27.7	28.2	77.0	74.0	206.0	11.0	1.9	2.4
2025/07/17 15:42:02	1014.5	1.0	27.7	28.2	77.0	74.0	212.0	15.0	1.8	2.2
2025/07/17 15:42:03	1014.5	1.0	27.7	28.2	77.0	74.0	207.0	11.0	1.5	2.0
2025/07/17 15:42:04	1014.5	1.0	27.7	28.2	77.0	74.0	192.0	360.0	1.4	2.0
2025/07/17 15:42:05	1014.5	1.0	27.7	28.2	77.0	74.0	185.0	355.0	1.6	2.2
2025/07/17 15:42:06	1014.5	1.0	27.7	28.2	77.0	74.0	183.0	353.0	2.0	2.5
2025/07/17 15:42:07	1014.5	1.0	27.7	28.2	77.0	74.0	184.0	353.0	2.2	2.6
2025/07/17 15:42:08	1014.5	1.0	27.7	28.2	77.0	74.0	186.0	355.0	2.2	2.6
2025/07/17 15:42:09	1014.5	1.0	27.7	28.2	77.0	74.0	183.0	352.0	2.0	2.5
2025/07/17 15:42:10	1014.5	1.0	27.7	28.2	77.0	74.0	178.0	349.0	1.8	2.4
2025/07/17 15:42:11	1014.5	1.0	27.7	28.2	77.0	74.0	176.0	349.0	1.4	2.1
2025/07/17 15:42:12	1014.5	1.0	27.7	28.2	77.0	74.0	182.0	353.0	1.6	2.2
2025/07/17 15:42:13	1014.5	1.0	27.7	28.2	77.0	74.0	192.0	360.0	2.1	2.6
2025/07/17 15:42:14	1014.5	1.0	27.7	28.2	77.0	74.0	192.0	360.0	2.3	2.8
2025/07/17 15:42:15	1014.5	1.0	27.7	28.2	77.0	74.0	188.0	357.0	2.7	3.1
2025/07/17 15:42:16	1014.5	1.0	27.7	28.2	77.0	74.0	178.0	348.0	2.5	2.9
2025/07/17 15:42:17	1014.5	1.0	27.7	28.2	77.0	75.0	167.0	339.0	2.1	2.6
2025/07/17 15:42:18	1014.5	1.0	27.7	28.2	77.0	75.0	162.0	338.0	1.8	2.4
2025/07/17 15:42:19	1014.5	1.0	27.7	28.2	77.0	75.0	173.0	345.0	1.9	2.5
2025/07/17 15:42:20	1014.5	1.0	27.7	28.2	77.0	75.0	183.0	352.0	2.2	2.8
2025/07/17 15:42:21	1014.5	1.0	27.7	28.2	77.0	75.0	183.0	351.0	2.5	3.0
2025/07/17 15:42:22	1014.5	1.0	27.7	28.2	77.0	75.0	184.0	353.0	2.6	3.0
2025/07/17 15:42:23	1014.5	1.0	27.7	28.2	77.0	75.0	173.0	343.0	2.4	2.7
2025/07/17 15:42:24	1014.5	1.0	27.7	28.2	77.0	75.0	166.0	338.0	2.3	2.7
2025/07/17 15:42:25	1014.5	1.0	27.7	28.2	77.0	75.0	162.0	334.0	2.5	3.0
2025/07/17 15:42:26	1014.5	1.0	27.7	28.2	77.0	75.0	165.0	337.0	2.7	3.3
2025/07/17 15:42:27	1014.5	1.0	27.7	28.2	77.0	75.0	171.0	342.0	2.7	3.3
2025/07/17 15:42:28	1014.5	1.0	27.7	28.2	77.0	75.0	174.0	345.0	2.3	2.9
2025/07/17 15:42:29	1014.5	1.0	27.7	28.2	77.0	75.0	173.0	345.0	2.0	2.5
2025/07/17 15:42:30	1014.5	1.0	27.7	28.2	77.0	75.0	163.0	336.0	1.9	2.3
2025/07/17 15:42:31	1014.5	1.0	27.7	28.2	77.0	75.0	169.0	339.0	2.2	2.5
2025/07/17 15:42:32	1014.5	1.0	27.7	28.2	77.0	75.0	174.0	344.0	2.6	3.0
2025/07/17 15:42:33	1014.5	1.0	27.7	28.2	77.0	75.0	172.0	342.0	2.7	3.2
2025/07/17 15:42:34	1014.5	1.0	27.7	28.2	77.0	75.0	171.0	341.0	2.5	3.0
2025/07/17 15:42:35	1014.5	1.0	27.7	28.2	77.0	75.0	169.0	340.0	2.1	2.6
2025/07/17 15:42:36	1014.5	1.0	27.7	28.2	77.0	75.0	169.0	342.0	1.7	2.3
2025/07/17 15:42:37	1014.5	1.0	27.7	28.2	77.0	75.0	167.0	341.0	1.7	2.3
2025/07/17 15:42:38	1014.5	1.0	27.7	28.2	77.0	75.0	165.0	338.0	2.0	2.5
2025/07/17 15:42:39	1014.5	1.0	27.7	28.2	77.0	75.0	175.0	344.0	2.5	2.9
2025/07/17 15:42:40	1014.5	1.0	27.7	28.2	77.0	75.0	179.0	347.0	2.7	3.0
2025/07/17 15:42:41	1014.5	1.0	27.7	28.2	77.0	75.0	179.0	346.0	2.9	3.3
2025/07/17 15:42:42	1014.5	1.0	27.7	28.2	77.0	75.0	165.0	336.0	2.6	3.1
2025/07/17 15:42:43	1014.5	1.0	27.7	28.2	77.0	75.0	156.0	330.0	2.1	2.7
2025/07/17 15:42:44	1014.5	1.0	27.7	28.2	77.0	75.0	157.0	332.0	1.8	2.4
2025/07/17 15:42:45	1014.5	1.0	27.7	28.2	77.0	75.0	163.0	336.0	1.8	2.3
2025/07/17 15:42:46	1014.5	1.0	27.7	28.2	77.0	75.0	174.0	342.0	2.4	2.7
2025/07/17 15:42:47	1014.5	1.0	27.7	28.2	77.0	75.0	178.0	345.0	2.8	3.1
2025/07/17 15:42:48	1014.5	1.0	27.7	28.2	77.0	75.0	176.0	343.0	3.0	3.4
2025/07/17 15:42:49	1014.5	1.0	27.7	28.2	77.0	75.0	183.0	349.0	3.0	3.5
2025/07/17 15:42:50	1014.5	1.0	27.7	28.2	77.0	75.0	186.0	352.0	2.6	3.2
2025/07/17 15:42:51	1014.5	1.0	27.7	28.2	77.0	75.0	192.0	357.0	2.0	2.6
2025/07/17 15:42:52	1014.5	1.0	27.7	28.2	77.0	75.0	183.0	350.0	2.1	2.7
2025/07/17 15:42:53	1014.5	1.0	27.7	28.2	77.0	75.0	180.0	347.0	2.2	2.7
2025/07/17 15:42:54	1014.5	1.0	27.7	28.2	77.0	75.0	169.0	338.0	2.3	2.8
2025/07/17 15:42:55	1014.5	1.0	27.7	28.2	77.0	75.0	164.0	333.0	2.8	3.3
2025/07/17 15:42:56	1014.5	1.0	27.7	28.2	77.0	75.0	168.0	336.0	2.8	3.3
2025/07/17 15:42:57	1014.5	1.0	27.7	28.2	77.0	75.0	172.0	339.0	2.5	3.0
2025/07/17 15:42:58	1014.5	1.0	27.7	28.2	77.0	75.0	171.0	338.0	2.3	2.7
2025/07/17 15:42:59	1014.5	1.0	27.7	28.2	77.0	75.0	164.0	332.0	2.1	2.5
2025/07/17 15:43:00	1014.5	1.0	27.7	28.2	77.0	75.0	164.0	332.0	2.5	2.9
2025/07/17 15:43:01	1014.5	1.0	27.7	28.2	77.0	75.0	164.0	332.0	2.8	3.2
2025/07/17 15:43:02	1014.5	1.0	27.7	28.2	77.0	75.0	167.0	334.0	2.9	3.4
2025/07/17 15:43:03	1014.5	1.0	27.7	28.2	77.0	75.0	163.0	331.0	2.7	3.2
2025/07/17 15:43:04	1014.5	1.0	27.7	28.2	77.0	75.0	161.0	330.0	2.7	3.1
2025/07/17 15:43:05	1014.5	1.0	27.7	28.2	77.0	75.0	163.0	330.0	2.8	3.2
2025/07/17 15:43:06	1014.5	1.0	27.7	28.2	77.0	75.0	165.0	332.0	2.8	3.2
2025/07/17 15:43:07	1014.5	1.0	27.7	28.2	77.0	75.0	165.0	331.0	2.7	3.1
2025/07/17 15:43:08	1014.5	1.0	27.7	28.2	77.0	75.0	168.0	334.0	2.4	2.8
2025/07/17 15:43:09	1014.5	1.0	27.7	28.2	77.0	75.0	173.0	338.0	2.3	2.8
2025/07/17 15:43:10	1014.5	1.0	27.7	28.2	77.0	75.0	174.0	339.0	2.5	3.0
2025/07/17 15:43:11	1014.5	1.0	27.7	28.2	77.0	75.0	174.0	339.0	2.5	3.0
2025/07/17 15:43:12	1014.5	1.0	27.7	28.3	77.0	75.0	175.0	340.0	2.5	2.9
2025/07/17 15:43:13	1014.5	1.0	27.7	28.3	77.0	75.0	172.0	337.0	2.5	2.9
2025/07/17 15:43:14	1014.5	1.0	27.7	28.3	77.0	75.0	165.0	330.0	2.6	2.9
2025/07/17 15:43:15	1014.5	1.0	27.7	28.3	77.0	75.0	166.0	330.0	2.8	3.1
2025/07/17 15:43:16	1014.5	1.0	27.7	28.3	77.0	75.0	168.0	332.0	3.1	3.5
2025/07/17 15:43:17	1014.5	1.0	27.7	28.3	77.0	75.0	172.0	335.0	3.2	3.7
2025/07/17 15:43:18	1014.5	1.0	27.7	28.3	77.0	75.0	171.0	334.0	3.0	3.5
2025/07/17 15:43:19	1014.5	1.0	27.7	28.3	77.0	75.0	166.0	331.0	2.4	2.9
2025/07/17 15:43:20	1014.5	1.0	27.7	28.3	77.0	75.0	161.0	327.0	2.0	2.4
2025/07/17 15:43:21	1014.5	1.0	27.7	28.3	77.0	75.0	164.0	327.0	2.1	2.4
2025/07/17 15:43:22	1014.5	1.0	27.7	28.3	77.0	75.0	168.0	331.0	2.5	2.9
2025/07/17 15:43:23	1014.5	1.0	27.7	28.3	77.0	75.0	172.0	333.0	3.0	3.4
2025/07/17 15:43:24	1014.5	1.0	27.7	28.3	77.0	75.0	172.0	334.0	2.8	3.3
2025/07/17 15:43:25	1014.5	1.0	27.7	28.3	77.0	74.0	171.0	333.0	2.5	2.9
2025/07/17 15:43:26	1014.5	1.0	27.7	28.3	77.0	74.0	169.0	331.0	2.2	2.6
2025/07/17 15:43:27	1014.5	1.0	27.6	28.3	77.0	74.0	170.0	333.0	2.2	2.6
2025/07/17 15:43:28	1014.5	1.0	27.6	28.3	77.0	74.0	171.0	333.0	2.3	2.7
2025/07/17 15:43:29	1014.5	1.0	27.7	28.3	77.0	74.0	168.0	328.0	2.6	2.9
2025/07/17 15:43:30	1014.5	1.0	27.7	28.3	77.0	74.0	164.0	324.0	2.7	3.0
2025/07/17 15:43:31	1014.5	1.0	27.7	28.3	77.0	75.0	162.0	323.0	2.7	3.1
2025/07/17 15:43:32	1014.5	1.0	27.6	28.3	77.0	75.0	164.0	326.0	2.4	2.9
2025/07/17 15:43:33	1014.5	1.0	27.6	28.3	77.0	75.0	166.0	328.0	2.2	2.6
2025/07/17 15:43:34	1014.5	1.0	27.6	28.3	77.0	75.0	169.0	328.0	2.2	2.5
2025/07/17 15:43:35	1014.5	1.0	27.6	28.3	77.0	75.0	170.0	327.0	2.3	2.6
2025/07/17 15:43:36	1014.5	1.0	27.6	28.3	77.0	74.0	167.0	325.0	2.6	2.9
2025/07/17 15:43:37	1014.5	1.0	27.6	28.3	77.0	74.0	164.0	324.0	2.6	3.0
2025/07/17 15:43:38	1014.5	1.0	27.6	28.3	77.0	74.0	156.0	319.0	2.4	2.9
2025/07/17 15:43:39	1014.5	1.0	27.6	28.3	77.0	74.0	150.0	315.0	2.2	2.6
2025/07/17 15:43:40	1014.5	1.0	27.6	28.3	77.0	74.0	156.0	318.0	2.0	2.4
2025/07/17 15:43:41	1014.5	1.0	27.6	28.3	77.0	74.0	169.0	325.0	2.2	2.4
2025/07/17 15:43:42	1014.5	1.0	27.6	28.3	77.0	74.0	172.0	327.0	2.6	2.8
2025/07/17 15:43:43	1014.5	1.0	27.6	28.3	77.0	74.0	169.0	323.0	2.8	3.0
2025/07/17 15:43:44	1014.5	1.0	27.6	28.3	77.0	74.0	159.0	317.0	2.7	3.0
2025/07/17 15:43:45	1014.5	1.0	27.6	28.3	77.0	74.0	148.0	311.0	2.4	2.8
2025/07/17 15:43:46	1014.5	1.0	27.6	28.3	77.0	74.0	147.0	311.0	2.2	2.6
2025/07/17 15:43:47	1014.5	1.0	27.6	28.2	77.0	74.0	152.0	316.0	2.1	2.5
2025/07/17 15:43:48	1014.5	1.0	27.6	28.2	77.0	74.0	167.0	323.0	2.2	2.6
2025/07/17 15:43:49	1014.5	1.0	27.6	28.2	77.0	74.0	173.0	328.0	2.3	2.6
2025/07/17 15:43:50	1014.5	1.0	27.6	28.2	77.0	74.0	172.0	327.0	2.2	2.5
2025/07/17 15:43:51	1014.5	1.0	27.6	28.2	77.0	74.0	164.0	321.0	2.1	2.4
2025/07/17 15:43:52	1014.5	1.0	27.6	28.2	77.0	74.0	156.0	314.0	2.2	2.5
2025/07/17 15:43:53	1014.5	1.0	27.6	28.2	77.0	74.0	155.0	313.0	2.5	2.8
2025/07/17 15:43:54	1014.5	1.0	27.6	28.2	77.0	74.0	162.0	317.0	2.6	2.9
2025/07/17 15:43:55	1014.5	1.0	27.6	28.2	77.0	74.0	167.0	320.0	2.6	2.9
2025/07/17 15:43:56	1014.5	1.0	27.6	28.2	77.0	74.0	165.0	318.0	2.6	2.9
2025/07/17 15:43:57	1014.5	1.0	27.6	28.2	77.0	74.0	160.0	314.0	2.5	2.8
2025/07/17 15:43:58	1014.5	1.0	27.6	28.2	77.0	74.0	156.0	311.0	2.5	2.8
2025/07/17 15:43:59	1014.5	1.0	27.6	28.2	77.0	74.0	155.0	311.0	2.5	2.8
2025/07/17 15:44:00	1014.5	1.0	27.6	28.2	77.0	74.0	157.0	314.0	2.3	2.7
2025/07/17 15:44:01	1014.5	1.0	27.6	28.2	77.0	74.0	159.0	316.0	2.2	2.6
2025/07/17 15:44:02	1014.5	1.0	27.6	28.2	77.0	74.0	160.0	315.0	2.3	2.6
2025/07/17 15:44:03	1014.5	1.0	27.6	28.2	77.0	74.0	161.0	317.0	2.2	2.5
2025/07/17 15:44:04	1014.5	1.0	27.6	28.2	77.0	74.0	166.0	320.0	2.0	2.3
2025/07/17 15:44:05	1014.5	1.0	27.6	28.2	77.0	74.0	169.0	322.0	2.1	2.4
2025/07/17 15:44:06	1014.5	1.0	27.6	28.2	77.0	74.0	169.0	320.0	2.4	2.7
2025/07/17 15:44:07	1014.5	1.0	27.6	28.2	77.0	74.0	165.0	316.0	2.7	3.0
2025/07/17 15:44:08	1014.5	1.0	27.6	28.2	76.0	74.0	158.0	310.0	2.8	3.1
2025/07/17 15:44:09	1014.5	1.0	27.6	28.2	76.0	74.0	152.0	305.0	2.6	2.8
2025/07/17 15:44:10	1014.5	1.0	27.6	28.2	76.0	74.0	151.0	304.0	2.5	2.7
2025/07/17 15:44:11	1014.5	1.0	27.6	28.2	77.0	74.0	158.0	311.0	2.5	2.8
2025/07/17 15:44:12	1014.5	1.0	27.6	28.1	77.0	74.0	167.0	319.0	2.6	3.0
2025/07/17 15:44:13	1014.5	1.0	27.6	28.1	77.0	74.0	171.0	323.0	2.4	2.9
2025/07/17 15:44:14	1014.5	1.0	27.6	28.1	77.0	74.0	170.0	322.0	2.1	2.5
2025/07/17 15:44:15	1014.5	1.0	27.6	28.1	77.0	74.0	167.0	319.0	1.8	2.1
2025/07/17 15:44:16	1014.5	1.0	27.6	28.1	77.0	74.0	161.0	312.0	1.8	2.0
2025/07/17 15:44:17	1014.5	1.0	27.6	28.1	77.0	74.0	162.0	311.0	2.2	2.4
2025/07/17 15:44:18	1014.5	1.0	27.6	28.1	77.0	74.0	166.0	314.0	2.6	2.8
2025/07/17 15:44:19	1014.5	1.0	27.6	28.1	77.0	74.0	166.0	316.0	2.7	3.1
2025/07/17 15:44:20	1014.5	1.0	27.6	28.1	77.0	74.0	163.0	314.0	2.6	3.0
2025/07/17 15:44:21	1014.5	1.0	27.6	28.1	77.0	74.0	162.0	312.0	2.4	2.7
2025/07/17 15:44:22	1014.5	1.0	27.6	28.1	77.0	74.0	163.0	311.0	2.4	2.6
2025/07/17 15:44:23	1014.5	1.0	27.6	28.1	77.0	74.0	161.0	309.0	2.5	2.7
2025/07/17 15:44:24	1014.5	1.0	27.6	28.1	76.0	74.0	156.0	304.0	2.6	2.8
2025/07/17 15:44:25	1014.5	1.0	27.6	28.1	76.0	74.0	157.0	307.0	2.4	2.7
2025/07/17 15:44:26	1014.5	1.0	27.6	28.1	76.0	74.0	161.0	313.0	2.1	2.4
2025/07/17 15:44:27	1014.5	1.0	27.6	28.1	77.0	74.0	168.0	318.0	1.8	2.1
2025/07/17 15:44:28	1014.5	1.0	27.6	28.1	77.0	74.0	168.0	316.0	1.9	2.1
2025/07/17 15:44:29	1014.5	1.0	27.6	28.1	77.0	74.0	174.0	314.0	2.5	2.5
2025/07/17 15:44:30	1014.5	1.0	27.6	28.1	76.0	74.0	166.0	310.0	2.7	2.9
2025/07/17 15:44:31	1014.5	1.0	27.6	28.1	76.0	74.0	157.0	304.0	3.0	3.2
2025/07/17 15:44:32	1014.5	1.0	27.6	28.1	77.0	74.0	150.0	300.0	3.1	3.4
2025/07/17 15:44:33	1014.5	1.0	27.6	28.1	77.0	74.0	146.0	298.0	2.9	3.2
2025/07/17 15:44:34	1014.5	1.0	27.6	28.1	77.0	74.0	148.0	300.0	2.4	2.7
2025/07/17 15:44:35	1014.5	1.0	27.6	28.1	76.0	74.0	160.0	307.0	2.0	2.2
2025/07/17 15:44:36	1014.5	1.0	27.6	28.1	76.0	75.0	172.0	311.0	2.1	2.1
2025/07/17 15:44:37	1014.5	1.0	27.6	28.1	76.0	75.0	172.0	316.0	1.9	2.1
2025/07/17 15:44:38	1014.5	1.0	27.6	28.1	76.0	75.0	171.0	317.0	2.0	2.2
2025/07/17 15:44:39	1014.5	1.0	27.6	28.1	76.0	75.0	170.0	317.0	2.1	2.4
2025/07/17 15:44:40	1014.5	1.0	27.6	28.1	77.0	75.0	166.0	313.0	2.2	2.5
2025/07/17 15:44:41	1014.5	1.0	27.6	28.1	77.0	75.0	160.0	307.0	2.5	2.8
2025/07/17 15:44:42	1014.5	1.0	27.6	28.0	77.0	74.0	152.0	302.0	2.5	2.8
2025/07/17 15:44:43	1014.5	1.0	27.6	28.0	77.0	74.0	144.0	296.0	2.6	2.8
2025/07/17 15:44:44	1014.5	1.0	27.6	28.0	77.0	75.0	146.0	298.0	2.5	2.7
2025/07/17 15:44:45	1014.5	1.0	27.6	28.0	77.0	75.0	157.0	306.0	2.2	2.5
2025/07/17 15:44:46	1014.5	1.0	27.6	28.0	76.0	75.0	172.0	318.0	2.0	2.3
2025/07/17 15:44:47	1014.5	1.0	27.6	28.0	76.0	75.0	174.0	318.0	1.9	2.1
2025/07/17 15:44:48	1014.5	1.0	27.6	28.0	76.0	75.0	169.0	314.0	1.9	2.1
2025/07/17 15:44:49	1014.5	1.0	27.6	28.0	76.0	75.0	162.0	309.0	2.0	2.2
2025/07/17 15:44:50	1014.5	1.0	27.6	28.0	76.0	75.0	157.0	304.0	2.3	2.5
2025/07/17 15:44:51	1014.5	1.0	27.6	28.0	77.0	75.0	153.0	300.0	2.5	2.7
2025/07/17 15:44:52	1014.5	1.0	27.6	28.0	77.0	75.0	151.0	300.0	2.5	2.7
2025/07/17 15:44:53	1014.5	1.0	27.6	28.0	77.0	75.0	158.0	307.0	2.2	2.5
2025/07/17 15:44:54	1014.5	1.0	27.6	28.0	77.0	75.0	168.0	317.0	2.0	2.3
2025/07/17 15:44:55	1014.5	1.0	27.6	28.0	77.0	74.0	168.0	317.0	1.9	2.2
2025/07/17 15:44:56	1014.5	1.0	27.7	28.0	77.0	74.0	161.0	312.0	1.9	2.2
2025/07/17 15:44:57	1014.5	1.0	27.7	28.0	77.0	75.0	156.0	305.0	2.2	2.4
2025/07/17 15:44:58	1014.5	1.0	27.7	28.0	76.0	75.0	158.0	305.0	2.4	2.6
2025/07/17 15:44:59	1014.5	1.0	27.7	28.0	76.0	75.0	167.0	312.0	2.3	2.5
2025/07/17 15:45:00	1014.5	1.0	27.7	28.0	76.0	75.0	177.0	320.0	2.2	2.5
2025/07/17 15:45:01	1014.5	1.0	27.7	28.0	76.0	75.0	179.0	323.0	2.1	2.4
2025/07/17 15:45:02	1014.5	1.0	27.7	28.0	76.0	75.0	167.0	315.0	1.8	2.1
2025/07/17 15:45:03	1014.5	1.0	27.7	28.0	76.0	75.0	155.0	307.0	1.8	2.1
2025/07/17 15:45:04	1014.5	1.0	27.7	28.0	76.0	75.0	153.0	305.0	2.0	2.3
2025/07/17 15:45:05	1014.5	1.0	27.7	28.0	76.0	75.0	157.0	307.0	2.3	2.6
2025/07/17 15:45:06	1014.5	1.0	27.7	28.0	77.0	75.0	165.0	312.0	2.5	2.8
2025/07/17 15:45:07	1014.5	1.0	27.7	28.0	77.0	75.0	172.0	317.0	2.3	2.6
2025/07/17 15:45:08	1014.5	1.0	27.7	28.0	77.0	75.0	178.0	321.0	2.2	2.5
2025/07/17 15:45:09	1014.5	1.0	27.7	28.0	77.0	75.0	174.0	317.0	2.3	2.5
2025/07/17 15:45:10	1014.5	1.0	27.7	28.0	77.0	75.0	170.0	314.0	2.2	2.4
2025/07/17 15:45:11	1014.5	1.0	27.7	28.0	76.0	75.0	168.0	315.0	2.1	2.4
2025/07/17 15:45:12	1014.5	1.0	27.7	28.0	76.0	75.0	169.0	317.0	2.1	2.5
2025/07/17 15:45:13	1014.5	1.0	27.7	28.0	76.0	75.0	165.0	315.0	2.1	2.5
2025/07/17 15:45:14	1014.5	1.0	27.7	28.0	77.0	75.0	169.0	315.0	2.7	3.0
2025/07/17 15:45:15	1014.5	1.0	27.7	28.1	77.0	75.0	169.0	314.0	2.6	2.9
2025/07/17 15:45:16	1014.5	1.0	27.7	28.1	77.0	75.0	172.0	316.0	2.8	3.1
2025/07/17 15:45:17	1014.5	1.0	27.7	28.1	77.0	75.0	170.0	315.0	2.7	3.0
2025/07/17 15:45:18	1014.5	1.0	27.7	28.1	77.0	75.0	169.0	314.0	2.4	2.7
2025/07/17 15:45:19	1014.5	1.0	27.7	28.1	77.0	75.0	164.0	309.0	2.4	2.6
2025/07/17 15:45:20	1014.5	1.0	27.7	28.1	77.0	75.0	164.0	310.0	2.5	2.8
2025/07/17 15:45:21	1014.5	1.0	27.7	28.1	77.0	76.0	166.0	312.0	2.7	3.0
2025/07/17 15:45:22	1014.5	1.0	27.7	28.1	76.0	76.0	171.0	314.0	3.2	3.5
2025/07/17 15:45:23	1014.5	1.0	27.7	28.1	76.0	75.0	172.0	316.0	3.3	3.6
2025/07/17 15:45:24	1014.5	1.0	27.7	28.1	76.0	75.0	165.0	311.0	3.1	3.4
2025/07/17 15:45:25	1014.5	1.0	27.7	28.1	77.0	75.0	160.0	307.0	2.7	3.0
2025/07/17 15:45:26	1014.5	1.0	27.7	28.1	77.0	75.0	156.0	301.0	2.6	2.8
2025/07/17 15:45:27	1014.5	1.0	27.7	28.1	77.0	75.0	165.0	307.0	2.9	3.1
2025/07/17 15:45:28	1014.5	1.0	27.7	28.1	77.0	75.0	169.0	313.0	2.9	3.2
2025/07/17 15:45:29	1014.5	1.0	27.7	28.1	77.0	75.0	167.0	312.0	3.2	3.5
2025/07/17 15:45:30	1014.5	1.0	27.7	28.1	77.0	75.0	170.0	315.0	3.2	3.6
2025/07/17 15:45:31	1014.5	1.0	27.7	28.1	77.0	75.0	175.0	320.0	3.0	3.4
2025/07/17 15:45:32	1014.5	1.0	27.7	28.1	77.0	75.0	180.0	323.0	2.9	3.2
2025/07/17 15:45:33	1014.5	1.0	27.7	28.1	77.0	75.0	192.0	333.0	2.8	3.1
2025/07/17 15:45:34	1014.5	1.0	27.7	28.1	77.0	75.0	171.0	313.0	3.3	3.5
2025/07/17 15:45:35	1014.5	1.0	27.7	28.1	77.0	75.0	171.0	313.0	3.8	4.0
2025/07/17 15:45:36	1014.5	1.0	27.7	28.1	77.0	75.0	173.0	315.0	4.2	4.4
2025/07/17 15:45:37	1014.5	1.0	27.7	28.1	77.0	75.0	174.0	317.0	3.7	4.0
2025/07/17 15:45:38	1014.5	1.0	27.7	28.1	77.0	75.0	169.0	315.0	3.2	3.6
2025/07/17 15:45:39	1014.5	1.0	27.7	28.1	77.0	75.0	170.0	317.0	2.7	3.2
2025/07/17 15:45:40	1014.5	1.0	27.7	28.1	77.0	75.0	176.0	322.0	2.5	2.9
2025/07/17 15:45:41	1014.5	1.0	27.7	28.1	77.0	75.0	179.0	322.0	2.6	2.9
2025/07/17 15:45:42	1014.5	1.0	27.7	28.1	77.0	75.0	180.0	318.0	3.1	3.1
2025/07/17 15:45:43	1014.5	1.0	27.7	28.1	77.0	75.0	175.0	317.0	3.2	3.4
2025/07/17 15:45:44	1014.5	1.0	27.7	28.1	77.0	75.0	167.0	313.0	3.1	3.4
2025/07/17 15:45:45	1014.5	1.0	27.7	28.1	77.0	75.0	165.0	314.0	2.6	3.0
2025/07/17 15:45:46	1014.5	1.0	27.7	28.1	77.0	75.0	180.0	326.0	2.2	2.6
2025/07/17 15:45:47	1014.5	1.0	27.7	28.1	77.0	75.0	185.0	328.0	1.9	2.2
2025/07/17 15:45:48	1014.5	1.0	27.7	28.1	77.0	75.0	192.0	331.0	2.2	2.2
2025/07/17 15:45:49	1014.5	1.0	27.7	28.1	77.0	75.0	191.0	330.0	3.0	3.0
2025/07/17 15:45:50	1014.5	1.0	27.7	28.1	77.0	75.0	184.0	327.0	3.3	3.6
2025/07/17 15:45:51	1014.5	1.0	27.7	28.1	77.0	75.0	175.0	321.0	3.1	3.5
2025/07/17 15:45:52	1014.5	1.0	27.7	28.1	77.0	75.0	164.0	315.0	2.5	3.0
2025/07/17 15:45:53	1014.5	1.0	27.7	28.1	77.0	75.0	171.0	319.0	2.3	2.7
2025/07/17 15:45:54	1014.5	1.0	27.7	28.1	77.0	75.0	185.0	327.0	2.5	2.7
2025/07/17 15:45:55	1014.5	1.0	27.7	28.1	77.0	75.0	201.0	342.0	2.8	3.0
2025/07/17 15:45:56	1014.5	1.0	27.7	28.1	77.0	75.0	210.0	349.0	3.1	3.1
2025/07/17 15:45:57	1014.5	1.0	27.7	28.1	77.0	75.0	204.0	345.0	2.7	2.9
2025/07/17 15:45:58	1014.5	1.0	27.7	28.1	77.0	75.0	191.0	334.0	2.3	2.6
2025/07/17 15:45:59	1014.5	1.0	27.7	28.1	77.0	75.0	179.0	327.0	1.9	2.3
2025/07/17 15:46:00	1014.5	1.0	27.7	28.1	77.0	75.0	185.0	331.0	2.3	2.7
2025/07/17 15:46:01	1014.5	1.0	27.7	28.1	77.0	75.0	190.0	335.0	2.5	3.0
2025/07/17 15:46:02	1014.5	1.0	27.7	28.1	77.0	75.0	190.0	335.0	2.8	3.2
2025/07/17 15:46:03	1014.5	1.0	27.7	28.1	77.0	75.0	194.0	338.0	2.8	3.2
2025/07/17 15:46:04	1014.5	1.0	27.7	28.1	77.0	75.0	195.0	338.0	2.7	3.1
2025/07/17 15:46:05	1014.5	1.0	27.7	28.2	77.0	75.0	191.0	335.0	2.6	3.0
2025/07/17 15:46:06	1014.5	1.0	27.7	28.2	77.0	75.0	184.0	331.0	2.5	2.9
2025/07/17 15:46:07	1014.5	1.0	27.7	28.2	77.0	75.0	182.0	329.0	2.4	2.8
2025/07/17 15:46:08	1014.5	1.0	27.7	28.2	77.0	75.0	186.0	333.0	2.0	2.4
2025/07/17 15:46:09	1014.5	1.0	27.7	28.2	77.0	75.0	198.0	342.0	1.9	2.3
2025/07/17 15:46:10	1014.5	1.0	27.7	28.2	77.0	75.0	205.0	347.0	2.2	2.5
2025/07/17 15:46:11	1014.5	1.0	27.7	28.2	77.0	75.0	202.0	344.0	2.4	2.6
2025/07/17 15:46:12	1014.5	1.0	27.7	28.2	77.0	75.0	193.0	337.0	2.3	2.6
2025/07/17 15:46:13	1014.5	1.0	27.7	28.2	77.0	75.0	184.0	331.0	2.1	2.6
2025/07/17 15:46:14	1014.5	1.0	27.7	28.2	77.0	75.0	182.0	332.0	1.8	2.3
2025/07/17 15:46:15	1014.5	1.0	27.7	28.2	77.0	75.0	187.0	334.0	1.8	2.2
2025/07/17 15:46:16	1014.5	1.0	27.7	28.2	77.0	74.0	186.0	331.0	2.0	2.3
2025/07/17 15:46:17	1014.5	1.0	27.7	28.2	77.0	74.0	185.0	329.0	2.3	2.6
2025/07/17 15:46:18	1014.5	1.0	27.7	28.2	77.0	74.0	185.0	331.0	2.3	2.7
2025/07/17 15:46:19	1014.5	1.0	27.7	28.2	77.0	74.0	188.0	336.0	1.9	2.5
2025/07/17 15:46:20	1014.5	1.0	27.7	28.2	77.0	74.0	198.0	345.0	1.5	2.2
2025/07/17 15:46:21	1014.5	1.0	27.7	28.2	77.0	74.0	209.0	352.0	1.6	2.1
2025/07/17 15:46:22	1014.5	1.0	27.7	28.2	77.0	74.0	209.0	349.0	2.2	2.2
2025/07/17 15:46:23	1014.5	1.0	27.7	28.2	77.0	74.0	202.0	342.0	2.5	2.5
2025/07/17 15:46:24	1014.5	1.0	27.7	28.2	77.0	74.0	192.0	334.0	2.3	2.6
2025/07/17 15:46:25	1014.5	1.0	27.7	28.2	77.0	74.0	181.0	328.0	2.1	2.6
2025/07/17 15:46:26	1014.5	1.0	27.7	28.2	77.0	74.0	176.0	326.0	2.0	2.6
2025/07/17 15:46:27	1014.5	1.0	27.7	28.2	77.0	74.0	183.0	331.0	2.2	2.8
2025/07/17 15:46:28	1014.5	1.0	27.7	28.2	76.0	74.0	193.0	338.0	2.2	2.8
2025/07/17 15:46:29	1014.5	1.0	27.7	28.2	76.0	74.0	199.0	343.0	2.3	2.7
2025/07/17 15:46:30	1014.5	1.0	27.7	28.2	77.0	74.0	203.0	345.0	2.2	2.5
2025/07/17 15:46:31	1014.5	1.0	27.7	28.2	77.0	74.0	196.0	339.0	2.0	2.3
2025/07/17 15:46:32	1014.5	1.0	27.7	28.2	77.0	74.0	190.0	334.0	2.1	2.4
2025/07/17 15:46:33	1014.5	1.0	27.7	28.2	77.0	74.0	191.0	336.0	2.3	2.8
2025/07/17 15:46:34	1014.5	1.0	27.7	28.2	77.0	74.0	192.0	338.0	2.2	2.8
2025/07/17 15:46:35	1014.5	1.0	27.7	28.2	77.0	74.0	193.0	341.0	1.6	2.3
2025/07/17 15:46:36	1014.5	1.0	27.7	28.2	77.0	74.0	196.0	343.0	1.4	1.9
2025/07/17 15:46:37	1014.5	1.0	27.7	28.2	77.0	74.0	202.0	344.0	1.6	1.9
2025/07/17 15:46:38	1014.5	1.0	27.7	28.2	77.0	74.0	205.0	346.0	2.2	2.5
2025/07/17 15:46:39	1014.5	1.0	27.7	28.2	77.0	74.0	201.0	344.0	2.5	2.9
2025/07/17 15:46:40	1014.5	1.0	27.7	28.2	77.0	74.0	190.0	336.0	2.2	2.8
2025/07/17 15:46:41	1014.5	1.0	27.7	28.2	76.0	74.0	180.0	330.0	1.9	2.4
2025/07/17 15:46:42	1014.5	1.0	27.7	28.2	76.0	74.0	173.0	322.0	1.7	2.1
2025/07/17 15:46:43	1014.5	1.0	27.7	28.2	76.0	74.0	181.0	329.0	1.9	2.3
2025/07/17 15:46:44	1014.5	1.0	27.7	28.2	77.0	74.0	194.0	338.0	2.4	2.8
2025/07/17 15:46:45	1014.5	1.0	27.7	28.2	77.0	74.0	199.0	341.0	2.8	3.2
2025/07/17 15:46:46	1014.5	1.0	27.7	28.2	76.0	74.0	199.0	342.0	2.6	3.1
2025/07/17 15:46:47	1014.5	1.0	27.7	28.2	76.0	74.0	203.0	346.0	2.0	2.6
2025/07/17 15:46:48	1014.5	1.0	27.7	28.2	76.0	74.0	201.0	346.0	1.5	2.0
2025/07/17 15:46:49	1014.5	1.0	27.7	28.2	76.0	74.0	198.0	343.0	1.5	2.0
2025/07/17 15:46:50	1014.5	1.0	27.7	28.2	76.0	74.0	191.0	335.0	2.0	2.4
2025/07/17 15:46:51	1014.5	1.0	27.7	28.2	76.0	74.0	188.0	332.0	2.6	3.0
2025/07/17 15:46:52	1014.5	1.0	27.7	28.2	76.0	74.0	189.0	333.0	2.9	3.3
2025/07/17 15:46:53	1014.5	1.0	27.7	28.2	76.0	74.0	192.0	337.0	2.5	3.1
2025/07/17 15:46:54	1014.5	1.0	27.7	28.2	76.0	74.0	191.0	337.0	2.1	2.7
2025/07/17 15:46:55	1014.5	1.0	27.7	28.2	76.0	74.0	193.0	338.0	2.0	2.5
2025/07/17 15:46:56	1014.5	1.0	27.7	28.2	76.0	74.0	191.0	336.0	2.2	2.6
2025/07/17 15:46:57	1014.5	1.0	27.7	28.2	76.0	74.0	186.0	332.0	2.3	2.8
2025/07/17 15:46:58	1014.5	1.0	27.7	28.3	76.0	74.0	180.0	328.0	2.6	3.1
2025/07/17 15:46:59	1014.5	1.0	27.7	28.3	76.0	74.0	176.0	324.0	2.6	3.1
2025/07/17 15:47:00	1014.5	1.0	27.7	28.3	76.0	74.0	184.0	330.0	2.6	3.1
2025/07/17 15:47:01	1014.5	1.0	27.7	28.3	76.0	74.0	197.0	341.0	2.2	2.7
2025/07/17 15:47:02	1014.5	1.0	27.7	28.3	76.0	74.0	210.0	351.0	2.2	2.7
2025/07/17 15:47:03	1014.5	1.0	27.7	28.3	76.0	74.0	208.0	350.0	2.0	2.5
2025/07/17 15:47:04	1014.5	1.0	27.7	28.3	76.0	74.0	199.0	342.0	1.9	2.3
2025/07/17 15:47:05	1014.5	1.0	27.7	28.3	76.0	74.0	180.0	327.0	2.1	2.4
2025/07/17 15:47:06	1014.5	1.0	27.7	28.3	76.0	74.0	171.0	318.0	2.7	3.0
2025/07/17 15:47:07	1014.5	1.0	27.7	28.3	76.0	74.0	165.0	313.0	3.0	3.4
2025/07/17 15:47:08	1014.5	1.0	27.7	28.3	76.0	74.0	166.0	314.0	3.1	3.5
2025/07/17 15:47:09	1014.5	1.0	27.7	28.3	76.0	74.0	165.0	316.0	2.6	3.1
2025/07/17 15:47:10	1014.5	1.0	27.7	28.3	76.0	74.0	159.0	315.0	2.1	2.6
2025/07/17 15:47:11	1014.5	1.0	27.7	28.3	76.0	74.0	156.0	314.0	1.7	2.1
2025/07/17 15:47:12	1014.5	1.0	27.7	28.3	76.0	74.0	162.0	318.0	1.3	1.6
2025/07/17 15:47:13	1014.5	1.0	27.7	28.3	76.0	74.0	182.0	327.0	1.5	1.7
2025/07/17 15:47:14	1014.5	1.0	27.7	28.3	76.0	74.0	198.0	337.0	2.2	2.2
2025/07/17 15:47:15	1014.5	1.0	27.7	28.3	76.0	74.0	203.0	343.0	2.9	2.9
2025/07/17 15:47:16	1014.5	1.0	27.7	28.3	76.0	74.0	191.0	333.0	3.0	3.2
2025/07/17 15:47:17	1014.5	1.0	27.7	28.3	76.0	74.0	178.0	323.0	2.6	3.0
2025/07/17 15:47:18	1014.5	1.0	27.7	28.3	76.0	74.0	159.0	311.0	2.7	3.1
2025/07/17 15:47:19	1014.5	1.0	27.7	28.3	76.0	74.0	145.0	301.0	2.9	3.2
2025/07/17 15:47:20	1014.5	1.0	27.7	28.3	76.0	74.0	144.0	299.0	3.1	3.4
2025/07/17 15:47:21	1014.5	1.0	27.7	28.3	76.0	74.0	157.0	308.0	2.9	3.3
2025/07/17 15:47:22	1014.5	1.0	27.7	28.3	76.0	74.0	171.0	318.0	3.0	3.3
2025/07/17 15:47:23	1014.5	1.0	27.7	28.3	77.0	74.0	176.0	321.0	2.9	3.2
2025/07/17 15:47:24	1014.5	1.0	27.7	28.3	77.0	74.0	171.0	319.0	2.5	2.9
2025/07/17 15:47:25	1014.5	1.0	27.7	28.3	76.0	74.0	169.0	319.0	2.2	2.6
2025/07/17 15:47:26	1014.5	1.0	27.7	28.3	76.0	74.0	164.0	314.0	2.2	2.6
2025/07/17 15:47:27	1014.5	1.0	27.7	28.3	76.0	74.0	165.0	315.0	2.3	2.7
2025/07/17 15:47:28	1014.5	1.0	27.7	28.3	77.0	74.0	169.0	318.0	2.4	2.8
2025/07/17 15:47:29	1014.5	1.0	27.7	28.3	77.0	74.0	166.0	314.0	2.8	3.2
2025/07/17 15:47:30	1014.5	1.0	27.7	28.3	77.0	74.0	161.0	309.0	3.3	3.6
2025/07/17 15:47:31	1014.5	1.0	27.7	28.3	77.0	74.0	156.0	305.0	3.6	3.9
2025/07/17 15:47:32	1014.5	1.0	27.7	28.3	77.0	74.0	154.0	303.0	3.7	4.0
2025/07/17 15:47:33	1014.5	1.0	27.7	28.3	77.0	74.0	155.0	305.0	3.2	3.5
2025/07/17 15:47:34	1014.5	1.0	27.7	28.3	77.0	74.0	159.0	310.0	2.4	2.8
2025/07/17 15:47:35	1014.5	1.0	27.7	28.3	77.0	75.0	165.0	318.0	1.9	2.3
2025/07/17 15:47:36	1014.5	1.0	27.8	28.3	76.0	75.0	166.0	320.0	1.8	2.2
2025/07/17 15:47:37	1014.5	1.0	27.8	28.3	76.0	75.0	175.0	326.0	1.9	2.4
2025/07/17 15:47:38	1014.5	1.0	27.8	28.3	76.0	75.0	181.0	329.0	2.2	2.6
2025/07/17 15:47:39	1014.5	1.0	27.8	28.3	77.0	75.0	185.0	332.0	2.4	2.8
2025/07/17 15:47:40	1014.5	1.0	27.8	28.3	77.0	75.0	180.0	327.0	2.5	2.9
2025/07/17 15:47:41	1014.5	1.0	27.8	28.3	77.0	75.0	167.0	316.0	2.7	3.1
2025/07/17 15:47:42	1014.5	1.0	27.8	28.3	77.0	75.0	154.0	307.0	2.8	3.2
2025/07/17 15:47:43	1014.5	1.0	27.8	28.3	77.0	75.0	150.0	303.0	3.1	3.4
2025/07/17 15:47:44	1014.5	1.0	27.8	28.3	77.0	75.0	147.0	301.0	3.2	3.5
2025/07/17 15:47:45	1014.5	1.0	27.8	28.3	77.0	75.0	153.0	307.0	2.6	3.0
2025/07/17 15:47:46	1014.5	1.0	27.8	28.3	77.0	75.0	160.0	311.0	2.2	2.5
2025/07/17 15:47:47	1014.5	1.0	27.8	28.3	77.0	75.0	160.0	309.0	2.1	2.3
2025/07/17 15:47:48	1014.5	1.0	27.8	28.3	77.0	75.0	155.0	303.0	2.4	2.6
2025/07/17 15:47:49	1014.5	1.0	27.8	28.3	77.0	75.0	153.0	304.0	2.5	2.8
2025/07/17 15:47:50	1014.5	1.0	27.8	28.3	77.0	75.0	154.0	308.0	2.3	2.7
2025/07/17 15:47:51	1014.5	1.0	27.8	28.3	77.0	75.0	157.0	314.0	2.0	2.4
2025/07/17 15:47:52	1014.5	1.0	27.8	28.3	77.0	75.0	152.0	314.0	1.6	2.0
2025/07/17 15:47:53	1014.5	1.0	27.8	28.3	77.0	75.0	142.0	306.0	1.6	1.9
2025/07/17 15:47:54	1014.5	1.0	27.8	28.3	77.0	75.0	139.0	297.0	2.0	2.2
2025/07/17 15:47:55	1014.5	1.0	27.8	28.3	77.0	75.0	148.0	300.0	2.4	2.6
2025/07/17 15:47:56	1014.5	1.0	27.8	28.3	77.0	75.0	159.0	306.0	2.9	3.1
2025/07/17 15:47:57	1014.5	1.0	27.8	28.3	77.0	75.0	163.0	311.0	3.0	3.3
2025/07/17 15:47:58	1014.5	1.0	27.8	28.3	77.0	75.0	156.0	307.0	2.8	3.1
2025/07/17 15:47:59	1014.5	1.0	27.8	28.3	77.0	75.0	140.0	298.0	2.3	2.6
2025/07/17 15:48:00	1014.5	1.0	27.8	28.3	77.0	75.0	127.0	290.0	2.0	2.1
2025/07/17 15:48:01	1014.5	1.0	27.8	28.2	77.0	74.0	132.0	293.0	1.9	2.1
2025/07/17 15:48:02	1014.5	1.0	27.7	28.2	77.0	74.0	151.0	304.0	2.2	2.4
2025/07/17 15:48:03	1014.5	1.0	27.7	28.2	77.0	74.0	165.0	313.0	2.7	3.0
2025/07/17 15:48:04	1014.5	1.0	27.7	28.2	77.0	74.0	165.0	314.0	2.8	3.1
2025/07/17 15:48:05	1014.5	1.0	27.7	28.2	77.0	74.0	151.0	305.0	2.5	2.8
2025/07/17 15:48:06	1014.5	1.0	27.7	28.2	77.0	74.0	135.0	296.0	2.0	2.2
2025/07/17 15:48:07	1014.5	1.0	27.7	28.2	77.0	74.0	131.0	295.0	1.6	1.8
2025/07/17 15:48:08	1014.5	1.0	27.7	28.2	77.0	74.0	140.0	301.0	1.6	1.8
2025/07/17 15:48:09	1014.5	1.0	27.7	28.2	77.0	74.0	155.0	307.0	2.0	2.2
2025/07/17 15:48:10	1014.5	1.0	27.7	28.2	77.0	74.0	165.0	312.0	2.9	3.1
2025/07/17 15:48:11	1014.5	1.0	27.7	28.2	77.0	74.0	160.0	306.0	3.3	3.5
2025/07/17 15:48:12	1014.5	1.0	27.7	28.2	77.0	74.0	148.0	299.0	3.2	3.4
2025/07/17 15:48:13	1014.5	1.0	27.7	28.2	77.0	74.0	140.0	293.0	2.9	3.1
2025/07/17 15:48:14	1014.5	1.0	27.7	28.2	77.0	74.0	137.0	292.0	2.5	2.7
2025/07/17 15:48:15	1014.5	1.0	27.7	28.2	76.0	74.0	138.0	295.0	2.2	2.4
2025/07/17 15:48:16	1014.5	1.0	27.7	28.2	76.0	74.0	139.0	297.0	2.1	2.3
2025/07/17 15:48:17	1014.5	1.0	27.7	28.2	76.0	74.0	146.0	301.0	2.1	2.3
2025/07/17 15:48:18	1014.5	1.0	27.7	28.2	77.0	74.0	154.0	304.0	2.3	2.5
2025/07/17 15:48:19	1014.5	1.0	27.7	28.1	77.0	74.0	157.0	308.0	2.5	2.8
2025/07/17 15:48:20	1014.5	1.0	27.7	28.1	77.0	74.0	156.0	308.0	2.4	2.8
2025/07/17 15:48:21	1014.5	1.0	27.7	28.1	77.0	74.0	153.0	307.0	2.3	2.6
2025/07/17 15:48:22	1014.5	1.0	27.7	28.1	77.0	74.0	141.0	295.0	2.1	2.3
2025/07/17 15:48:23	1014.5	1.0	27.7	28.1	77.0	74.0	135.0	287.0	2.2	2.3
2025/07/17 15:48:24	1014.5	1.0	27.7	28.1	77.0	74.0	141.0	291.0	2.4	2.5
2025/07/17 15:48:25	1014.5	1.0	27.7	28.1	77.0	74.0	153.0	301.0	2.9	3.1
2025/07/17 15:48:26	1014.5	1.0	27.7	28.1	77.0	74.0	160.0	306.0	3.4	3.7
2025/07/17 15:48:27	1014.5	1.0	27.7	28.1	77.0	74.0	150.0	301.0	3.3	3.6
2025/07/17 15:48:28	1014.5	1.0	27.7	28.1	76.0	74.0	135.0	291.0	3.0	3.2
2025/07/17 15:48:29	1014.5	1.0	27.7	28.1	76.0	74.0	128.0	286.0	2.6	2.7
2025/07/17 15:48:30	1014.5	1.0	27.7	28.1	76.0	74.0	141.0	294.0	2.2	2.4
2025/07/17 15:48:31	1014.5	1.0	27.7	28.1	77.0	74.0	156.0	305.0	2.0	2.2
2025/07/17 15:48:32	1014.5	1.0	27.7	28.1	77.0	75.0	167.0	315.0	2.0	2.3
2025/07/17 15:48:33	1014.5	1.0	27.7	28.1	77.0	75.0	166.0	315.0	2.0	2.3
2025/07/17 15:48:34	1014.5	1.0	27.7	28.1	76.0	75.0	155.0	306.0	2.2	2.5
2025/07/17 15:48:35	1014.5	1.0	27.7	28.1	76.0	74.0	144.0	295.0	2.5	2.7
2025/07/17 15:48:36	1014.5	1.0	27.7	28.1	77.0	74.0	140.0	293.0	2.8	3.0
2025/07/17 15:48:37	1014.5	1.0	27.7	28.1	77.0	74.0	141.0	293.0	2.8	3.0
2025/07/17 15:48:38	1014.5	1.0	27.7	28.1	77.0	75.0	145.0	296.0	2.7	2.9
2025/07/17 15:48:39	1014.5	1.0	27.7	28.1	77.0	75.0	151.0	302.0	2.3	2.6
2025/07/17 15:48:40	1014.5	1.0	27.7	28.1	77.0	74.0	150.0	301.0	2.4	2.6
2025/07/17 15:48:41	1014.5	1.0	27.7	28.1	77.0	74.0	148.0	301.0	2.2	2.5
2025/07/17 15:48:42	1014.5	1.0	27.7	28.1	77.0	74.0	144.0	299.0	2.2	2.4
2025/07/17 15:48:43	1014.5	1.0	27.7	28.1	77.0	75.0	149.0	305.0	1.9	2.2
2025/07/17 15:48:44	1014.5	1.0	27.7	28.1	76.0	75.0	152.0	307.0	1.8	2.1
2025/07/17 15:48:45	1014.5	1.0	27.7	28.1	76.0	75.0	154.0	307.0	1.8	2.1
2025/07/17 15:48:46	1014.5	1.0	27.7	28.1	76.0	75.0	147.0	302.0	1.8	2.0
2025/07/17 15:48:47	1014.5	1.0	27.7	28.1	77.0	75.0	147.0	298.0	1.9	2.1
2025/07/17 15:48:48	1014.5	1.0	27.7	28.1	77.0	75.0	144.0	292.0	2.5	2.6
2025/07/17 15:48:49	1014.5	1.0	27.7	28.1	77.0	75.0	144.0	293.0	2.8	3.0
2025/07/17 15:48:50	1014.5	1.0	27.7	28.1	77.0	75.0	143.0	295.0	2.9	3.1
2025/07/17 15:48:51	1014.5	1.0	27.7	28.1	77.0	75.0	141.0	295.0	2.9	3.2
2025/07/17 15:48:52	1014.5	1.0	27.7	28.1	77.0	75.0	140.0	296.0	2.6	2.9
2025/07/17 15:48:53	1014.5	1.0	27.7	28.1	77.0	75.0	140.0	295.0	2.2	2.4
2025/07/17 15:48:54	1014.5	1.0	27.7	28.1	77.0	75.0	138.0	291.0	2.0	2.1
2025/07/17 15:48:55	1014.5	1.0	27.7	28.1	77.0	75.0	146.0	296.0	1.8	1.9
2025/07/17 15:48:56	1014.5	1.0	27.7	28.1	77.0	75.0	154.0	306.0	1.8	2.0
2025/07/17 15:48:57	1014.5	1.0	27.7	28.1	77.0	75.0	152.0	310.0	1.8	2.2
2025/07/17 15:48:58	1014.5	1.0	27.7	28.1	76.0	75.0	150.0	306.0	2.0	2.3
2025/07/17 15:48:59	1014.5	1.0	27.7	28.1	76.0	75.0	136.0	292.0	2.0	2.2
2025/07/17 15:49:00	1014.5	1.0	27.7	28.1	76.0	75.0	143.0	295.0	2.0	2.1
2025/07/17 15:49:01	1014.5	1.0	27.7	28.1	76.0	75.0	153.0	303.0	2.0	2.2
2025/07/17 15:49:02	1014.5	1.0	27.7	28.1	76.0	75.0	166.0	312.0	2.4	2.7
2025/07/17 15:49:03	1014.5	1.0	27.7	28.1	76.0	75.0	160.0	307.0	2.7	3.0
2025/07/17 15:49:04	1014.5	1.0	27.7	28.1	76.0	75.0	141.0	292.0	2.8	3.0
2025/07/17 15:49:05	1014.5	1.0	27.7	28.1	76.0	75.0	126.0	280.0	2.9	2.9
2025/07/17 15:49:06	1014.5	1.0	27.7	28.1	76.0	75.0	125.0	280.0	2.8	2.8
2025/07/17 15:49:07	1014.5	1.0	27.7	28.1	76.0	75.0	139.0	292.0	2.7	2.9
2025/07/17 15:49:08	1014.5	1.0	27.7	28.1	77.0	75.0	153.0	304.0	2.5	2.8
2025/07/17 15:49:09	1014.5	1.0	27.7	28.1	77.0	75.0	159.0	308.0	2.2	2.5
2025/07/17 15:49:10	1014.5	1.0	27.7	28.1	77.0	75.0	151.0	302.0	2.1	2.3
2025/07/17 15:49:11	1014.5	1.0	27.7	28.1	77.0	75.0	134.0	290.0	2.1	2.2
2025/07/17 15:49:12	1014.5	1.0	27.7	28.1	77.0	75.0	127.0	283.0	2.1	2.2
2025/07/17 15:49:13	1014.5	1.0	27.7	28.1	76.0	75.0	129.0	284.0	2.1	2.2
2025/07/17 15:49:14	1014.5	1.0	27.7	28.1	76.0	75.0	143.0	293.0	2.4	2.5
2025/07/17 15:49:15	1014.5	1.0	27.7	28.1	76.0	75.0	154.0	302.0	2.6	2.8
2025/07/17 15:49:16	1014.5	1.0	27.7	28.1	76.0	75.0	154.0	304.0	2.6	2.9
2025/07/17 15:49:17	1014.5	1.0	27.7	28.1	76.0	74.0	146.0	298.0	2.6	2.9
2025/07/17 15:49:18	1014.5	1.0	27.7	28.1	77.0	74.0	137.0	292.0	2.4	2.6
2025/07/17 15:49:19	1014.5	1.0	27.7	28.1	77.0	75.0	134.0	291.0	2.2	2.3
2025/07/17 15:49:20	1014.5	1.0	27.7	28.1	77.0	75.0	139.0	293.0	2.0	2.1
2025/07/17 15:49:21	1014.5	1.0	27.7	28.1	77.0	75.0	143.0	293.0	2.3	2.4
2025/07/17 15:49:22	1014.5	1.0	27.7	28.1	77.0	75.0	151.0	299.0	2.6	2.8
2025/07/17 15:49:23	1014.5	1.0	27.7	28.1	77.0	75.0	161.0	308.0	2.8	3.1
2025/07/17 15:49:24	1014.5	1.0	27.7	28.1	77.0	75.0	161.0	310.0	2.8	3.2
2025/07/17 15:49:25	1014.5	1.0	27.7	28.1	77.0	74.0	155.0	309.0	2.4	2.8
2025/07/17 15:49:26	1014.5	1.0	27.7	28.1	77.0	74.0	140.0	299.0	2.0	2.3
2025/07/17 15:49:27	1014.5	1.0	27.7	28.1	77.0	75.0	128.0	287.0	2.0	2.1
2025/07/17 15:49:28	1014.5	1.0	27.7	28.1	77.0	75.0	125.0	281.0	2.1	2.1
2025/07/17 15:49:29	1014.5	1.0	27.7	28.1	77.0	75.0	145.0	293.0	2.2	2.3
2025/07/17 15:49:30	1014.5	1.0	27.7	28.1	77.0	75.0	161.0	309.0	2.6	2.8
2025/07/17 15:49:31	1014.5	1.0	27.7	28.1	77.0	75.0	167.0	315.0	2.9	3.2
2025/07/17 15:49:32	1014.5	1.0	27.7	28.1	77.0	75.0	156.0	307.0	2.8	3.2
2025/07/17 15:49:33	1014.5	1.0	27.7	28.1	77.0	74.0	138.0	294.0	2.7	2.9
2025/07/17 15:49:34	1014.5	1.0	27.7	28.1	77.0	74.0	131.0	288.0	2.5	2.6
2025/07/17 15:49:35	1014.5	1.0	27.7	28.1	77.0	74.0	138.0	294.0	2.1	2.3
2025/07/17 15:49:36	1014.5	1.0	27.7	28.1	77.0	74.0	153.0	304.0	2.2	2.4
2025/07/17 15:49:37	1014.5	1.0	27.7	28.1	77.0	74.0	159.0	310.0	2.3	2.6
2025/07/17 15:49:38	1014.5	1.0	27.7	28.1	77.0	74.0	154.0	308.0	2.3	2.7
2025/07/17 15:49:39	1014.5	1.0	27.7	28.1	76.0	74.0	145.0	301.0	2.4	2.7
2025/07/17 15:49:40	1014.5	1.0	27.7	28.1	76.0	74.0	140.0	298.0	2.3	2.5
2025/07/17 15:49:41	1014.5	1.0	27.7	28.1	76.0	75.0	145.0	304.0	1.9	2.2
2025/07/17 15:49:42	1014.5	1.0	27.7	28.1	76.0	75.0	146.0	304.0	1.6	1.8
2025/07/17 15:49:43	1014.5	1.0	27.7	28.1	76.0	74.0	151.0	304.0	1.6	1.8
2025/07/17 15:49:44	1014.5	1.0	27.7	28.1	76.0	74.0	154.0	304.0	2.2	2.4
2025/07/17 15:49:45	1014.5	1.0	27.7	28.1	76.0	74.0	156.0	306.0	2.9	3.2
2025/07/17 15:49:46	1014.5	1.0	27.7	28.1	76.0	75.0	151.0	302.0	3.2	3.5
2025/07/17 15:49:47	1014.5	1.0	27.7	28.1	76.0	75.0	144.0	297.0	3.1	3.3
2025/07/17 15:49:48	1014.5	1.0	27.7	28.1	76.0	75.0	144.0	296.0	2.6	2.8
2025/07/17 15:49:49	1014.5	1.0	27.7	28.1	76.0	75.0	153.0	304.0	2.3	2.5
2025/07/17 15:49:50	1014.5	1.0	27.8	28.1	76.0	75.0	168.0	318.0	2.1	2.4
2025/07/17 15:49:51	1014.5	1.0	27.8	28.1	76.0	75.0	173.0	324.0	2.0	2.5
2025/07/17 15:49:52	1014.5	1.0	27.8	28.1	76.0	75.0	157.0	312.0	2.2	2.6
2025/07/17 15:49:53	1014.5	1.0	27.8	28.1	77.0	75.0	141.0	303.0	1.8	2.1
2025/07/17 15:49:54	1014.5	1.0	27.8	28.1	77.0	76.0	133.0	296.0	1.6	1.8
2025/07/17 15:49:55	1014.5	1.0	27.8	28.1	77.0	76.0	144.0	300.0	1.6	1.8
2025/07/17 15:49:56	1014.5	1.0	27.8	28.1	77.0	76.0	159.0	307.0	1.9	2.1
2025/07/17 15:49:57	1014.5	1.0	27.8	28.1	77.0	76.0	166.0	310.0	2.5	2.7
2025/07/17 15:49:58	1014.5	1.0	27.8	28.1	77.0	76.0	160.0	307.0	2.9	3.1
2025/07/17 15:49:59	1014.5	1.0	27.8	28.1	77.0	75.0	149.0	301.0	2.9	3.2
2025/07/17 15:50:00	1014.5	1.0	27.8	28.1	77.0	75.0	137.0	294.0	2.7	2.9
2025/07/17 15:50:01	1014.5	1.0	27.7	28.1	77.0	75.0	132.0	292.0	2.3	2.5
2025/07/17 15:50:02	1014.5	1.0	27.7	28.1	77.0	75.0	136.0	293.0	1.9	2.1
2025/07/17 15:50:03	1014.5	1.0	27.7	28.1	77.0	75.0	149.0	299.0	2.0	2.1
2025/07/17 15:50:04	1014.5	1.0	27.7	28.1	77.0	75.0	163.0	310.0	2.1	2.3
2025/07/17 15:50:05	1014.5	1.0	27.7	28.1	77.0	75.0	163.0	315.0	2.0	2.4
2025/07/17 15:50:06	1014.5	1.0	27.7	28.1	76.0	75.0	155.0	313.0	1.8	2.2
2025/07/17 15:50:07	1014.5	1.0	27.7	28.1	76.0	75.0	143.0	306.0	1.6	1.9
2025/07/17 15:50:08	1014.5	1.0	27.7	28.1	76.0	75.0	138.0	300.0	1.6	1.8
2025/07/17 15:50:09	1014.5	1.0	27.7	28.1	76.0	75.0	138.0	294.0	1.8	2.0
2025/07/17 15:50:10	1014.5	1.0	27.7	28.1	76.0	75.0	144.0	294.0	2.2	2.3
2025/07/17 15:50:11	1014.5	1.0	27.7	28.1	76.0	75.0	151.0	298.0	2.4	2.5
2025/07/17 15:50:12	1014.5	1.0	27.7	28.1	76.0	75.0	160.0	307.0	2.5	2.8
2025/07/17 15:50:13	1014.5	1.0	27.7	28.1	76.0	75.0	165.0	314.0	2.5	2.9
2025/07/17 15:50:14	1014.5	1.0	27.7	28.1	76.0	75.0	159.0	310.0	2.3	2.6
2025/07/17 15:50:15	1014.5	1.0	27.7	28.1	76.0	75.0	147.0	301.0	2.1	2.3
2025/07/17 15:50:16	1014.5	1.0	27.7	28.1	76.0	75.0	139.0	295.0	2.0	2.2
2025/07/17 15:50:17	1014.5	1.0	27.7	28.1	76.0	74.0	144.0	299.0	2.0	2.2
2025/07/17 15:50:18	1014.5	1.0	27.7	28.1	76.0	74.0	152.0	307.0	2.0	2.3
2025/07/17 15:50:19	1014.5	1.0	27.7	28.1	76.0	74.0	153.0	309.0	1.7	2.0
2025/07/17 15:50:20	1014.5	1.0	27.7	28.1	76.0	74.0	155.0	308.0	1.6	1.8
2025/07/17 15:50:21	1014.5	1.0	27.7	28.1	76.0	74.0	156.0	309.0	1.5	1.7
2025/07/17 15:50:22	1014.5	1.0	27.7	28.1	76.0	74.0	164.0	316.0	1.6	1.9
2025/07/17 15:50:23	1014.5	1.0	27.7	28.1	76.0	74.0	162.0	315.0	1.8	2.2
2025/07/17 15:50:24	1014.5	1.0	27.7	28.1	76.0	74.0	154.0	308.0	2.1	2.4
2025/07/17 15:50:25	1014.5	1.0	27.7	28.1	76.0	74.0	145.0	301.0	2.0	2.3
2025/07/17 15:50:26	1014.5	1.0	27.7	28.1	76.0	74.0	140.0	298.0	1.8	2.0
2025/07/17 15:50:27	1014.5	1.0	27.7	28.1	76.0	74.0	152.0	304.0	1.7	1.9
2025/07/17 15:50:28	1014.5	1.0	27.7	28.1	76.0	74.0	166.0	314.0	1.9	2.1
2025/07/17 15:50:29	1014.5	1.0	27.7	28.1	76.0	74.0	164.0	310.0	2.4	2.6
2025/07/17 15:50:30	1014.5	1.0	27.7	28.1	76.0	74.0	157.0	307.0	2.3	2.6
2025/07/17 15:50:31	1014.5	1.0	27.7	28.1	76.0	74.0	148.0	303.0	2.1	2.4
2025/07/17 15:50:32	1014.5	1.0	27.7	28.1	76.0	74.0	135.0	299.0	1.8	2.0
2025/07/17 15:50:33	1014.5	1.0	27.7	28.1	76.0	74.0	129.0	305.0	1.1	1.4
2025/07/17 15:50:34	1014.5	1.0	27.7	28.1	76.0	74.0	147.0	330.0	0.5	1.0
2025/07/17 15:50:35	1014.5	1.0	27.7	28.1	76.0	74.0	200.0	348.0	0.7	1.2
2025/07/17 15:50:36	1014.5	1.0	27.7	28.1	76.0	74.0	189.0	335.0	1.3	1.6
2025/07/17 15:50:37	1014.5	1.0	27.8	28.1	76.0	74.0	176.0	322.0	1.8	2.0
2025/07/17 15:50:38	1014.5	1.0	27.8	28.1	76.0	75.0	157.0	306.0	2.1	2.3
2025/07/17 15:50:39	1014.5	1.0	27.8	28.1	76.0	75.0	138.0	294.0	2.2	2.4
2025/07/17 15:50:40	1014.5	1.0	27.8	28.1	76.0	75.0	131.0	291.0	2.1	2.3
2025/07/17 15:50:41	1014.5	1.0	27.8	28.1	76.0	75.0	136.0	295.0	2.0	2.2
2025/07/17 15:50:42	1014.5	1.0	27.7	28.1	76.0	75.0	155.0	308.0	2.0	2.3
2025/07/17 15:50:43	1014.5	1.0	27.7	28.1	76.0	75.0	166.0	316.0	2.0	2.3
2025/07/17 15:50:44	1014.5	1.0	27.7	28.1	76.0	74.0	161.0	316.0	1.5	1.9
2025/07/17 15:50:45	1014.5	1.0	27.8	28.1	76.0	74.0	152.0	313.0	1.2	1.5
2025/07/17 15:50:46	1014.5	1.0	27.8	28.1	76.0	74.0	152.0	313.0	1.2	1.5
2025/07/17 15:50:47	1014.5	1.0	27.8	28.1	76.0	74.0	155.0	315.0	1.3	1.7
2025/07/17 15:50:48	1014.5	1.0	27.8	28.1	76.0	74.0	172.0	325.0	1.5	2.0
2025/07/17 15:50:49	1014.5	1.0	27.8	28.1	76.0	75.0	186.0	335.0	1.8	2.3
2025/07/17 15:50:50	1014.5	1.0	27.8	28.1	76.0	75.0	179.0	330.0	1.8	2.3
2025/07/17 15:50:51	1014.5	1.0	27.8	28.1	76.0	75.0	166.0	320.0	1.9	2.3
2025/07/17 15:50:52	1014.5	1.0	27.8	28.1	76.0	74.0	159.0	311.0	2.1	2.4
2025/07/17 15:50:53	1014.5	1.0	27.8	28.1	76.0	74.0	159.0	308.0	2.3	2.5
2025/07/17 15:50:54	1014.5	1.0	27.8	28.1	76.0	74.0	161.0	309.0	2.5	2.7
2025/07/17 15:50:55	1014.5	1.0	27.8	28.1	76.0	74.0	166.0	314.0	2.6	2.9
2025/07/17 15:50:56	1014.5	1.0	27.8	28.1	76.0	74.0	172.0	322.0	2.5	3.0
2025/07/17 15:50:57	1014.5	1.0	27.8	28.1	76.0	74.0	168.0	320.0	2.2	2.7
2025/07/17 15:50:58	1014.5	1.0	27.8	28.1	76.0	74.0	157.0	314.0	2.0	2.5
2025/07/17 15:50:59	1014.5	1.0	27.8	28.1	76.0	74.0	147.0	308.0	1.8	2.2
2025/07/17 15:51:00	1014.5	1.0	27.8	28.1	76.0	74.0	157.0	316.0	1.7	2.1
2025/07/17 15:51:01	1014.5	1.0	27.8	28.1	76.0	74.0	166.0	324.0	1.5	2.0
2025/07/17 15:51:02	1014.5	1.0	27.8	28.1	76.0	74.0	185.0	335.0	1.6	2.1
2025/07/17 15:51:03	1014.5	1.0	27.8	28.1	76.0	74.0	194.0	340.0	2.2	2.6
2025/07/17 15:51:04	1014.5	1.0	27.8	28.1	76.0	74.0	192.0	337.0	2.4	2.8
2025/07/17 15:51:05	1014.5	1.0	27.8	28.1	76.0	74.0	182.0	329.0	2.2	2.6
2025/07/17 15:51:06	1014.5	1.0	27.8	28.1	76.0	74.0	171.0	322.0	2.2	2.6
2025/07/17 15:51:07	1014.5	1.0	27.8	28.1	76.0	74.0	166.0	322.0	1.8	2.3
2025/07/17 15:51:08	1014.5	1.0	27.8	28.1	76.0	74.0	167.0	322.0	1.9	2.4
2025/07/17 15:51:09	1014.5	1.0	27.8	28.1	76.0	74.0	173.0	323.0	2.6	3.0
2025/07/17 15:51:10	1014.5	1.0	27.8	28.1	76.0	75.0	179.0	326.0	3.0	3.4
2025/07/17 15:51:11	1014.5	1.0	27.8	28.1	76.0	75.0	187.0	333.0	3.1	3.5
2025/07/17 15:51:12	1014.5	1.0	27.8	28.1	76.0	75.0	179.0	330.0	2.4	3.0
2025/07/17 15:51:13	1014.5	1.0	27.8	28.1	76.0	75.0	169.0	326.0	1.6	2.2
2025/07/17 15:51:14	1014.5	1.0	27.8	28.1	76.0	75.0	172.0	330.0	1.2	1.8
2025/07/17 15:51:15	1014.5	1.0	27.8	28.2	76.0	75.0	194.0	343.0	1.3	1.8
2025/07/17 15:51:16	1014.5	1.0	27.8	28.2	76.0	75.0	206.0	350.0	1.9	2.3
2025/07/17 15:51:17	1014.5	1.0	27.8	28.2	76.0	75.0	205.0	348.0	2.2	2.6
2025/07/17 15:51:18	1014.5	1.0	27.8	28.2	76.0	75.0	197.0	342.0	2.3	2.7
2025/07/17 15:51:19	1014.5	1.0	27.8	28.2	76.0	75.0	183.0	333.0	2.0	2.5
2025/07/17 15:51:20	1014.5	1.0	27.8	28.2	76.0	75.0	166.0	320.0	2.0	2.5
2025/07/17 15:51:21	1014.5	1.0	27.8	28.2	76.0	74.0	160.0	314.0	2.2	2.6
2025/07/17 15:51:22	1014.5	1.0	27.8	28.2	76.0	74.0	161.0	314.0	2.3	2.7
2025/07/17 15:51:23	1014.5	1.0	27.8	28.2	76.0	74.0	166.0	317.0	2.4	2.8
2025/07/17 15:51:24	1014.5	1.0	27.8	28.2	76.0	74.0	170.0	321.0	2.4	2.8
2025/07/17 15:51:25	1014.5	1.0	27.8	28.2	76.0	74.0	170.0	323.0	2.1	2.6
2025/07/17 15:51:26	1014.5	1.0	27.8	28.2	76.0	74.0	168.0	325.0	1.7	2.2
2025/07/17 15:51:27	1014.5	1.0	27.8	28.2	76.0	74.0	182.0	336.0	1.3	1.9
2025/07/17 15:51:28	1014.5	1.0	27.8	28.2	76.0	74.0	202.0	348.0	1.4	1.9
2025/07/17 15:51:29	1014.5	1.0	27.8	28.2	76.0	74.0	207.0	350.0	1.7	2.1
2025/07/17 15:51:30	1014.5	1.0	27.8	28.2	76.0	74.0	190.0	337.0	1.8	2.2
2025/07/17 15:51:31	1014.5	1.0	27.8	28.2	76.0	74.0	172.0	324.0	1.9	2.3
2025/07/17 15:51:32	1014.5	1.0	27.8	28.2	76.0	74.0	166.0	319.0	2.2	2.6
2025/07/17 15:51:33	1014.5	1.0	27.8	28.2	76.0	74.0	165.0	318.0	2.5	3.0
2025/07/17 15:51:34	1014.5	1.0	27.8	28.3	76.0	74.0	169.0	320.0	2.8	3.2
2025/07/17 15:51:35	1014.5	1.0	27.8	28.3	76.0	74.0	170.0	320.0	2.6	3.0
2025/07/17 15:51:36	1014.5	1.0	27.8	28.3	76.0	74.0	169.0	322.0	2.1	2.5
2025/07/17 15:51:37	1014.5	1.0	27.8	28.3	76.0	74.0	167.0	322.0	1.8	2.2
2025/07/17 15:51:38	1014.5	1.0	27.7	28.3	76.0	74.0	169.0	324.0	1.6	2.1
2025/07/17 15:51:39	1014.5	1.0	27.7	28.3	76.0	74.0	181.0	331.0	1.9	2.3
2025/07/17 15:51:40	1014.5	1.0	27.7	28.3	76.0	74.0	190.0	338.0	2.1	2.6
2025/07/17 15:51:41	1014.5	1.0	27.7	28.3	76.0	74.0	194.0	342.0	1.9	2.5
2025/07/17 15:51:42	1014.5	1.0	27.7	28.3	76.0	73.0	185.0	336.0	1.5	2.0
2025/07/17 15:51:43	1014.5	1.0	27.7	28.3	76.0	73.0	172.0	326.0	1.5	1.9
2025/07/17 15:51:44	1014.5	1.0	27.7	28.3	76.0	73.0	170.0	323.0	1.8	2.2
2025/07/17 15:51:45	1014.5	1.0	27.7	28.3	76.0	73.0	173.0	324.0	2.3	2.7
2025/07/17 15:51:46	1014.5	1.0	27.7	28.3	76.0	73.0	173.0	324.0	2.5	2.9
2025/07/17 15:51:47	1014.5	1.0	27.7	28.3	76.0	73.0	168.0	321.0	2.4	2.9
2025/07/17 15:51:48	1014.5	1.0	27.7	28.3	76.0	73.0	164.0	319.0	2.2	2.7
2025/07/17 15:51:49	1014.5	1.0	27.7	28.3	76.0	73.0	163.0	319.0	2.1	2.6
2025/07/17 15:51:50	1014.5	1.0	27.7	28.3	76.0	73.0	175.0	326.0	2.2	2.6
2025/07/17 15:51:51	1014.5	1.0	27.7	28.3	76.0	73.0	183.0	331.0	2.3	2.7
2025/07/17 15:51:52	1014.5	1.0	27.7	28.3	76.0	73.0	184.0	332.0	2.3	2.7
2025/07/17 15:51:53	1014.5	1.0	27.7	28.3	76.0	73.0	179.0	330.0	2.0	2.5
2025/07/17 15:51:54	1014.5	1.0	27.7	28.3	76.0	73.0	172.0	331.0	1.4	2.0
2025/07/17 15:51:55	1014.5	1.0	27.7	28.3	76.0	73.0	177.0	334.0	1.3	1.9
2025/07/17 15:51:56	1014.5	1.0	27.7	28.3	76.0	73.0	179.0	333.0	1.4	1.9
2025/07/17 15:51:57	1014.5	1.0	27.7	28.3	76.0	73.0	181.0	330.0	1.7	2.0
2025/07/17 15:51:58	1014.5	1.0	27.7	28.3	76.0	73.0	180.0	329.0	1.8	2.1
2025/07/17 15:51:59	1014.5	1.0	27.8	28.3	75.0	73.0	176.0	326.0	2.1	2.5
2025/07/17 15:52:00	1014.5	1.0	27.8	28.3	75.0	73.0	169.0	322.0	2.2	2.7
2025/07/17 15:52:01	1014.5	1.0	27.8	28.3	75.0	73.0	159.0	316.0	2.2	2.7
2025/07/17 15:52:02	1014.5	1.0	27.8	28.3	76.0	73.0	154.0	313.0	2.1	2.5
2025/07/17 15:52:03	1014.5	1.0	27.8	28.3	76.0	73.0	150.0	312.0	1.7	2.1
2025/07/17 15:52:04	1014.5	1.0	27.8	28.3	76.0	73.0	144.0	311.0	1.3	1.7
2025/07/17 15:52:05	1014.5	1.0	27.8	28.3	76.0	73.0	154.0	316.0	1.3	1.6
2025/07/17 15:52:06	1014.5	1.0	27.8	28.3	76.0	73.0	175.0	328.0	1.3	1.7
2025/07/17 15:52:07	1014.5	1.0	27.8	28.3	76.0	73.0	188.0	337.0	1.6	2.0
2025/07/17 15:52:08	1014.5	1.0	27.8	28.3	76.0	73.0	187.0	337.0	1.7	2.2
2025/07/17 15:52:09	1014.5	1.0	27.8	28.3	76.0	73.0	175.0	329.0	1.6	2.1
2025/07/17 15:52:10	1014.5	1.0	27.8	28.3	76.0	73.0	150.0	313.0	1.4	1.8
2025/07/17 15:52:11	1014.5	1.0	27.8	28.3	76.0	74.0	137.0	302.0	1.4	1.6
2025/07/17 15:52:12	1014.5	1.0	27.8	28.3	76.0	74.0	144.0	304.0	1.5	1.7
2025/07/17 15:52:13	1014.5	1.0	27.8	28.3	76.0	73.0	162.0	314.0	1.8	2.1
2025/07/17 15:52:14	1014.5	1.0	27.8	28.3	76.0	73.0	175.0	324.0	2.3	2.6
2025/07/17 15:52:15	1014.5	1.0	27.8	28.3	76.0	73.0	177.0	327.0	2.3	2.8
2025/07/17 15:52:16	1014.5	1.0	27.8	28.3	76.0	73.0	168.0	322.0	2.3	2.8
2025/07/17 15:52:17	1014.5	1.0	27.8	28.3	76.0	73.0	149.0	311.0	2.0	2.5
2025/07/17 15:52:18	1014.5	1.0	27.8	28.3	76.0	73.0	135.0	301.0	1.7	2.0
2025/07/17 15:52:19	1014.5	1.0	27.8	28.3	76.0	73.0	141.0	303.0	1.5	1.7
2025/07/17 15:52:20	1014.5	1.0	27.8	28.3	76.0	73.0	170.0	322.0	1.3	1.6
2025/07/17 15:52:21	1014.5	1.0	27.8	28.3	76.0	73.0	194.0	340.0	1.6	1.8
2025/07/17 15:52:22	1014.5	1.0	27.8	28.3	76.0	73.0	205.0	348.0	1.7	2.0
2025/07/17 15:52:23	1014.5	1.0	27.8	28.3	76.0	73.0	200.0	345.0	1.9	2.2
2025/07/17 15:52:24	1014.5	1.0	27.8	28.3	76.0	73.0	180.0	330.0	1.8	2.2
2025/07/17 15:52:25	1014.5	1.0	27.8	28.3	76.0	73.0	153.0	312.0	1.8	2.2
2025/07/17 15:52:26	1014.5	1.0	27.8	28.3	76.0	73.0	138.0	300.0	2.1	2.4
2025/07/17 15:52:27	1014.5	1.0	27.8	28.3	76.0	73.0	140.0	301.0	2.2	2.5
2025/07/17 15:52:28	1014.5	1.0	27.8	28.3	75.0	73.0	153.0	311.0	2.0	2.4
2025/07/17 15:52:29	1014.5	1.0	27.8	28.3	75.0	73.0	168.0	321.0	2.0	2.4
2025/07/17 15:52:30	1014.5	1.0	27.8	28.3	76.0	73.0	176.0	328.0	1.7	2.1
2025/07/17 15:52:31	1014.5	1.0	27.8	28.3	76.0	73.0	181.0	334.0	1.3	1.7
2025/07/17 15:52:32	1014.5	1.0	27.8	28.3	76.0	73.0	183.0	337.0	1.0	1.5
2025/07/17 15:52:33	1014.5	1.0	27.8	28.3	76.0	73.0	179.0	337.0	0.8	1.3
2025/07/17 15:52:34	1014.5	1.0	27.8	28.3	76.0	73.0	169.0	333.0	0.9	1.4
2025/07/17 15:52:35	1014.5	1.0	27.8	28.3	76.0	73.0	163.0	323.0	1.2	1.6
2025/07/17 15:52:36	1014.5	1.0	27.8	28.3	76.0	73.0	159.0	314.0	1.6	1.9
2025/07/17 15:52:37	1014.5	1.0	27.8	28.3	76.0	73.0	157.0	313.0	1.9	2.2
2025/07/17 15:52:38	1014.5	1.0	27.8	28.3	76.0	73.0	155.0	315.0	1.8	2.2
2025/07/17 15:52:39	1014.5	1.0	27.8	28.3	76.0	73.0	152.0	313.0	1.7	2.1
2025/07/17 15:52:40	1014.5	1.0	27.8	28.3	76.0	73.0	152.0	312.0	1.6	1.9
2025/07/17 15:52:41	1014.5	1.0	27.8	28.3	76.0	73.0	162.0	320.0	1.3	1.6
2025/07/17 15:52:42	1014.4	1.0	27.8	28.3	76.0	73.0	180.0	332.0	1.2	1.5
2025/07/17 15:52:43	1014.4	1.0	27.8	28.3	76.0	73.0	179.0	330.0	1.5	1.8
2025/07/17 15:52:44	1014.4	1.0	27.8	28.3	76.0	73.0	174.0	326.0	1.6	2.0
2025/07/17 15:52:45	1014.4	1.0	27.8	28.3	76.0	73.0	162.0	318.0	1.7	2.1
2025/07/17 15:52:46	1014.4	1.0	27.8	28.3	75.0	73.0	158.0	319.0	1.5	2.0
2025/07/17 15:52:47	1014.4	1.0	27.8	28.3	75.0	73.0	167.0	327.0	1.3	1.8
2025/07/17 15:52:48	1014.4	1.0	27.8	28.3	75.0	73.0	172.0	331.0	0.9	1.4
2025/07/17 15:52:49	1014.4	1.0	27.8	28.3	75.0	73.0	172.0	328.0	1.0	1.3
2025/07/17 15:52:50	1014.4	1.0	27.8	28.3	75.0	73.0	164.0	318.0	1.4	1.7
2025/07/17 15:52:51	1014.5	1.0	27.8	28.3	75.0	73.0	159.0	313.0	1.9	2.2
2025/07/17 15:52:52	1014.5	1.0	27.8	28.3	76.0	73.0	158.0	312.0	2.1	2.5
2025/07/17 15:52:53	1014.5	1.0	27.8	28.3	76.0	73.0	157.0	314.0	2.0	2.4
2025/07/17 15:52:54	1014.5	1.0	27.8	28.3	76.0	73.0	159.0	316.0	1.7	2.1
2025/07/17 15:52:55	1014.5	1.0	27.8	28.3	76.0	73.0	159.0	315.0	1.4	1.7
2025/07/17 15:52:56	1014.5	1.0	27.8	28.3	76.0	73.0	157.0	313.0	1.4	1.7
2025/07/17 15:52:57	1014.5	1.0	27.8	28.3	75.0	73.0	155.0	313.0	1.5	1.8
2025/07/17 15:52:58	1014.5	1.0	27.8	28.3	75.0	73.0	159.0	315.0	1.8	2.2
2025/07/17 15:52:59	1014.5	1.0	27.8	28.3	75.0	73.0	168.0	321.0	2.2	2.6
2025/07/17 15:53:00	1014.5	1.0	27.8	28.3	75.0	73.0	173.0	324.0	2.2	2.6
2025/07/17 15:53:01	1014.5	1.0	27.8	28.3	75.0	73.0	163.0	316.0	1.8	2.1
2025/07/17 15:53:02	1014.5	1.0	27.8	28.3	76.0	73.0	150.0	306.0	1.5	1.7
2025/07/17 15:53:03	1014.5	1.0	27.8	28.3	76.0	73.0	153.0	309.0	1.4	1.6
2025/07/17 15:53:04	1014.5	1.0	27.8	28.3	76.0	73.0	161.0	315.0	1.5	1.8
2025/07/17 15:53:05	1014.5	1.0	27.8	28.3	75.0	73.0	167.0	318.0	1.8	2.1
2025/07/17 15:53:06	1014.5	1.0	27.8	28.3	75.0	74.0	167.0	319.0	1.9	2.3
2025/07/17 15:53:07	1014.5	1.0	27.8	28.3	75.0	74.0	158.0	310.0	2.4	2.7
2025/07/17 15:53:08	1014.5	1.0	27.8	28.3	75.0	74.0	151.0	306.0	2.5	2.8
2025/07/17 15:53:09	1014.5	1.0	27.8	28.3	75.0	74.0	153.0	308.0	2.2	2.5
2025/07/17 15:53:10	1014.5	1.0	27.8	28.3	76.0	74.0	153.0	311.0	1.7	2.1
2025/07/17 15:53:11	1014.5	1.0	27.8	28.3	76.0	74.0	156.0	314.0	1.5	1.9
2025/07/17 15:53:12	1014.5	1.0	27.8	28.3	76.0	74.0	167.0	319.0	1.4	1.7
2025/07/17 15:53:13	1014.5	1.0	27.8	28.3	76.0	74.0	173.0	320.0	1.7	1.9
2025/07/17 15:53:14	1014.5	1.0	27.8	28.3	76.0	74.0	174.0	321.0	2.0	2.2
2025/07/17 15:53:15	1014.5	1.0	27.8	28.3	76.0	74.0	173.0	321.0	2.3	2.6
2025/07/17 15:53:16	1014.5	1.0	27.8	28.3	76.0	74.0	162.0	314.0	2.5	2.9
2025/07/17 15:53:17	1014.5	1.0	27.8	28.3	76.0	74.0	148.0	304.0	2.5	2.8
2025/07/17 15:53:18	1014.4	1.0	27.8	28.3	76.0	74.0	145.0	301.0	2.2	2.5
2025/07/17 15:53:19	1014.4	1.0	27.8	28.3	76.0	74.0	145.0	301.0	2.1	2.3
2025/07/17 15:53:20	1014.4	1.0	27.8	28.3	76.0	74.0	156.0	309.0	2.1	2.4
2025/07/17 15:53:21	1014.4	1.0	27.8	28.3	76.0	74.0	164.0	314.0	2.3	2.6
2025/07/17 15:53:22	1014.4	1.0	27.8	28.3	76.0	74.0	167.0	317.0	2.3	2.6
2025/07/17 15:53:23	1014.4	1.0	27.8	28.3	76.0	74.0	163.0	315.0	2.2	2.6
2025/07/17 15:53:24	1014.4	1.0	27.8	28.3	76.0	73.0	163.0	317.0	2.1	2.5
2025/07/17 15:53:25	1014.4	1.0	27.8	28.3	76.0	73.0	166.0	319.0	1.9	2.3
2025/07/17 15:53:26	1014.4	1.0	27.8	28.3	76.0	73.0	163.0	317.0	1.6	2.0
2025/07/17 15:53:27	1014.5	1.0	27.8	28.3	76.0	74.0	158.0	312.0	1.5	1.8
2025/07/17 15:53:28	1014.5	1.0	27.8	28.3	75.0	74.0	150.0	304.0	1.7	1.9
2025/07/17 15:53:29	1014.5	1.0	27.8	28.2	75.0	74.0	152.0	303.0	1.9	2.1
2025/07/17 15:53:30	1014.5	1.0	27.8	28.2	75.0	74.0	158.0	307.0	2.2	2.4
2025/07/17 15:53:31	1014.5	1.0	27.8	28.2	76.0	74.0	163.0	312.0	2.7	3.0
2025/07/17 15:53:32	1014.5	1.0	27.8	28.2	76.0	74.0	160.0	312.0	2.8	3.3
2025/07/17 15:53:33	1014.5	1.0	27.8	28.2	75.0	74.0	156.0	310.0	2.5	2.9
2025/07/17 15:53:34	1014.5	1.0	27.8	28.2	75.0	74.0	143.0	304.0	2.0	2.3
2025/07/17 15:53:35	1014.5	1.0	27.8	28.2	75.0	73.0	143.0	304.0	1.7	2.0
2025/07/17 15:53:36	1014.5	1.0	27.8	28.2	76.0	73.0	155.0	311.0	1.6	1.9
2025/07/17 15:53:37	1014.5	1.0	27.8	28.2	76.0	74.0	172.0	324.0	1.6	2.0
2025/07/17 15:53:38	1014.5	1.0	27.8	28.2	76.0	74.0	175.0	327.0	1.6	2.0
2025/07/17 15:53:39	1014.5	1.0	27.8	28.2	75.0	74.0	169.0	320.0	1.7	2.0
2025/07/17 15:53:40	1014.5	1.0	27.8	28.2	75.0	74.0	160.0	310.0	1.9	2.1
2025/07/17 15:53:41	1014.5	1.0	27.8	28.2	76.0	74.0	158.0	307.0	2.2	2.4
2025/07/17 15:53:42	1014.5	1.0	27.8	28.2	76.0	74.0	157.0	307.0	2.3	2.6
2025/07/17 15:53:43	1014.5	1.0	27.8	28.2	76.0	74.0	157.0	310.0	2.2	2.5
2025/07/17 15:53:44	1014.5	1.0	27.8	28.2	76.0	74.0	156.0	309.0	1.9	2.2
2025/07/17 15:53:45	1014.5	1.0	27.8	28.2	76.0	74.0	151.0	305.0	1.8	2.0
2025/07/17 15:53:46	1014.5	1.0	27.8	28.2	76.0	74.0	151.0	304.0	2.0	2.2
2025/07/17 15:53:47	1014.5	1.0	27.8	28.2	76.0	74.0	156.0	308.0	2.4	2.7
2025/07/17 15:53:48	1014.5	1.0	27.8	28.2	76.0	74.0	161.0	315.0	2.3	2.8
2025/07/17 15:53:49	1014.5	1.0	27.8	28.2	76.0	74.0	167.0	321.0	1.9	2.4
2025/07/17 15:53:50	1014.5	1.0	27.8	28.2	76.0	74.0	177.0	331.0	1.1	1.6
2025/07/17 15:53:51	1014.5	1.0	27.8	28.2	76.0	74.0	176.0	330.0	0.7	1.0
2025/07/17 15:53:52	1014.5	1.0	27.8	28.2	76.0	74.0	165.0	320.0	0.8	1.0
2025/07/17 15:53:53	1014.5	1.0	27.8	28.2	76.0	74.0	163.0	314.0	1.3	1.5
2025/07/17 15:53:54	1014.5	1.0	27.8	28.2	76.0	74.0	164.0	313.0	2.1	2.4
2025/07/17 15:53:55	1014.5	1.0	27.8	28.2	76.0	74.0	161.0	310.0	2.7	3.1
2025/07/17 15:53:56	1014.5	1.0	27.8	28.2	76.0	74.0	156.0	307.0	2.7	3.1
2025/07/17 15:53:57	1014.5	1.0	27.8	28.2	76.0	74.0	148.0	303.0	2.3	2.6
2025/07/17 15:53:58	1014.5	1.0	27.8	28.2	76.0	74.0	144.0	300.0	2.0	2.2
2025/07/17 15:53:59	1014.5	1.0	27.8	28.2	76.0	74.0	146.0	302.0	1.8	2.0
2025/07/17 15:54:00	1014.5	1.0	27.8	28.2	76.0	74.0	155.0	309.0	1.7	2.0
2025/07/17 15:54:01	1014.5	1.0	27.8	28.2	76.0	74.0	160.0	314.0	1.7	2.0
2025/07/17 15:54:02	1014.5	1.0	27.8	28.2	76.0	74.0	161.0	317.0	1.5	1.9
2025/07/17 15:54:03	1014.5	1.0	27.8	28.2	76.0	74.0	163.0	322.0	1.2	1.6
2025/07/17 15:54:04	1014.5	1.0	27.8	28.2	76.0	74.0	169.0	329.0	0.9	1.4
2025/07/17 15:54:05	1014.5	1.0	27.8	28.2	76.0	74.0	177.0	331.0	1.1	1.5
2025/07/17 15:54:06	1014.5	1.0	27.8	28.2	76.0	74.0	175.0	325.0	1.4	1.7
2025/07/17 15:54:07	1014.5	1.0	27.8	28.2	76.0	74.0	166.0	316.0	1.6	1.9
2025/07/17 15:54:08	1014.5	1.0	27.8	28.2	76.0	74.0	152.0	305.0	2.0	2.3
2025/07/17 15:54:09	1014.5	1.0	27.8	28.2	76.0	73.0	143.0	297.0	2.5	2.7
2025/07/17 15:54:10	1014.5	1.0	27.8	28.2	76.0	73.0	138.0	294.0	2.5	2.7
2025/07/17 15:54:11	1014.5	1.0	27.8	28.2	76.0	74.0	145.0	297.0	2.2	2.4
2025/07/17 15:54:12	1014.4	1.0	27.8	28.2	76.0	74.0	162.0	311.0	2.0	2.2
2025/07/17 15:54:13	1014.4	1.0	27.8	28.2	76.0	74.0	176.0	324.0	1.7	2.1
2025/07/17 15:54:14	1014.4	1.0	27.8	28.2	76.0	74.0	178.0	328.0	1.5	1.9
2025/07/17 15:54:15	1014.4	1.0	27.8	28.2	76.0	74.0	167.0	322.0	1.3	1.7
2025/07/17 15:54:16	1014.4	1.0	27.8	28.2	76.0	74.0	148.0	312.0	1.3	1.6
2025/07/17 15:54:17	1014.4	1.0	27.8	28.2	76.0	74.0	142.0	307.0	1.5	1.8
2025/07/17 15:54:18	1014.4	1.0	27.8	28.2	76.0	74.0	145.0	309.0	1.5	1.9
2025/07/17 15:54:19	1014.4	1.0	27.8	28.2	76.0	73.0	161.0	318.0	1.3	1.7
2025/07/17 15:54:20	1014.4	1.0	27.8	28.2	76.0	73.0	179.0	326.0	1.3	1.5
2025/07/17 15:54:21	1014.5	1.0	27.8	28.2	76.0	73.0	176.0	324.0	1.3	1.5
2025/07/17 15:54:22	1014.5	1.0	27.8	28.2	76.0	74.0	178.0	317.0	2.1	2.1
2025/07/17 15:54:23	1014.5	1.0	27.8	28.2	75.0	74.0	165.0	310.0	2.5	2.7
2025/07/17 15:54:24	1014.5	1.0	27.8	28.2	75.0	74.0	151.0	301.0	2.6	2.9
2025/07/17 15:54:25	1014.5	1.0	27.8	28.2	75.0	74.0	138.0	295.0	2.4	2.6
2025/07/17 15:54:26	1014.5	1.0	27.8	28.2	76.0	74.0	135.0	297.0	2.0	2.2
2025/07/17 15:54:27	1014.5	1.0	27.8	28.2	76.0	74.0	148.0	310.0	1.4	1.8
2025/07/17 15:54:28	1014.5	1.0	27.8	28.2	75.0	74.0	172.0	326.0	1.3	1.7
2025/07/17 15:54:29	1014.5	1.0	27.8	28.2	75.0	74.0	186.0	335.0	1.3	1.7
2025/07/17 15:54:30	1014.5	1.0	27.8	28.2	75.0	74.0	189.0	338.0	1.1	1.6
2025/07/17 15:54:31	1014.5	1.0	27.8	28.2	75.0	74.0	182.0	336.0	0.9	1.4
2025/07/17 15:54:32	1014.5	1.0	27.8	28.2	75.0	74.0	159.0	321.0	0.9	1.3
2025/07/17 15:54:33	1014.5	1.0	27.8	28.2	75.0	74.0	145.0	306.0	1.3	1.5
2025/07/17 15:54:34	1014.5	1.0	27.8	28.2	76.0	74.0	151.0	307.0	1.6	1.9
2025/07/17 15:54:35	1014.5	1.0	27.8	28.2	76.0	74.0	158.0	310.0	2.0	2.3
2025/07/17 15:54:36	1014.5	1.0	27.8	28.2	75.0	74.0	163.0	313.0	2.4	2.7
2025/07/17 15:54:37	1014.5	1.0	27.8	28.2	75.0	74.0	162.0	313.0	2.3	2.7
2025/07/17 15:54:38	1014.5	1.0	27.8	28.2	75.0	74.0	158.0	311.0	2.1	2.5
2025/07/17 15:54:39	1014.5	1.0	27.8	28.2	75.0	74.0	158.0	312.0	1.8	2.1
2025/07/17 15:54:40	1014.5	1.0	27.8	28.2	75.0	74.0	162.0	315.0	1.6	1.9
2025/07/17 15:54:41	1014.5	1.0	27.8	28.2	75.0	74.0	167.0	320.0	1.4	1.8
2025/07/17 15:54:42	1014.5	1.0	27.8	28.2	76.0	74.0	170.0	323.0	1.4	1.8
2025/07/17 15:54:43	1014.5	1.0	27.8	28.2	76.0	74.0	166.0	324.0	1.2	1.7
2025/07/17 15:54:44	1014.5	1.0	27.8	28.2	76.0	74.0	166.0	327.0	1.1	1.7
2025/07/17 15:54:45	1014.5	1.0	27.8	28.2	76.0	74.0	178.0	336.0	1.0	1.6
2025/07/17 15:54:46	1014.5	1.0	27.8	28.2	76.0	74.0	188.0	339.0	1.1	1.6
2025/07/17 15:54:47	1014.5	1.0	27.8	28.2	76.0	74.0	193.0	339.0	1.2	1.5
2025/07/17 15:54:48	1014.4	1.0	27.8	28.2	76.0	74.0	178.0	325.0	1.5	1.7
2025/07/17 15:54:49	1014.4	1.0	27.8	28.2	76.0	74.0	158.0	309.0	1.9	2.1
2025/07/17 15:54:50	1014.4	1.0	27.8	28.2	75.0	74.0	152.0	304.0	2.4	2.7
2025/07/17 15:54:51	1014.4	1.0	27.8	28.2	75.0	74.0	148.0	301.0	2.7	3.0
2025/07/17 15:54:52	1014.4	1.0	27.8	28.2	75.0	74.0	149.0	305.0	2.4	2.8
2025/07/17 15:54:53	1014.4	1.0	27.8	28.2	75.0	74.0	151.0	310.0	2.0	2.4
2025/07/17 15:54:54	1014.4	1.0	27.8	28.2	75.0	74.0	153.0	318.0	1.3	1.8
2025/07/17 15:54:55	1014.4	1.0	27.8	28.2	76.0	74.0	156.0	318.0	1.1	1.5
2025/07/17 15:54:56	1014.4	1.0	27.8	28.2	76.0	74.0	163.0	321.0	1.0	1.3
2025/07/17 15:54:57	1014.5	1.0	27.8	28.2	76.0	74.0	176.0	328.0	1.0	1.3
2025/07/17 15:54:58	1014.5	1.0	27.8	28.2	76.0	74.0	190.0	338.0	1.2	1.6
2025/07/17 15:54:59	1014.5	1.0	27.8	28.2	76.0	74.0	167.0	327.0	1.1	1.6
2025/07/17 15:55:00	1014.5	1.0	27.8	28.2	76.0	74.0	157.0	319.0	1.2	1.6
2025/07/17 15:55:01	1014.5	1.0	27.8	28.2	76.0	74.0	150.0	309.0	1.5	1.8
2025/07/17 15:55:02	1014.5	1.0	27.8	28.2	76.0	74.0	145.0	300.0	1.9	2.1
2025/07/17 15:55:03	1014.5	1.0	27.8	28.2	75.0	74.0	148.0	301.0	2.2	2.4
2025/07/17 15:55:04	1014.5	1.0	27.8	28.2	75.0	74.0	150.0	302.0	2.4	2.7
2025/07/17 15:55:05	1014.5	1.0	27.9	28.2	76.0	74.0	150.0	302.0	2.4	2.7
2025/07/17 15:55:06	1014.5	1.0	27.9	28.2	76.0	74.0	147.0	302.0	2.0	2.3
2025/07/17 15:55:07	1014.5	1.0	27.9	28.2	76.0	74.0	141.0	299.0	1.7	1.9
2025/07/17 15:55:08	1014.5	1.0	27.8	28.2	75.0	74.0	141.0	300.0	1.5	1.7
2025/07/17 15:55:09	1014.5	1.0	27.8	28.2	75.0	74.0	142.0	301.0	1.5	1.7
2025/07/17 15:55:10	1014.5	1.0	27.8	28.2	76.0	74.0	150.0	306.0	1.5	1.7
2025/07/17 15:55:11	1014.5	1.0	27.8	28.2	76.0	74.0	157.0	314.0	1.5	1.9
2025/07/17 15:55:12	1014.5	1.0	27.8	28.2	76.0	74.0	163.0	318.0	1.7	2.1
2025/07/17 15:55:13	1014.5	1.0	27.8	28.2	76.0	74.0	157.0	312.0	1.7	2.1
2025/07/17 15:55:14	1014.5	1.0	27.8	28.2	76.0	74.0	139.0	297.0	1.8	2.0
2025/07/17 15:55:15	1014.4	1.0	27.9	28.2	76.0	74.0	126.0	285.0	1.9	2.0
2025/07/17 15:55:16	1014.4	1.0	27.9	28.2	76.0	74.0	136.0	292.0	1.9	2.0
2025/07/17 15:55:17	1014.4	1.0	27.9	28.2	76.0	74.0	154.0	304.0	2.1	2.3
2025/07/17 15:55:18	1014.4	1.0	27.8	28.2	76.0	74.0	160.0	307.0	2.5	2.7
2025/07/17 15:55:19	1014.4	1.0	27.8	28.2	76.0	74.0	157.0	305.0	2.7	3.0
2025/07/17 15:55:20	1014.4	1.0	27.8	28.2	76.0	74.0	148.0	300.0	2.7	3.0
2025/07/17 15:55:21	1014.4	1.0	27.8	28.2	76.0	74.0	139.0	295.0	2.6	2.8
2025/07/17 15:55:22	1014.4	1.0	27.8	28.2	76.0	74.0	135.0	294.0	2.1	2.3
2025/07/17 15:55:23	1014.4	1.0	27.8	28.2	76.0	74.0	144.0	301.0	1.8	2.0
2025/07/17 15:55:24	1014.5	1.0	27.8	28.2	76.0	74.0	153.0	312.0	1.5	1.8
2025/07/17 15:55:25	1014.5	1.0	27.8	28.2	76.0	74.0	164.0	316.0	1.7	2.0
2025/07/17 15:55:26	1014.5	1.0	27.8	28.2	76.0	74.0	164.0	313.0	1.9	2.2
2025/07/17 15:55:27	1014.5	1.0	27.8	28.2	76.0	74.0	155.0	305.0	2.2	2.4
2025/07/17 15:55:28	1014.5	1.0	27.8	28.2	76.0	74.0	145.0	298.0	2.3	2.5
2025/07/17 15:55:29	1014.5	1.0	27.8	28.2	76.0	74.0	139.0	294.0	2.3	2.5
2025/07/17 15:55:30	1014.5	1.0	27.8	28.2	76.0	74.0	139.0	294.0	2.4	2.6
2025/07/17 15:55:31	1014.5	1.0	27.8	28.2	76.0	74.0	145.0	296.0	2.5	2.7
2025/07/17 15:55:32	1014.5	1.0	27.8	28.2	76.0	74.0	151.0	300.0	2.7	2.9
2025/07/17 15:55:33	1014.4	1.0	27.8	28.2	76.0	74.0	150.0	300.0	2.8	3.0
2025/07/17 15:55:34	1014.4	1.0	27.8	28.2	76.0	74.0	146.0	301.0	2.6	2.9
2025/07/17 15:55:35	1014.4	1.0	27.8	28.2	76.0	74.0	144.0	302.0	2.4	2.7
2025/07/17 15:55:36	1014.4	1.0	27.8	28.2	76.0	74.0	144.0	304.0	2.2	2.5
2025/07/17 15:55:37	1014.4	1.0	27.8	28.2	76.0	74.0	149.0	308.0	1.8	2.1
2025/07/17 15:55:38	1014.4	1.0	27.8	28.2	76.0	74.0	159.0	313.0	1.6	1.9
2025/07/17 15:55:39	1014.4	1.0	27.8	28.2	75.0	74.0	171.0	320.0	1.6	1.9
2025/07/17 15:55:40	1014.4	1.0	27.8	28.2	75.0	74.0	175.0	322.0	1.7	2.0
2025/07/17 15:55:41	1014.4	1.0	27.8	28.2	75.0	74.0	168.0	317.0	2.0	2.3
2025/07/17 15:55:42	1014.4	1.0	27.8	28.2	76.0	74.0	158.0	313.0	2.1	2.5
2025/07/17 15:55:43	1014.4	1.0	27.8	28.2	76.0	74.0	150.0	307.0	2.2	2.6
2025/07/17 15:55:44	1014.4	1.0	27.8	28.2	76.0	74.0	140.0	297.0	2.2	2.4
2025/07/17 15:55:45	1014.4	1.0	27.8	28.2	76.0	74.0	141.0	294.0	2.2	2.3
2025/07/17 15:55:46	1014.4	1.0	27.8	28.2	76.0	74.0	152.0	302.0	2.3	2.5
2025/07/17 15:55:47	1014.4	1.0	27.8	28.2	76.0	74.0	161.0	311.0	2.3	2.6
2025/07/17 15:55:48	1014.4	1.0	27.8	28.2	76.0	74.0	159.0	315.0	2.0	2.4
2025/07/17 15:55:49	1014.4	1.0	27.8	28.2	76.0	74.0	150.0	311.0	1.7	2.1
2025/07/17 15:55:50	1014.4	1.0	27.8	28.2	76.0	74.0	146.0	313.0	1.3	1.7
2025/07/17 15:55:51	1014.4	1.0	27.8	28.2	76.0	74.0	150.0	318.0	1.0	1.4
2025/07/17 15:55:52	1014.4	1.0	27.8	28.2	76.0	74.0	164.0	328.0	0.8	1.2
2025/07/17 15:55:53	1014.4	1.0	27.8	28.2	76.0	74.0	169.0	327.0	0.8	1.1
2025/07/17 15:55:54	1014.4	1.0	27.8	28.2	76.0	74.0	167.0	322.0	1.0	1.3
2025/07/17 15:55:55	1014.4	1.0	27.8	28.2	76.0	74.0	173.0	323.0	1.5	1.8
2025/07/17 15:55:56	1014.4	1.0	27.8	28.2	76.0	74.0	172.0	320.0	1.9	2.2
2025/07/17 15:55:57	1014.4	1.0	27.8	28.2	76.0	74.0	165.0	316.0	2.1	2.5
2025/07/17 15:55:58	1014.4	1.0	27.8	28.2	76.0	74.0	150.0	305.0	2.3	2.6
2025/07/17 15:55:59	1014.4	1.0	27.8	28.2	76.0	74.0	142.0	300.0	2.3	2.6
2025/07/17 15:56:00	1014.4	1.0	27.8	28.2	76.0	74.0	143.0	299.0	2.3	2.5
2025/07/17 15:56:01	1014.4	1.0	27.8	28.2	76.0	74.0	151.0	303.0	2.2	2.4
2025/07/17 15:56:02	1014.4	1.0	27.8	28.2	76.0	74.0	153.0	308.0	2.0	2.3
2025/07/17 15:56:03	1014.4	1.0	27.8	28.2	76.0	74.0	151.0	311.0	1.5	1.9
2025/07/17 15:56:04	1014.4	1.0	27.8	28.2	76.0	74.0	157.0	315.0	1.3	1.6
2025/07/17 15:56:05	1014.4	1.0	27.8	28.2	76.0	74.0	169.0	325.0	1.1	1.5
2025/07/17 15:56:06	1014.4	1.0	27.8	28.2	76.0	74.0	173.0	330.0	1.0	1.4
2025/07/17 15:56:07	1014.4	1.0	27.8	28.2	76.0	74.0	168.0	327.0	1.0	1.4
2025/07/17 15:56:08	1014.4	1.0	27.8	28.2	76.0	74.0	153.0	316.0	1.1	1.4
2025/07/17 15:56:09	1014.4	1.0	27.8	28.2	76.0	73.0	147.0	306.0	1.3	1.5
2025/07/17 15:56:10	1014.4	1.0	27.8	28.2	76.0	73.0	150.0	304.0	1.7	1.9
2025/07/17 15:56:11	1014.4	1.0	27.8	28.2	76.0	73.0	150.0	303.0	2.1	2.3
2025/07/17 15:56:12	1014.4	1.0	27.8	28.2	76.0	74.0	150.0	301.0	2.5	2.7
2025/07/17 15:56:13	1014.4	1.0	27.8	28.2	76.0	74.0	149.0	303.0	2.4	2.7
2025/07/17 15:56:14	1014.4	1.0	27.8	28.2	76.0	74.0	148.0	306.0	2.0	2.3
2025/07/17 15:56:15	1014.4	1.0	27.8	28.2	76.0	74.0	154.0	312.0	1.5	1.8
2025/07/17 15:56:16	1014.4	1.0	27.8	28.2	76.0	74.0	165.0	320.0	1.2	1.5
2025/07/17 15:56:17	1014.4	1.0	27.8	28.2	76.0	74.0	165.0	322.0	1.0	1.3
2025/07/17 15:56:18	1014.4	1.0	27.8	28.2	76.0	74.0	160.0	317.0	1.1	1.4
2025/07/17 15:56:19	1014.4	1.0	27.8	28.2	76.0	74.0	155.0	314.0	1.3	1.6
2025/07/17 15:56:20	1014.4	1.0	27.8	28.2	76.0	74.0	149.0	311.0	1.4	1.7
2025/07/17 15:56:21	1014.4	1.0	27.9	28.2	76.0	74.0	147.0	311.0	1.3	1.7
2025/07/17 15:56:22	1014.4	1.0	27.9	28.2	76.0	74.0	150.0	311.0	1.2	1.5
2025/07/17 15:56:23	1014.4	1.0	27.9	28.2	76.0	74.0	157.0	313.0	1.1	1.3
2025/07/17 15:56:24	1014.4	1.0	27.8	28.2	76.0	74.0	165.0	317.0	1.2	1.4
2025/07/17 15:56:25	1014.4	1.0	27.8	28.2	76.0	74.0	154.0	308.0	1.6	1.8
2025/07/17 15:56:26	1014.4	1.0	27.9	28.2	75.0	74.0	143.0	298.0	2.2	2.4
2025/07/17 15:56:27	1014.4	1.0	27.9	28.2	75.0	74.0	140.0	293.0	2.7	2.9
2025/07/17 15:56:28	1014.4	1.0	27.9	28.2	75.0	74.0	143.0	296.0	2.8	3.0
2025/07/17 15:56:29	1014.4	1.0	27.9	28.2	75.0	74.0	147.0	302.0	2.2	2.5
2025/07/17 15:56:30	1014.4	1.0	27.9	28.2	75.0	74.0	146.0	304.0	1.6	1.9
2025/07/17 15:56:31	1014.4	1.0	27.9	28.2	75.0	74.0	151.0	311.0	1.1	1.4
2025/07/17 15:56:32	1014.4	1.0	27.9	28.2	75.0	74.0	149.0	310.0	1.0	1.2
2025/07/17 15:56:33	1014.4	1.0	27.9	28.2	75.0	74.0	148.0	307.0	1.3	1.5
2025/07/17 15:56:34	1014.4	1.0	27.9	28.2	76.0	74.0	145.0	304.0	1.5	1.8
2025/07/17 15:56:35	1014.4	1.0	27.9	28.2	76.0	74.0	145.0	304.0	1.7	2.0
2025/07/17 15:56:36	1014.4	1.0	27.9	28.2	76.0	74.0	149.0	306.0	1.8	2.1
2025/07/17 15:56:37	1014.4	1.0	27.9	28.2	76.0	74.0	157.0	309.0	1.7	2.0
2025/07/17 15:56:38	1014.4	1.0	27.9	28.2	76.0	74.0	156.0	307.0	1.8	2.0
2025/07/17 15:56:39	1014.4	1.0	27.9	28.2	76.0	74.0	151.0	303.0	2.0	2.2
2025/07/17 15:56:40	1014.4	1.0	27.9	28.2	76.0	74.0	146.0	301.0	2.2	2.4
2025/07/17 15:56:41	1014.4	1.0	27.9	28.2	76.0	74.0	145.0	301.0	2.2	2.5
2025/07/17 15:56:42	1014.4	1.0	27.9	28.2	76.0	74.0	155.0	309.0	2.2	2.6
2025/07/17 15:56:43	1014.4	1.0	27.9	28.2	76.0	74.0	156.0	309.0	2.1	2.4
2025/07/17 15:56:44	1014.4	1.0	27.9	28.2	76.0	74.0	155.0	310.0	1.9	2.2
2025/07/17 15:56:45	1014.4	1.0	27.9	28.2	76.0	74.0	148.0	306.0	1.6	1.9
2025/07/17 15:56:46	1014.4	1.0	27.9	28.2	76.0	74.0	159.0	316.0	1.4	1.8
2025/07/17 15:56:47	1014.4	1.0	27.9	28.2	76.0	74.0	157.0	317.0	1.2	1.6
2025/07/17 15:56:48	1014.4	1.0	27.9	28.2	76.0	74.0	150.0	315.0	1.1	1.4
2025/07/17 15:56:49	1014.4	1.0	27.9	28.2	76.0	74.0	147.0	308.0	1.2	1.5
2025/07/17 15:56:50	1014.4	1.0	27.9	28.2	76.0	74.0	152.0	305.0	1.5	1.7
2025/07/17 15:56:51	1014.4	1.0	27.9	28.2	76.0	74.0	153.0	305.0	1.9	2.2
2025/07/17 15:56:52	1014.4	1.0	27.9	28.2	76.0	75.0	161.0	311.0	2.3	2.6
2025/07/17 15:56:53	1014.4	1.0	27.9	28.2	76.0	75.0	159.0	311.0	2.3	2.7
2025/07/17 15:56:54	1014.4	1.0	27.9	28.3	76.0	75.0	150.0	307.0	2.1	2.5
2025/07/17 15:56:55	1014.4	1.0	27.9	28.3	76.0	75.0	152.0	308.0	1.8	2.1
2025/07/17 15:56:56	1014.4	1.0	27.9	28.3	76.0	75.0	154.0	310.0	1.6	1.9
2025/07/17 15:56:57	1014.4	1.0	27.9	28.3	76.0	75.0	166.0	320.0	1.5	1.9
2025/07/17 15:56:58	1014.4	1.0	27.9	28.3	76.0	75.0	175.0	328.0	1.4	1.9
2025/07/17 15:56:59	1014.4	1.0	27.9	28.3	76.0	75.0	182.0	334.0	1.4	1.9
2025/07/17 15:57:00	1014.4	1.0	27.9	28.3	76.0	74.0	179.0	331.0	1.2	1.7
2025/07/17 15:57:01	1014.4	1.0	27.9	28.3	76.0	74.0	194.0	342.0	1.0	1.5
2025/07/17 15:57:02	1014.4	1.0	27.9	28.3	76.0	74.0	193.0	341.0	1.0	1.4
2025/07/17 15:57:03	1014.4	1.0	27.9	28.3	76.0	74.0	178.0	328.0	1.3	1.7
2025/07/17 15:57:04	1014.4	1.0	27.9	28.3	76.0	74.0	166.0	318.0	2.1	2.5
2025/07/17 15:57:05	1014.4	1.0	27.9	28.3	76.0	74.0	160.0	312.0	2.7	3.1
2025/07/17 15:57:06	1014.4	1.0	27.9	28.3	76.0	74.0	156.0	308.0	2.8	3.2
2025/07/17 15:57:07	1014.4	1.0	27.9	28.3	76.0	74.0	152.0	304.0	2.6	2.9
2025/07/17 15:57:08	1014.4	1.0	27.9	28.3	76.0	74.0	146.0	301.0	2.1	2.3
2025/07/17 15:57:09	1014.4	1.0	27.9	28.3	76.0	74.0	142.0	300.0	1.8	2.0
2025/07/17 15:57:10	1014.4	1.0	27.9	28.3	76.0	74.0	145.0	304.0	1.6	1.9
2025/07/17 15:57:11	1014.4	1.0	27.9	28.3	76.0	74.0	164.0	318.0	1.8	2.2
2025/07/17 15:57:12	1014.4	1.0	27.9	28.3	76.0	74.0	180.0	330.0	1.8	2.3
2025/07/17 15:57:13	1014.4	1.0	27.9	28.3	76.0	74.0	185.0	334.0	1.6	2.1
2025/07/17 15:57:14	1014.4	1.0	27.9	28.3	76.0	74.0	172.0	327.0	1.1	1.5
2025/07/17 15:57:15	1014.4	1.0	27.9	28.3	76.0	73.0	145.0	305.0	1.1	1.3
2025/07/17 15:57:16	1014.4	1.0	27.9	28.3	76.0	73.0	141.0	301.0	1.3	1.5
2025/07/17 15:57:17	1014.4	1.0	27.9	28.3	76.0	73.0	155.0	311.0	1.8	2.1
2025/07/17 15:57:18	1014.4	1.0	27.9	28.3	76.0	73.0	160.0	313.0	2.4	2.8
2025/07/17 15:57:19	1014.4	1.0	27.8	28.3	76.0	73.0	153.0	307.0	2.5	2.9
2025/07/17 15:57:20	1014.4	1.0	27.8	28.3	76.0	73.0	149.0	302.0	2.4	2.7
2025/07/17 15:57:21	1014.4	1.0	27.8	28.3	76.0	73.0	148.0	302.0	2.2	2.4
2025/07/17 15:57:22	1014.4	1.0	27.8	28.3	76.0	73.0	151.0	306.0	1.8	2.1
2025/07/17 15:57:23	1014.4	1.0	27.8	28.3	76.0	73.0	158.0	312.0	1.5	1.8
2025/07/17 15:57:24	1014.4	1.0	27.8	28.3	76.0	73.0	162.0	317.0	1.4	1.7
2025/07/17 15:57:25	1014.4	1.0	27.8	28.3	76.0	73.0	160.0	317.0	1.2	1.6
2025/07/17 15:57:26	1014.4	1.0	27.8	28.3	76.0	73.0	156.0	317.0	1.3	1.7
2025/07/17 15:57:27	1014.4	1.0	27.8	28.3	76.0	73.0	154.0	312.0	1.5	1.8
2025/07/17 15:57:28	1014.4	1.0	27.8	28.3	76.0	73.0	155.0	308.0	1.8	2.1
2025/07/17 15:57:29	1014.4	1.0	27.8	28.3	76.0	73.0	156.0	307.0	2.1	2.4
2025/07/17 15:57:30	1014.4	1.0	27.8	28.3	76.0	73.0	157.0	309.0	2.4	2.7
2025/07/17 15:57:31	1014.4	1.0	27.8	28.3	76.0	74.0	154.0	308.0	2.3	2.7
2025/07/17 15:57:32	1014.4	1.0	27.8	28.3	76.0	74.0	148.0	305.0	2.1	2.4
2025/07/17 15:57:33	1014.4	1.0	27.8	28.3	76.0	74.0	146.0	302.0	2.0	2.3
2025/07/17 15:57:34	1014.4	1.0	27.8	28.2	76.0	73.0	149.0	304.0	1.9	2.2
2025/07/17 15:57:35	1014.4	1.0	27.8	28.2	75.0	73.0	158.0	312.0	1.8	2.1
2025/07/17 15:57:36	1014.4	1.0	27.8	28.2	75.0	74.0	166.0	319.0	1.6	2.0
2025/07/17 15:57:37	1014.4	1.0	27.8	28.2	75.0	74.0	168.0	320.0	1.7	2.1
2025/07/17 15:57:38	1014.4	1.0	27.8	28.2	76.0	74.0	164.0	317.0	1.6	2.0
2025/07/17 15:57:39	1014.4	1.0	27.8	28.2	76.0	74.0	160.0	315.0	1.5	1.8
2025/07/17 15:57:40	1014.4	1.0	27.8	28.2	76.0	74.0	152.0	310.0	1.3	1.6
2025/07/17 15:57:41	1014.4	1.0	27.8	28.2	76.0	74.0	145.0	302.0	1.6	1.8
2025/07/17 15:57:42	1014.4	1.0	27.8	28.2	76.0	74.0	150.0	305.0	1.9	2.2
2025/07/17 15:57:43	1014.4	1.0	27.8	28.2	75.0	74.0	159.0	310.0	2.5	2.8
2025/07/17 15:57:44	1014.4	1.0	27.8	28.2	75.0	74.0	155.0	307.0	2.6	3.0
2025/07/17 15:57:45	1014.4	1.0	27.8	28.2	75.0	74.0	145.0	301.0	2.4	2.7
2025/07/17 15:57:46	1014.4	1.0	27.8	28.2	76.0	74.0	140.0	298.0	2.1	2.3
2025/07/17 15:57:47	1014.4	1.0	27.8	28.2	76.0	74.0	148.0	302.0	1.7	1.9
2025/07/17 15:57:48	1014.4	1.0	27.8	28.2	76.0	74.0	161.0	315.0	1.4	1.7
2025/07/17 15:57:49	1014.4	1.0	27.8	28.2	76.0	74.0	172.0	326.0	1.2	1.6
2025/07/17 15:57:50	1014.4	1.0	27.8	28.2	76.0	74.0	171.0	325.0	1.2	1.6
2025/07/17 15:57:51	1014.4	1.0	27.8	28.2	75.0	74.0	160.0	316.0	1.3	1.6
2025/07/17 15:57:52	1014.4	1.0	27.8	28.2	75.0	74.0	156.0	311.0	1.7	2.0
2025/07/17 15:57:53	1014.4	1.0	27.8	28.2	75.0	74.0	154.0	308.0	2.0	2.3
2025/07/17 15:57:54	1014.4	1.0	27.8	28.2	76.0	74.0	152.0	306.0	2.1	2.4
2025/07/17 15:57:55	1014.4	1.0	27.8	28.2	76.0	74.0	148.0	303.0	2.1	2.4
2025/07/17 15:57:56	1014.4	1.0	27.8	28.2	75.0	74.0	148.0	304.0	2.0	2.3
2025/07/17 15:57:57	1014.4	1.0	27.8	28.2	75.0	74.0	149.0	306.0	2.0	2.3
2025/07/17 15:57:58	1014.4	1.0	27.8	28.2	75.0	74.0	154.0	311.0	1.9	2.3
2025/07/17 15:57:59	1014.4	1.0	27.8	28.2	76.0	74.0	159.0	313.0	1.8	2.1
2025/07/17 15:58:00	1014.4	1.0	27.8	28.2	76.0	74.0	161.0	311.0	1.8	2.0
2025/07/17 15:58:01	1014.4	1.0	27.8	28.2	76.0	74.0	164.0	315.0	1.6	1.9
2025/07/17 15:58:02	1014.4	1.0	27.8	28.2	76.0	74.0	167.0	319.0	1.5	1.9
2025/07/17 15:58:03	1014.4	1.0	27.8	28.2	76.0	74.0	168.0	322.0	1.4	1.8
2025/07/17 15:58:04	1014.4	1.0	27.8	28.2	75.0	74.0	167.0	321.0	1.4	1.8
2025/07/17 15:58:05	1014.4	1.0	27.8	28.2	75.0	74.0	163.0	319.0	1.5	1.9
2025/07/17 15:58:06	1014.4	1.0	27.8	28.2	75.0	74.0	158.0	314.0	1.7	2.1
2025/07/17 15:58:07	1014.4	1.0	27.8	28.2	75.0	74.0	156.0	311.0	2.0	2.4
2025/07/17 15:58:08	1014.4	1.0	27.8	28.2	75.0	74.0	153.0	307.0	2.2	2.5
2025/07/17 15:58:09	1014.4	1.0	27.8	28.2	75.0	74.0	150.0	305.0	2.1	2.4
2025/07/17 15:58:10	1014.4	1.0	27.8	28.2	75.0	74.0	154.0	307.0	1.9	2.2
2025/07/17 15:58:11	1014.4	1.0	27.8	28.2	75.0	74.0	163.0	314.0	1.7	2.0
2025/07/17 15:58:12	1014.4	1.0	27.8	28.2	75.0	74.0	171.0	322.0	1.5	1.8
2025/07/17 15:58:13	1014.4	1.0	27.8	28.2	75.0	74.0	171.0	325.0	1.3	1.7
2025/07/17 15:58:14	1014.4	1.0	27.8	28.2	76.0	74.0	161.0	322.0	1.2	1.7
2025/07/17 15:58:15	1014.4	1.0	27.8	28.2	76.0	74.0	153.0	314.0	1.4	1.8
2025/07/17 15:58:16	1014.4	1.0	27.8	28.2	76.0	74.0	153.0	311.0	1.5	1.8
2025/07/17 15:58:17	1014.4	1.0	27.8	28.2	76.0	74.0	162.0	316.0	1.5	1.9
2025/07/17 15:58:18	1014.4	1.0	27.8	28.2	76.0	74.0	170.0	321.0	1.6	1.9
2025/07/17 15:58:19	1014.4	1.0	27.8	28.2	75.0	74.0	168.0	319.0	1.5	1.8
2025/07/17 15:58:20	1014.4	1.0	27.8	28.2	75.0	74.0	153.0	309.0	1.6	1.9
2025/07/17 15:58:21	1014.4	1.0	27.8	28.2	75.0	74.0	144.0	301.0	1.8	2.1
2025/07/17 15:58:22	1014.4	1.0	27.8	28.2	75.0	74.0	146.0	302.0	2.0	2.3
2025/07/17 15:58:23	1014.4	1.0	27.8	28.2	75.0	74.0	153.0	307.0	2.0	2.3
2025/07/17 15:58:24	1014.4	1.0	27.8	28.2	75.0	74.0	157.0	312.0	1.7	2.0
2025/07/17 15:58:25	1014.4	1.0	27.8	28.2	76.0	74.0	158.0	314.0	1.4	1.7
2025/07/17 15:58:26	1014.4	1.0	27.8	28.2	76.0	74.0	155.0	312.0	1.3	1.6
2025/07/17 15:58:27	1014.4	1.0	27.8	28.2	75.0	74.0	158.0	312.0	1.5	1.8
2025/07/17 15:58:28	1014.4	1.0	27.8	28.2	75.0	74.0	154.0	311.0	1.7	2.0
2025/07/17 15:58:29	1014.4	1.0	27.8	28.2	75.0	74.0	150.0	309.0	1.6	1.9
2025/07/17 15:58:30	1014.4	1.0	27.8	28.2	76.0	74.0	148.0	308.0	1.4	1.7
2025/07/17 15:58:31	1014.4	1.0	27.8	28.2	76.0	74.0	148.0	309.0	1.3	1.6
2025/07/17 15:58:32	1014.4	1.0	27.8	28.2	76.0	74.0	154.0	313.0	1.4	1.7
2025/07/17 15:58:33	1014.4	1.0	27.8	28.2	75.0	74.0	153.0	311.0	1.5	1.8
2025/07/17 15:58:34	1014.4	1.0	27.8	28.2	75.0	74.0	150.0	306.0	1.6	1.9
2025/07/17 15:58:35	1014.4	1.0	27.8	28.2	75.0	74.0	152.0	307.0	1.7	2.0
2025/07/17 15:58:36	1014.4	1.0	27.8	28.2	75.0	74.0	159.0	312.0	1.8	2.1
2025/07/17 15:58:37	1014.4	1.0	27.8	28.2	75.0	74.0	158.0	311.0	1.7	2.0
2025/07/17 15:58:38	1014.4	1.0	27.8	28.2	75.0	74.0	148.0	304.0	1.6	1.8
2025/07/17 15:58:39	1014.4	1.0	27.8	28.2	75.0	74.0	148.0	302.0	1.8	2.0
2025/07/17 15:58:40	1014.4	1.0	27.8	28.2	75.0	74.0	152.0	309.0	1.9	2.2
2025/07/17 15:58:41	1014.4	1.0	27.8	28.2	75.0	74.0	160.0	315.0	1.8	2.2
2025/07/17 15:58:42	1014.4	1.0	27.8	28.2	75.0	74.0	153.0	314.0	1.5	1.9
2025/07/17 15:58:43	1014.4	1.0	27.8	28.2	76.0	74.0	153.0	311.0	1.3	1.6
2025/07/17 15:58:44	1014.4	1.0	27.8	28.2	76.0	74.0	154.0	309.0	1.4	1.6
2025/07/17 15:58:45	1014.4	1.0	27.8	28.2	76.0	74.0	157.0	312.0	1.7	2.0
2025/07/17 15:58:46	1014.4	1.0	27.8	28.2	75.0	74.0	156.0	312.0	1.8	2.1
2025/07/17 15:58:47	1014.4	1.0	27.8	28.1	75.0	74.0	147.0	305.0	1.6	1.9
2025/07/17 15:58:48	1014.4	1.0	27.8	28.1	75.0	74.0	138.0	300.0	1.3	1.5
2025/07/17 15:58:49	1014.4	1.0	27.8	28.1	75.0	74.0	146.0	307.0	1.2	1.4
2025/07/17 15:58:50	1014.4	1.0	27.8	28.1	75.0	74.0	165.0	318.0	1.4	1.7
2025/07/17 15:58:51	1014.4	1.0	27.9	28.1	75.0	74.0	170.0	320.0	1.8	2.2
2025/07/17 15:58:52	1014.4	1.0	27.9	28.1	75.0	74.0	168.0	318.0	1.9	2.3
2025/07/17 15:58:53	1014.4	1.0	27.9	28.2	75.0	74.0	150.0	306.0	1.8	2.1
2025/07/17 15:58:54	1014.4	1.0	27.9	28.2	76.0	74.0	135.0	295.0	1.8	2.0
2025/07/17 15:58:55	1014.4	1.0	27.9	28.2	76.0	74.0	136.0	296.0	1.7	1.9
2025/07/17 15:58:56	1014.4	1.0	27.9	28.2	76.0	74.0	147.0	308.0	1.5	1.8
2025/07/17 15:58:57	1014.4	1.0	27.9	28.2	75.0	74.0	160.0	321.0	1.2	1.6
2025/07/17 15:58:58	1014.4	1.0	27.9	28.2	75.0	74.0	168.0	328.0	0.9	1.3
2025/07/17 15:58:59	1014.4	1.0	27.9	28.2	75.0	74.0	169.0	333.0	0.5	0.9
2025/07/17 15:59:00	1014.4	1.0	27.9	28.2	75.0	74.0	175.0	332.0	0.7	1.0
2025/07/17 15:59:01	1014.4	1.0	27.9	28.2	75.0	74.0	175.0	325.0	1.4	1.7
2025/07/17 15:59:02	1014.4	1.0	27.9	28.2	75.0	74.0	165.0	317.0	2.0	2.4
2025/07/17 15:59:03	1014.4	1.0	27.9	28.2	75.0	74.0	149.0	305.0	2.2	2.5
2025/07/17 15:59:04	1014.4	1.0	27.9	28.2	75.0	74.0	137.0	299.0	1.8	2.0
2025/07/17 15:59:05	1014.4	1.0	27.9	28.2	75.0	74.0	141.0	305.0	1.3	1.5
2025/07/17 15:59:06	1014.4	1.0	27.9	28.2	75.0	74.0	157.0	312.0	1.3	1.6
2025/07/17 15:59:07	1014.4	1.0	27.9	28.2	75.0	74.0	158.0	313.0	1.3	1.6
2025/07/17 15:59:08	1014.4	1.0	27.9	28.2	75.0	74.0	157.0	313.0	1.5	1.8
2025/07/17 15:59:09	1014.4	1.0	27.9	28.2	75.0	74.0	153.0	314.0	1.3	1.7
2025/07/17 15:59:10	1014.4	1.0	27.9	28.2	75.0	74.0	145.0	310.0	1.3	1.6
2025/07/17 15:59:11	1014.4	1.0	27.9	28.2	75.0	74.0	135.0	300.0	1.3	1.5
2025/07/17 15:59:12	1014.4	1.0	27.9	28.2	75.0	74.0	127.0	293.0	1.3	1.4
2025/07/17 15:59:13	1014.4	1.0	27.9	28.2	75.0	74.0	132.0	299.0	1.2	1.4
2025/07/17 15:59:14	1014.4	1.0	27.9	28.2	75.0	74.0	150.0	311.0	1.2	1.5
2025/07/17 15:59:15	1014.4	1.0	27.9	28.2	75.0	74.0	158.0	316.0	1.3	1.6
2025/07/17 15:59:16	1014.4	1.0	27.9	28.2	75.0	74.0	148.0	307.0	1.4	1.7
2025/07/17 15:59:17	1014.4	1.0	27.9	28.2	76.0	74.0	142.0	300.0	1.8	2.0
2025/07/17 15:59:18	1014.4	1.0	27.9	28.2	76.0	74.0	143.0	299.0	2.1	2.3
2025/07/17 15:59:19	1014.4	1.0	27.9	28.2	76.0	74.0	140.0	297.0	2.1	2.3
2025/07/17 15:59:20	1014.4	1.0	27.9	28.2	76.0	74.0	131.0	291.0	1.9	2.0
2025/07/17 15:59:21	1014.4	1.0	27.9	28.2	76.0	74.0	125.0	288.0	1.5	1.6
2025/07/17 15:59:22	1014.4	1.0	27.9	28.2	76.0	74.0	134.0	300.0	1.1	1.3
2025/07/17 15:59:23	1014.4	1.0	27.9	28.2	76.0	74.0	169.0	328.0	1.0	1.4
2025/07/17 15:59:24	1014.4	1.0	27.9	28.2	76.0	74.0	184.0	335.0	1.3	1.8
2025/07/17 15:59:25	1014.4	1.0	27.9	28.2	75.0	74.0	174.0	327.0	1.5	1.9
2025/07/17 15:59:26	1014.4	1.0	27.9	28.2	75.0	74.0	151.0	308.0	1.6	1.9
2025/07/17 15:59:27	1014.4	1.0	27.9	28.2	75.0	74.0	134.0	292.0	2.0	2.1
2025/07/17 15:59:28	1014.4	1.0	27.9	28.2	76.0	74.0	129.0	288.0	2.1	2.2
2025/07/17 15:59:29	1014.4	1.0	27.9	28.2	76.0	74.0	136.0	293.0	2.1	2.3
2025/07/17 15:59:30	1014.4	1.0	27.9	28.2	76.0	74.0	149.0	304.0	2.1	2.4
2025/07/17 15:59:31	1014.4	1.0	27.9	28.2	76.0	74.0	157.0	310.0	2.3	2.6
2025/07/17 15:59:32	1014.4	1.0	27.9	28.2	76.0	74.0	155.0	309.0	2.3	2.6
2025/07/17 15:59:33	1014.4	1.0	27.9	28.2	75.0	74.0	154.0	309.0	2.1	2.4
2025/07/17 15:59:34	1014.4	1.0	27.9	28.2	75.0	74.0	158.0	313.0	1.7	2.0
2025/07/17 15:59:35	1014.4	1.0	27.9	28.2	75.0	74.0	157.0	314.0	1.5	1.8
2025/07/17 15:59:36	1014.4	1.0	27.9	28.2	76.0	74.0	159.0	315.0	1.5	1.9
2025/07/17 15:59:37	1014.4	1.0	27.9	28.2	76.0	74.0	149.0	309.0	1.5	1.8
2025/07/17 15:59:38	1014.4	1.0	27.9	28.2	76.0	74.0	145.0	305.0	1.7	2.0
2025/07/17 15:59:39	1014.4	1.0	27.9	28.2	76.0	74.0	147.0	307.0	1.8	2.1
2025/07/17 15:59:40	1014.4	1.0	27.9	28.2	76.0	74.0	153.0	311.0	1.8	2.2
2025/07/17 15:59:41	1014.4	1.0	27.9	28.2	76.0	74.0	160.0	315.0	1.7	2.1
2025/07/17 15:59:42	1014.4	1.0	27.9	28.2	76.0	74.0	161.0	313.0	1.7	2.0
2025/07/17 15:59:43	1014.4	1.0	27.9	28.2	76.0	74.0	155.0	306.0	1.9	2.1
2025/07/17 15:59:44	1014.4	1.0	27.9	28.2	76.0	74.0	150.0	303.0	2.1	2.3
2025/07/17 15:59:45	1014.4	1.0	27.9	28.2	76.0	74.0	146.0	302.0	2.3	2.6
2025/07/17 15:59:46	1014.4	1.0	27.9	28.2	76.0	74.0	145.0	304.0	2.3	2.6
2025/07/17 15:59:47	1014.4	1.0	27.9	28.2	76.0	74.0	145.0	304.0	2.1	2.5
2025/07/17 15:59:48	1014.4	1.0	27.9	28.2	76.0	74.0	152.0	310.0	1.8	2.2
2025/07/17 15:59:49	1014.4	1.0	27.9	28.2	76.0	74.0	169.0	321.0	1.5	1.8
2025/07/17 15:59:50	1014.4	1.0	27.9	28.2	76.0	74.0	184.0	334.0	1.1	1.5
2025/07/17 15:59:51	1014.4	1.0	27.9	28.2	76.0	74.0	182.0	333.0	1.2	1.6
2025/07/17 15:59:52	1014.4	1.0	27.9	28.2	76.0	74.0	169.0	325.0	1.4	1.9
2025/07/17 15:59:53	1014.4	1.0	27.9	28.2	76.0	74.0	152.0	312.0	1.7	2.1
2025/07/17 15:59:54	1014.4	1.0	27.9	28.2	76.0	74.0	142.0	301.0	2.0	2.3
2025/07/17 15:59:55	1014.4	1.0	27.9	28.2	76.0	74.0	143.0	301.0	1.9	2.1
2025/07/17 15:59:56	1014.4	1.0	27.9	28.2	76.0	74.0	158.0	312.0	1.8	2.1
2025/07/17 15:59:57	1014.4	1.0	27.9	28.2	76.0	74.0	172.0	322.0	1.9	2.3
2025/07/17 15:59:58	1014.4	1.0	27.9	28.2	76.0	74.0	168.0	321.0	1.9	2.3
2025/07/17 15:59:59	1014.4	1.0	27.9	28.2	76.0	74.0	157.0	314.0	1.8	2.2
2025/07/17 16:00:00	1014.4	1.0	27.9	28.2	76.0	74.0	146.0	306.0	1.7	2.0
2025/07/17 16:00:01	1014.4	1.0	27.9	28.2	76.0	74.0	148.0	304.0	1.7	1.9
2025/07/17 16:00:02	1014.4	1.0	27.9	28.2	76.0	74.0	154.0	309.0	1.6	1.9
2025/07/17 16:00:03	1014.4	1.0	27.9	28.2	76.0	74.0	161.0	314.0	1.8	2.1
2025/07/17 16:00:04	1014.4	1.0	27.9	28.2	76.0	74.0	163.0	318.0	1.7	2.1
2025/07/17 16:00:05	1014.4	1.0	27.9	28.2	76.0	74.0	160.0	319.0	1.5	2.0
2025/07/17 16:00:06	1014.4	1.0	27.9	28.2	76.0	74.0	155.0	317.0	1.4	1.8
2025/07/17 16:00:07	1014.4	1.0	27.9	28.2	76.0	74.0	154.0	316.0	1.3	1.7
2025/07/17 16:00:08	1014.4	1.0	27.9	28.2	76.0	74.0	156.0	315.0	1.4	1.7
2025/07/17 16:00:09	1014.4	1.0	27.9	28.2	76.0	74.0	164.0	318.0	1.4	1.7
2025/07/17 16:00:10	1014.4	1.0	27.9	28.2	76.0	74.0	166.0	317.0	1.6	1.9
2025/07/17 16:00:11	1014.4	1.0	27.9	28.2	76.0	74.0	156.0	309.0	1.8	2.1
2025/07/17 16:00:12	1014.4	1.0	27.9	28.2	76.0	74.0	145.0	303.0	2.0	2.3
2025/07/17 16:00:13	1014.4	1.0	27.9	28.2	76.0	74.0	143.0	300.0	2.2	2.5
2025/07/17 16:00:14	1014.4	1.0	27.9	28.2	76.0	74.0	143.0	301.0	2.2	2.5
2025/07/17 16:00:15	1014.4	1.0	27.9	28.2	76.0	74.0	147.0	307.0	1.8	2.1
2025/07/17 16:00:16	1014.4	1.0	27.9	28.2	76.0	74.0	154.0	315.0	1.3	1.7
2025/07/17 16:00:17	1014.4	1.0	27.9	28.2	76.0	74.0	158.0	319.0	1.0	1.4
2025/07/17 16:00:18	1014.4	1.0	27.9	28.2	76.0	74.0	151.0	313.0	1.2	1.5
2025/07/17 16:00:19	1014.4	1.0	27.9	28.2	76.0	74.0	142.0	304.0	1.4	1.6
2025/07/17 16:00:20	1014.4	1.0	27.9	28.2	76.0	74.0	139.0	297.0	1.7	1.9
2025/07/17 16:00:21	1014.4	1.0	27.9	28.2	76.0	74.0	145.0	302.0	1.8	2.0
2025/07/17 16:00:22	1014.4	1.0	27.9	28.2	76.0	74.0	152.0	307.0	1.9	2.2
2025/07/17 16:00:23	1014.4	1.0	27.9	28.2	76.0	74.0	153.0	308.0	2.0	2.3
2025/07/17 16:00:24	1014.4	1.0	27.9	28.2	76.0	74.0	148.0	303.0	2.0	2.3
2025/07/17 16:00:25	1014.4	1.0	27.9	28.2	76.0	74.0	142.0	299.0	2.1	2.3
2025/07/17 16:00:26	1014.4	1.0	27.9	28.2	76.0	74.0	139.0	297.0	2.2	2.4
2025/07/17 16:00:27	1014.4	1.0	27.9	28.2	76.0	74.0	143.0	301.0	2.1	2.4
2025/07/17 16:00:28	1014.4	1.0	27.9	28.2	76.0	74.0	148.0	305.0	1.9	2.2
2025/07/17 16:00:29	1014.4	1.0	27.9	28.2	76.0	74.0	151.0	310.0	1.6	1.9
2025/07/17 16:00:30	1014.4	1.0	27.9	28.2	76.0	74.0	158.0	314.0	1.6	1.9
2025/07/17 16:00:31	1014.4	1.0	27.9	28.2	76.0	74.0	155.0	311.0	1.6	1.9
2025/07/17 16:00:32	1014.4	1.0	27.9	28.2	76.0	74.0	154.0	312.0	1.5	1.8
2025/07/17 16:00:33	1014.4	1.0	27.9	28.2	76.0	74.0	152.0	310.0	1.5	1.8
2025/07/17 16:00:34	1014.4	1.0	27.9	28.2	76.0	74.0	151.0	308.0	1.6	1.9
2025/07/17 16:00:35	1014.4	1.0	27.9	28.2	76.0	74.0	150.0	307.0	1.8	2.1
2025/07/17 16:00:36	1014.4	1.0	27.9	28.2	76.0	74.0	150.0	307.0	2.0	2.4
2025/07/17 16:00:37	1014.4	1.0	27.9	28.2	76.0	74.0	154.0	310.0	2.1	2.5
2025/07/17 16:00:38	1014.4	1.0	27.9	28.2	76.0	74.0	148.0	305.0	2.2	2.5
2025/07/17 16:00:39	1014.4	1.0	27.9	28.2	76.0	74.0	146.0	304.0	1.9	2.2
2025/07/17 16:00:40	1014.4	1.0	27.9	28.2	76.0	74.0	143.0	304.0	1.6	1.9
2025/07/17 16:00:41	1014.4	1.0	27.9	28.2	76.0	74.0	153.0	312.0	1.5	1.8
2025/07/17 16:00:42	1014.4	1.0	27.9	28.2	76.0	74.0	154.0	313.0	1.3	1.6
2025/07/17 16:00:43	1014.4	1.0	27.9	28.2	76.0	74.0	168.0	321.0	1.4	1.8
2025/07/17 16:00:44	1014.4	1.0	27.9	28.2	76.0	74.0	177.0	327.0	1.7	2.1
2025/07/17 16:00:45	1014.4	1.0	27.9	28.2	76.0	74.0	177.0	326.0	2.0	2.4
2025/07/17 16:00:46	1014.4	1.0	27.9	28.2	76.0	74.0	165.0	316.0	2.1	2.5
2025/07/17 16:00:47	1014.4	1.0	27.9	28.2	76.0	74.0	147.0	303.0	2.2	2.5
2025/07/17 16:00:48	1014.4	1.0	27.9	28.2	76.0	74.0	132.0	293.0	2.2	2.4
2025/07/17 16:00:49	1014.4	1.0	27.9	28.2	76.0	74.0	131.0	294.0	2.0	2.2
2025/07/17 16:00:50	1014.4	1.0	27.9	28.2	76.0	74.0	149.0	308.0	1.8	2.2
2025/07/17 16:00:51	1014.4	1.0	27.9	28.2	76.0	74.0	171.0	320.0	1.9	2.2
2025/07/17 16:00:52	1014.4	1.0	27.9	28.2	76.0	74.0	175.0	324.0	1.9	2.3
2025/07/17 16:00:53	1014.4	1.0	27.9	28.2	76.0	74.0	162.0	313.0	2.0	2.3
2025/07/17 16:00:54	1014.4	1.0	27.9	28.2	76.0	74.0	148.0	301.0	2.1	2.3
2025/07/17 16:00:55	1014.4	1.0	27.9	28.2	76.0	74.0	137.0	293.0	2.1	2.3
2025/07/17 16:00:56	1014.4	1.0	27.9	28.2	76.0	74.0	144.0	302.0	2.1	2.4
2025/07/17 16:00:57	1014.4	1.0	27.9	28.2	76.0	74.0	167.0	319.0	2.2	2.7
2025/07/17 16:00:58	1014.4	1.0	27.9	28.2	76.0	74.0	180.0	329.0	2.3	2.8
2025/07/17 16:00:59	1014.4	1.0	27.9	28.2	76.0	74.0	184.0	331.0	2.3	2.7
2025/07/17 16:01:00	1014.4	1.0	27.9	28.2	76.0	74.0	169.0	318.0	2.2	2.6
2025/07/17 16:01:01	1014.4	1.0	27.9	28.2	76.0	74.0	152.0	306.0	2.2	2.5
2025/07/17 16:01:02	1014.4	1.0	27.9	28.2	76.0	74.0	146.0	301.0	2.3	2.6
2025/07/17 16:01:03	1014.4	1.0	27.9	28.2	76.0	74.0	153.0	308.0	2.3	2.7
2025/07/17 16:01:04	1014.4	1.0	27.9	28.2	76.0	74.0	167.0	319.0	2.1	2.6
2025/07/17 16:01:05	1014.4	1.0	27.9	28.2	76.0	74.0	175.0	327.0	1.8	2.3
2025/07/17 16:01:06	1014.4	1.0	27.9	28.2	76.0	74.0	177.0	327.0	1.8	2.2
2025/07/17 16:01:07	1014.4	1.0	27.9	28.2	76.0	74.0	178.0	327.0	1.9	2.3
2025/07/17 16:01:08	1014.4	1.0	27.9	28.2	76.0	74.0	175.0	324.0	2.1	2.5
2025/07/17 16:01:09	1014.4	1.0	27.9	28.2	76.0	74.0	171.0	322.0	2.1	2.6
2025/07/17 16:01:10	1014.4	1.0	27.9	28.2	76.0	74.0	163.0	317.0	1.9	2.3
2025/07/17 16:01:11	1014.4	1.0	27.9	28.2	76.0	74.0	153.0	313.0	1.6	2.0
2025/07/17 16:01:12	1014.4	1.0	27.9	28.2	76.0	74.0	160.0	316.0	1.6	2.0
2025/07/17 16:01:13	1014.4	1.0	27.9	28.2	76.0	74.0	172.0	324.0	1.8	2.2
2025/07/17 16:01:14	1014.4	1.0	27.9	28.2	76.0	74.0	180.0	329.0	2.2	2.7
2025/07/17 16:01:15	1014.4	1.0	27.9	28.2	76.0	74.0	174.0	326.0	2.1	2.7
2025/07/17 16:01:16	1014.4	1.0	27.9	28.2	76.0	74.0	164.0	319.0	1.9	2.4
2025/07/17 16:01:17	1014.4	1.0	27.9	28.2	76.0	75.0	153.0	310.0	1.8	2.1
2025/07/17 16:01:18	1014.4	1.0	27.9	28.2	76.0	75.0	152.0	306.0	1.7	1.9
2025/07/17 16:01:19	1014.4	1.0	27.9	28.2	76.0	75.0	158.0	310.0	1.7	2.0
2025/07/17 16:01:20	1014.4	1.0	27.9	28.2	76.0	75.0	173.0	324.0	1.8	2.2
2025/07/17 16:01:21	1014.4	1.0	27.9	28.2	76.0	75.0	182.0	332.0	1.8	2.3
2025/07/17 16:01:22	1014.4	1.0	27.9	28.2	76.0	74.0	179.0	331.0	1.7	2.2
2025/07/17 16:01:23	1014.4	1.0	27.9	28.2	76.0	74.0	163.0	320.0	1.6	2.0
2025/07/17 16:01:24	1014.4	1.0	27.9	28.2	76.0	74.0	151.0	309.0	1.7	2.0
2025/07/17 16:01:25	1014.4	1.0	27.9	28.2	76.0	74.0	148.0	305.0	1.8	2.1
2025/07/17 16:01:26	1014.4	1.0	27.9	28.2	76.0	74.0	158.0	309.0	2.0	2.3
2025/07/17 16:01:27	1014.4	1.0	27.9	28.2	76.0	74.0	167.0	318.0	2.1	2.5
2025/07/17 16:01:28	1014.4	1.0	27.9	28.2	76.0	74.0	170.0	324.0	2.0	2.6
2025/07/17 16:01:29	1014.4	1.0	27.9	28.2	76.0	74.0	171.0	325.0	1.8	2.4
2025/07/17 16:01:30	1014.4	1.0	27.9	28.2	76.0	74.0	164.0	323.0	1.4	1.9
2025/07/17 16:01:31	1014.4	1.0	27.9	28.2	76.0	74.0	156.0	313.0	1.5	1.8
2025/07/17 16:01:32	1014.4	1.0	27.9	28.2	76.0	74.0	160.0	311.0	1.7	1.9
2025/07/17 16:01:33	1014.4	1.0	27.9	28.2	76.0	74.0	169.0	316.0	2.4	2.7
2025/07/17 16:01:34	1014.4	1.0	27.9	28.2	76.0	74.0	171.0	318.0	2.7	3.1
2025/07/17 16:01:35	1014.4	1.0	27.9	28.2	76.0	74.0	160.0	313.0	2.5	2.9
2025/07/17 16:01:36	1014.4	1.0	27.9	28.2	76.0	74.0	143.0	301.0	2.2	2.5
2025/07/17 16:01:37	1014.4	1.0	27.9	28.2	76.0	74.0	137.0	292.0	2.2	2.4
2025/07/17 16:01:38	1014.4	1.0	27.9	28.3	76.0	74.0	152.0	301.0	2.5	2.7
2025/07/17 16:01:39	1014.4	1.0	27.9	28.3	76.0	74.0	161.0	308.0	2.6	2.9
2025/07/17 16:01:40	1014.4	1.0	27.9	28.3	76.0	74.0	165.0	313.0	2.4	2.8
2025/07/17 16:01:41	1014.4	1.0	27.9	28.3	76.0	74.0	160.0	312.0	2.3	2.7
2025/07/17 16:01:42	1014.4	1.0	27.9	28.3	76.0	74.0	161.0	314.0	2.3	2.7
2025/07/17 16:01:43	1014.4	1.0	27.9	28.3	76.0	74.0	158.0	313.0	1.9	2.3
2025/07/17 16:01:44	1014.4	1.0	27.9	28.3	76.0	74.0	153.0	307.0	1.9	2.2
2025/07/17 16:01:45	1014.4	1.0	27.9	28.3	76.0	74.0	163.0	310.0	2.2	2.4
2025/07/17 16:01:46	1014.4	1.0	27.9	28.3	76.0	75.0	172.0	317.0	2.4	2.7
2025/07/17 16:01:47	1014.4	1.0	27.9	28.3	76.0	75.0	179.0	324.0	2.7	3.1
2025/07/17 16:01:48	1014.4	1.0	27.9	28.3	76.0	75.0	174.0	322.0	2.6	3.1
2025/07/17 16:01:49	1014.4	1.0	27.9	28.3	76.0	75.0	162.0	315.0	2.2	2.7
2025/07/17 16:01:50	1014.4	1.0	27.9	28.3	76.0	75.0	154.0	308.0	2.2	2.6
2025/07/17 16:01:51	1014.4	1.0	27.9	28.3	76.0	75.0	157.0	309.0	2.2	2.5
2025/07/17 16:01:52	1014.4	1.0	27.9	28.3	76.0	75.0	169.0	317.0	2.3	2.6
2025/07/17 16:01:53	1014.4	1.0	27.9	28.3	76.0	75.0	180.0	325.0	2.4	2.8
2025/07/17 16:01:54	1014.4	1.0	27.9	28.3	76.0	75.0	183.0	327.0	2.8	3.2
2025/07/17 16:01:55	1014.4	1.0	27.9	28.3	76.0	75.0	179.0	324.0	2.8	3.2
2025/07/17 16:01:56	1014.4	1.0	27.9	28.3	76.0	75.0	170.0	319.0	2.5	3.0
2025/07/17 16:01:57	1014.4	1.0	27.9	28.3	76.0	75.0	163.0	316.0	2.1	2.6
2025/07/17 16:01:58	1014.4	1.0	27.9	28.3	76.0	75.0	162.0	317.0	1.9	2.4
2025/07/17 16:01:59	1014.4	1.0	27.9	28.3	76.0	75.0	173.0	324.0	1.9	2.4
2025/07/17 16:02:00	1014.4	1.0	27.9	28.3	76.0	75.0	178.0	324.0	2.3	2.7
2025/07/17 16:02:01	1014.4	1.0	27.9	28.3	76.0	75.0	179.0	323.0	2.8	3.1
2025/07/17 16:02:02	1014.4	1.0	27.9	28.3	76.0	75.0	174.0	319.0	2.9	3.2
2025/07/17 16:02:03	1014.4	1.0	27.9	28.3	76.0	75.0	166.0	315.0	2.8	3.3
2025/07/17 16:02:04	1014.4	1.0	27.9	28.3	76.0	75.0	163.0	313.0	2.7	3.1
2025/07/17 16:02:05	1014.4	1.0	27.9	28.3	76.0	75.0	155.0	309.0	2.3	2.7
2025/07/17 16:02:06	1014.4	1.0	27.9	28.3	76.0	75.0	158.0	312.0	1.9	2.3
2025/07/17 16:02:07	1014.4	1.0	27.9	28.3	76.0	74.0	175.0	323.0	1.9	2.3
2025/07/17 16:02:08	1014.4	1.0	27.9	28.3	76.0	74.0	182.0	327.0	2.3	2.7
2025/07/17 16:02:09	1014.4	1.0	27.9	28.3	76.0	74.0	177.0	323.0	2.8	3.2
2025/07/17 16:02:10	1014.4	1.0	27.9	28.3	76.0	74.0	166.0	315.0	2.5	2.9
2025/07/17 16:02:11	1014.4	1.0	27.9	28.3	76.0	74.0	155.0	308.0	2.3	2.7
2025/07/17 16:02:12	1014.4	1.0	27.9	28.3	76.0	74.0	153.0	306.0	2.4	2.8
2025/07/17 16:02:13	1014.4	1.0	27.9	28.3	76.0	74.0	158.0	310.0	2.3	2.7
2025/07/17 16:02:14	1014.4	1.0	27.9	28.3	76.0	74.0	167.0	316.0	2.4	2.8
2025/07/17 16:02:15	1014.4	1.0	27.9	28.3	76.0	74.0	176.0	322.0	2.5	2.9
2025/07/17 16:02:16	1014.4	1.0	27.9	28.3	76.0	74.0	179.0	324.0	2.5	2.9
2025/07/17 16:02:17	1014.4	1.0	27.9	28.3	76.0	74.0	177.0	324.0	2.4	2.8
2025/07/17 16:02:18	1014.4	1.0	27.8	28.3	76.0	74.0	168.0	319.0	2.2	2.7
2025/07/17 16:02:19	1014.4	1.0	27.8	28.3	76.0	74.0	168.0	321.0	2.2	2.7
2025/07/17 16:02:20	1014.4	1.0	27.8	28.3	76.0	74.0	178.0	327.0	2.4	3.0
2025/07/17 16:02:21	1014.4	1.0	27.8	28.3	76.0	74.0	186.0	331.0	2.7	3.2
2025/07/17 16:02:22	1014.4	1.0	27.8	28.3	76.0	74.0	190.0	334.0	2.5	3.0
2025/07/17 16:02:23	1014.4	1.0	27.8	28.3	76.0	74.0	190.0	336.0	2.2	2.7
2025/07/17 16:02:24	1014.4	1.0	27.8	28.3	76.0	74.0	189.0	336.0	2.1	2.6
2025/07/17 16:02:25	1014.4	1.0	27.8	28.3	76.0	74.0	186.0	333.0	2.1	2.7
2025/07/17 16:02:26	1014.4	1.0	27.8	28.3	76.0	74.0	184.0	331.0	2.4	2.9
2025/07/17 16:02:27	1014.4	1.0	27.8	28.3	76.0	74.0	181.0	328.0	2.6	3.1
2025/07/17 16:02:28	1014.4	1.0	27.8	28.3	76.0	74.0	185.0	330.0	2.6	3.1
2025/07/17 16:02:29	1014.4	1.0	27.8	28.3	76.0	74.0	193.0	336.0	2.5	3.0
2025/07/17 16:02:30	1014.4	1.0	27.8	28.3	76.0	74.0	191.0	335.0	2.7	3.2
2025/07/17 16:02:31	1014.4	1.0	27.8	28.3	76.0	74.0	185.0	331.0	2.6	3.2
2025/07/17 16:02:32	1014.4	1.0	27.8	28.3	76.0	74.0	180.0	328.0	2.6	3.2
2025/07/17 16:02:33	1014.4	1.0	27.8	28.3	76.0	74.0	181.0	328.0	2.7	3.2
2025/07/17 16:02:34	1014.4	1.0	27.8	28.3	76.0	74.0	179.0	327.0	2.5	3.0
2025/07/17 16:02:35	1014.4	1.0	27.8	28.3	76.0	74.0	179.0	328.0	2.3	2.8
2025/07/17 16:02:36	1014.4	1.0	27.8	28.3	76.0	74.0	182.0	331.0	1.9	2.5
2025/07/17 16:02:37	1014.4	1.0	27.8	28.3	76.0	74.0	185.0	333.0	1.8	2.3
2025/07/17 16:02:38	1014.4	1.0	27.8	28.3	76.0	74.0	193.0	338.0	2.0	2.5
2025/07/17 16:02:39	1014.4	1.0	27.8	28.3	76.0	74.0	190.0	335.0	2.1	2.6
2025/07/17 16:02:40	1014.4	1.0	27.8	28.3	76.0	74.0	184.0	331.0	2.1	2.6
2025/07/17 16:02:41	1014.4	1.0	27.8	28.3	76.0	74.0	182.0	330.0	2.1	2.6
2025/07/17 16:02:42	1014.4	1.0	27.8	28.3	76.0	74.0	189.0	335.0	2.3	2.8
2025/07/17 16:02:43	1014.4	1.0	27.8	28.3	76.0	74.0	182.0	330.0	2.2	2.7
2025/07/17 16:02:44	1014.4	1.0	27.8	28.3	76.0	74.0	171.0	321.0	2.2	2.7
2025/07/17 16:02:45	1014.4	1.0	27.8	28.3	75.0	74.0	164.0	317.0	2.2	2.7
2025/07/17 16:02:46	1014.4	1.0	27.8	28.3	75.0	74.0	164.0	316.0	2.3	2.7
2025/07/17 16:02:47	1014.4	1.0	27.8	28.3	76.0	74.0	174.0	321.0	2.6	3.0
2025/07/17 16:02:48	1014.4	1.0	27.8	28.3	76.0	74.0	186.0	331.0	2.6	3.1
2025/07/17 16:02:49	1014.4	1.0	27.8	28.3	76.0	74.0	193.0	337.0	2.5	3.1
2025/07/17 16:02:50	1014.4	1.0	27.8	28.3	76.0	74.0	186.0	335.0	2.0	2.7
2025/07/17 16:02:51	1014.4	1.0	27.8	28.4	76.0	74.0	171.0	326.0	1.6	2.2
2025/07/17 16:02:52	1014.4	1.0	27.8	28.4	76.0	74.0	159.0	319.0	1.5	2.0
2025/07/17 16:02:53	1014.4	1.0	27.8	28.4	76.0	74.0	174.0	326.0	1.9	2.4
2025/07/17 16:02:54	1014.4	1.0	27.8	28.4	76.0	74.0	193.0	336.0	2.5	2.9
2025/07/17 16:02:55	1014.4	1.0	27.8	28.4	76.0	74.0	199.0	341.0	3.0	3.4
2025/07/17 16:02:56	1014.4	1.0	27.8	28.4	76.0	74.0	195.0	338.0	3.1	3.5
2025/07/17 16:02:57	1014.4	1.0	27.8	28.4	76.0	74.0	189.0	335.0	2.4	3.0
2025/07/17 16:02:58	1014.4	1.0	27.8	28.4	76.0	74.0	170.0	321.0	2.3	2.8
2025/07/17 16:02:59	1014.4	1.0	27.8	28.4	76.0	74.0	164.0	319.0	2.2	2.7
2025/07/17 16:03:00	1014.4	1.0	27.8	28.4	76.0	74.0	170.0	322.0	2.3	2.9
2025/07/17 16:03:01	1014.4	1.0	27.8	28.4	76.0	74.0	176.0	324.0	2.8	3.3
2025/07/17 16:03:02	1014.4	1.0	27.8	28.4	76.0	74.0	185.0	330.0	3.1	3.6
2025/07/17 16:03:03	1014.4	1.0	27.8	28.4	76.0	74.0	190.0	335.0	2.7	3.2
2025/07/17 16:03:04	1014.4	1.0	27.8	28.4	76.0	74.0	176.0	326.0	2.1	2.6
2025/07/17 16:03:05	1014.4	1.0	27.8	28.4	76.0	74.0	171.0	324.0	1.8	2.3
2025/07/17 16:03:06	1014.4	1.0	27.8	28.4	76.0	74.0	177.0	330.0	1.8	2.4
2025/07/17 16:03:07	1014.4	1.0	27.8	28.4	76.0	74.0	189.0	337.0	2.0	2.6
2025/07/17 16:03:08	1014.4	1.0	27.8	28.4	76.0	74.0	195.0	339.0	2.6	3.1
2025/07/17 16:03:09	1014.4	1.0	27.8	28.4	76.0	74.0	192.0	336.0	2.7	3.1
2025/07/17 16:03:10	1014.4	1.0	27.8	28.4	76.0	74.0	186.0	330.0	2.7	3.0
2025/07/17 16:03:11	1014.4	1.0	27.8	28.4	76.0	74.0	176.0	323.0	2.7	3.1
2025/07/17 16:03:12	1014.4	1.0	27.8	28.4	76.0	74.0	170.0	320.0	2.9	3.4
2025/07/17 16:03:13	1014.4	1.0	27.8	28.4	76.0	74.0	171.0	323.0	2.8	3.5
2025/07/17 16:03:14	1014.4	1.0	27.8	28.4	76.0	74.0	179.0	329.0	2.6	3.3
2025/07/17 16:03:15	1014.4	1.0	27.8	28.5	76.0	74.0	187.0	334.0	2.4	3.0
2025/07/17 16:03:16	1014.4	1.0	27.8	28.5	76.0	74.0	189.0	335.0	2.4	2.9
2025/07/17 16:03:17	1014.4	1.0	27.8	28.5	76.0	74.0	190.0	335.0	2.3	2.8
2025/07/17 16:03:18	1014.4	1.0	27.8	28.5	76.0	74.0	192.0	337.0	2.4	3.0
2025/07/17 16:03:19	1014.4	1.0	27.8	28.5	76.0	74.0	195.0	340.0	2.4	3.1
2025/07/17 16:03:20	1014.4	1.0	27.8	28.5	76.0	74.0	194.0	341.0	2.2	2.9
2025/07/17 16:03:21	1014.3	1.0	27.8	28.5	76.0	74.0	185.0	335.0	1.9	2.6
2025/07/17 16:03:22	1014.3	1.0	27.8	28.5	76.0	74.0	185.0	332.0	2.2	2.7
2025/07/17 16:03:23	1014.3	1.0	27.8	28.5	76.0	74.0	190.0	335.0	2.7	3.1
2025/07/17 16:03:24	1014.3	1.0	27.8	28.5	76.0	74.0	193.0	336.0	3.0	3.4
2025/07/17 16:03:25	1014.3	1.0	27.8	28.4	76.0	74.0	191.0	334.0	3.2	3.6
2025/07/17 16:03:26	1014.3	1.0	27.8	28.4	76.0	74.0	186.0	331.0	2.9	3.4
2025/07/17 16:03:27	1014.3	1.0	27.8	28.4	76.0	74.0	181.0	330.0	2.5	3.1
2025/07/17 16:03:28	1014.3	1.0	27.8	28.4	76.0	74.0	179.0	330.0	2.3	3.0
2025/07/17 16:03:29	1014.3	1.0	27.8	28.4	76.0	74.0	182.0	332.0	2.5	3.2
2025/07/17 16:03:30	1014.3	1.0	27.8	28.4	76.0	74.0	190.0	337.0	2.6	3.3
2025/07/17 16:03:31	1014.3	1.0	27.8	28.4	76.0	74.0	197.0	343.0	2.3	3.0
2025/07/17 16:03:32	1014.3	1.0	27.8	28.4	76.0	74.0	204.0	347.0	2.2	2.7
2025/07/17 16:03:33	1014.3	1.0	27.8	28.4	76.0	74.0	207.0	349.0	2.2	2.6
2025/07/17 16:03:34	1014.3	1.0	27.8	28.4	76.0	74.0	202.0	346.0	2.2	2.7
2025/07/17 16:03:35	1014.3	1.0	27.8	28.4	76.0	74.0	194.0	340.0	2.3	2.9
2025/07/17 16:03:36	1014.3	1.0	27.8	28.4	76.0	73.0	186.0	334.0	2.7	3.4
2025/07/17 16:03:37	1014.3	1.0	27.8	28.4	76.0	73.0	179.0	327.0	3.1	3.7
2025/07/17 16:03:38	1014.3	1.0	27.8	28.4	76.0	73.0	175.0	324.0	3.0	3.6
2025/07/17 16:03:39	1014.3	1.0	27.8	28.4	76.0	73.0	174.0	324.0	2.8	3.4
2025/07/17 16:03:40	1014.3	1.0	27.8	28.4	76.0	73.0	175.0	327.0	2.4	3.0
2025/07/17 16:03:41	1014.3	1.0	27.8	28.4	76.0	74.0	180.0	332.0	1.9	2.6
2025/07/17 16:03:42	1014.3	1.0	27.8	28.4	76.0	74.0	193.0	340.0	1.9	2.5
2025/07/17 16:03:43	1014.3	1.0	27.8	28.4	76.0	74.0	206.0	348.0	2.3	2.7
2025/07/17 16:03:44	1014.3	1.0	27.8	28.4	76.0	74.0	207.0	349.0	2.6	3.0
2025/07/17 16:03:45	1014.3	1.0	27.8	28.4	76.0	74.0	201.0	346.0	2.2	2.8
2025/07/17 16:03:46	1014.3	1.0	27.8	28.4	76.0	74.0	190.0	342.0	1.4	2.2
2025/07/17 16:03:47	1014.3	1.0	27.8	28.4	76.0	74.0	180.0	335.0	1.3	2.0
2025/07/17 16:03:48	1014.4	1.0	27.8	28.4	76.0	74.0	180.0	332.0	1.7	2.3
2025/07/17 16:03:49	1014.4	1.0	27.8	28.4	76.0	74.0	190.0	336.0	2.3	2.8
2025/07/17 16:03:50	1014.4	1.0	27.8	28.4	76.0	74.0	191.0	336.0	2.7	3.2
2025/07/17 16:03:51	1014.4	1.0	27.8	28.4	76.0	74.0	185.0	333.0	2.4	3.0
2025/07/17 16:03:52	1014.4	1.0	27.8	28.4	76.0	74.0	181.0	331.0	2.2	2.8
2025/07/17 16:03:53	1014.4	1.0	27.8	28.4	76.0	74.0	183.0	332.0	2.1	2.7
2025/07/17 16:03:54	1014.4	1.0	27.8	28.4	76.0	73.0	188.0	334.0	2.2	2.7
2025/07/17 16:03:55	1014.4	1.0	27.8	28.4	76.0	73.0	191.0	338.0	1.9	2.5
2025/07/17 16:03:56	1014.4	1.0	27.8	28.4	76.0	73.0	192.0	341.0	1.5	2.2
2025/07/17 16:03:57	1014.3	1.0	27.8	28.4	76.0	74.0	190.0	341.0	1.3	2.0
2025/07/17 16:03:58	1014.3	1.0	27.8	28.4	76.0	74.0	188.0	339.0	1.3	1.9
2025/07/17 16:03:59	1014.3	1.0	27.8	28.4	76.0	74.0	198.0	344.0	1.4	1.9
2025/07/17 16:04:00	1014.3	1.0	27.8	28.4	76.0	74.0	211.0	353.0	1.7	2.2
2025/07/17 16:04:01	1014.3	1.0	27.8	28.4	76.0	74.0	213.0	354.0	2.1	2.6
2025/07/17 16:04:02	1014.3	1.0	27.8	28.4	76.0	74.0	200.0	344.0	2.2	2.7
2025/07/17 16:04:03	1014.3	1.0	27.8	28.4	76.0	74.0	178.0	327.0	2.1	2.6
2025/07/17 16:04:04	1014.3	1.0	27.8	28.4	76.0	74.0	161.0	316.0	2.0	2.5
2025/07/17 16:04:05	1014.3	1.0	27.8	28.4	76.0	73.0	162.0	317.0	2.2	2.7
2025/07/17 16:04:06	1014.4	1.0	27.8	28.4	76.0	73.0	175.0	327.0	2.3	2.9
2025/07/17 16:04:07	1014.4	1.0	27.8	28.4	76.0	73.0	188.0	336.0	2.3	2.9
2025/07/17 16:04:08	1014.4	1.0	27.8	28.4	76.0	73.0	197.0	342.0	2.3	2.8
2025/07/17 16:04:09	1014.4	1.0	27.8	28.4	76.0	73.0	202.0	346.0	2.1	2.6
2025/07/17 16:04:10	1014.4	1.0	27.8	28.4	76.0	73.0	202.0	347.0	1.9	2.4
2025/07/17 16:04:11	1014.4	1.0	27.8	28.4	76.0	73.0	198.0	345.0	1.9	2.5
2025/07/17 16:04:12	1014.4	1.0	27.8	28.4	76.0	73.0	197.0	345.0	1.8	2.5
2025/07/17 16:04:13	1014.4	1.0	27.8	28.4	76.0	73.0	196.0	344.0	1.7	2.4
2025/07/17 16:04:14	1014.4	1.0	27.8	28.4	76.0	73.0	198.0	345.0	1.8	2.5
2025/07/17 16:04:15	1014.3	1.0	27.8	28.4	76.0	74.0	201.0	347.0	1.9	2.5
2025/07/17 16:04:16	1014.3	1.0	27.8	28.4	76.0	74.0	198.0	342.0	2.2	2.6
2025/07/17 16:04:17	1014.3	1.0	27.8	28.4	76.0	74.0	196.0	340.0	2.3	2.7
2025/07/17 16:04:18	1014.3	1.0	27.8	28.4	76.0	74.0	191.0	337.0	2.4	2.9
2025/07/17 16:04:19	1014.3	1.0	27.8	28.4	76.0	74.0	188.0	336.0	2.5	3.2
2025/07/17 16:04:20	1014.3	1.0	27.8	28.4	76.0	74.0	184.0	336.0	2.1	2.9
2025/07/17 16:04:21	1014.3	1.0	27.8	28.4	76.0	74.0	176.0	332.0	1.6	2.3
2025/07/17 16:04:22	1014.3	1.0	27.8	28.4	76.0	74.0	174.0	332.0	1.2	1.8
2025/07/17 16:04:23	1014.3	1.0	27.8	28.4	76.0	74.0	186.0	337.0	1.3	1.8
2025/07/17 16:04:24	1014.4	1.0	27.8	28.4	76.0	74.0	200.0	344.0	1.9	2.2
2025/07/17 16:04:25	1014.4	1.0	27.8	28.4	76.0	73.0	209.0	352.0	2.2	2.6
2025/07/17 16:04:26	1014.4	1.0	27.8	28.4	76.0	73.0	210.0	353.0	2.3	2.8
2025/07/17 16:04:27	1014.4	1.0	27.8	28.4	76.0	73.0	205.0	349.0	1.9	2.6
2025/07/17 16:04:28	1014.4	1.0	27.8	28.4	76.0	73.0	182.0	336.0	1.3	2.0
2025/07/17 16:04:29	1014.4	1.0	27.8	28.4	76.0	73.0	163.0	326.0	1.2	1.8
2025/07/17 16:04:30	1014.4	1.0	27.8	28.4	76.0	73.0	175.0	331.0	1.4	2.0
2025/07/17 16:04:31	1014.4	1.0	27.8	28.4	76.0	74.0	188.0	337.0	1.8	2.4
2025/07/17 16:04:32	1014.4	1.0	27.8	28.4	76.0	74.0	197.0	343.0	2.1	2.6
2025/07/17 16:04:33	1014.4	1.0	27.8	28.4	76.0	74.0	205.0	348.0	2.1	2.6
2025/07/17 16:04:34	1014.4	1.0	27.8	28.4	76.0	74.0	198.0	344.0	1.6	2.1
2025/07/17 16:04:35	1014.4	1.0	27.8	28.4	76.0	74.0	182.0	335.0	1.3	1.9
2025/07/17 16:04:36	1014.4	1.0	27.8	28.4	76.0	74.0	183.0	336.0	1.4	2.0
2025/07/17 16:04:37	1014.4	1.0	27.8	28.4	76.0	74.0	186.0	337.0	1.6	2.2
2025/07/17 16:04:38	1014.4	1.0	27.8	28.4	76.0	74.0	197.0	344.0	1.6	2.2
2025/07/17 16:04:39	1014.4	1.0	27.8	28.4	76.0	74.0	207.0	351.0	1.6	2.1
2025/07/17 16:04:40	1014.4	1.0	27.8	28.4	76.0	74.0	203.0	348.0	1.5	2.0
2025/07/17 16:04:41	1014.4	1.0	27.8	28.4	76.0	74.0	195.0	342.0	1.7	2.3
2025/07/17 16:04:42	1014.4	1.0	27.8	28.4	76.0	74.0	191.0	338.0	2.0	2.6
2025/07/17 16:04:43	1014.4	1.0	27.8	28.4	76.0	74.0	183.0	333.0	2.1	2.7
2025/07/17 16:04:44	1014.4	1.0	27.8	28.4	76.0	74.0	177.0	330.0	1.8	2.4
2025/07/17 16:04:45	1014.4	1.0	27.8	28.4	76.0	74.0	180.0	332.0	1.7	2.3
2025/07/17 16:04:46	1014.4	1.0	27.8	28.4	76.0	74.0	190.0	339.0	1.8	2.4
2025/07/17 16:04:47	1014.4	1.0	27.8	28.4	76.0	74.0	198.0	344.0	1.7	2.3
2025/07/17 16:04:48	1014.4	1.0	27.8	28.4	76.0	74.0	201.0	347.0	1.5	2.1
2025/07/17 16:04:49	1014.4	1.0	27.8	28.4	76.0	74.0	193.0	342.0	1.4	1.9
2025/07/17 16:04:50	1014.4	1.0	27.8	28.4	76.0	74.0	187.0	336.0	1.5	2.0
2025/07/17 16:04:51	1014.3	1.0	27.8	28.4	76.0	74.0	190.0	339.0	1.6	2.1
2025/07/17 16:04:52	1014.3	1.0	27.8	28.4	76.0	74.0	198.0	344.0	1.6	2.2
2025/07/17 16:04:53	1014.3	1.0	27.8	28.4	76.0	74.0	203.0	348.0	1.6	2.2
2025/07/17 16:04:54	1014.3	1.0	27.8	28.4	76.0	74.0	203.0	348.0	1.5	2.1
2025/07/17 16:04:55	1014.3	1.0	27.8	28.4	76.0	74.0	200.0	347.0	1.5	2.1
2025/07/17 16:04:56	1014.3	1.0	27.8	28.4	76.0	74.0	192.0	342.0	1.4	2.0
2025/07/17 16:04:57	1014.3	1.0	27.8	28.4	76.0	74.0	188.0	338.0	1.5	2.1
2025/07/17 16:04:58	1014.3	1.0	27.8	28.4	76.0	74.0	185.0	337.0	1.6	2.2
2025/07/17 16:04:59	1014.3	1.0	27.8	28.4	76.0	74.0	192.0	340.0	1.9	2.5
2025/07/17 16:05:00	1014.3	1.0	27.8	28.4	76.0	74.0	202.0	347.0	2.0	2.6
2025/07/17 16:05:01	1014.3	1.0	27.8	28.4	76.0	74.0	207.0	351.0	1.9	2.5
2025/07/17 16:05:02	1014.3	1.0	27.8	28.4	76.0	74.0	205.0	350.0	1.7	2.3
2025/07/17 16:05:03	1014.3	1.0	27.8	28.4	76.0	74.0	195.0	342.0	1.7	2.2
2025/07/17 16:05:04	1014.3	1.0	27.8	28.4	76.0	74.0	190.0	339.0	1.8	2.4
2025/07/17 16:05:05	1014.3	1.0	27.8	28.4	76.0	74.0	193.0	340.0	2.0	2.7
2025/07/17 16:05:06	1014.3	1.0	27.8	28.4	76.0	74.0	199.0	345.0	2.0	2.7
2025/07/17 16:05:07	1014.3	1.0	27.8	28.4	76.0	74.0	204.0	349.0	1.8	2.5
2025/07/17 16:05:08	1014.3	1.0	27.8	28.4	76.0	74.0	199.0	345.0	1.8	2.4
2025/07/17 16:05:09	1014.3	1.0	27.8	28.4	76.0	74.0	195.0	342.0	1.8	2.4
2025/07/17 16:05:10	1014.3	1.0	27.8	28.4	76.0	74.0	190.0	338.0	1.9	2.4
2025/07/17 16:05:11	1014.3	1.0	27.8	28.4	76.0	74.0	191.0	338.0	2.1	2.7
2025/07/17 16:05:12	1014.3	1.0	27.8	28.4	76.0	74.0	192.0	340.0	2.1	2.8
2025/07/17 16:05:13	1014.3	1.0	27.8	28.4	76.0	74.0	201.0	347.0	2.0	2.7
2025/07/17 16:05:14	1014.3	1.0	27.8	28.4	76.0	74.0	215.0	357.0	1.7	2.4
2025/07/17 16:05:15	1014.3	1.0	27.8	28.4	76.0	74.0	207.0	351.0	1.8	2.4
2025/07/17 16:05:16	1014.3	1.0	27.8	28.4	76.0	74.0	202.0	346.0	2.1	2.5
2025/07/17 16:05:17	1014.3	1.0	27.8	28.4	76.0	74.0	199.0	344.0	2.4	2.9
2025/07/17 16:05:18	1014.3	1.0	27.8	28.4	76.0	74.0	196.0	342.0	2.5	3.1
2025/07/17 16:05:19	1014.3	1.0	27.8	28.4	76.0	74.0	194.0	341.0	2.3	3.0
2025/07/17 16:05:20	1014.3	1.0	27.8	28.4	76.0	74.0	201.0	347.0	1.8	2.5
2025/07/17 16:05:21	1014.3	1.0	27.8	28.4	76.0	74.0	207.0	351.0	1.6	2.3
2025/07/17 16:05:22	1014.3	1.0	27.8	28.4	76.0	74.0	203.0	348.0	1.8	2.4
2025/07/17 16:05:23	1014.3	1.0	27.8	28.3	76.0	74.0	195.0	342.0	2.1	2.7
2025/07/17 16:05:24	1014.3	1.0	27.8	28.3	76.0	74.0	194.0	341.0	2.3	2.9
2025/07/17 16:05:25	1014.3	1.0	27.8	28.3	76.0	74.0	197.0	343.0	2.5	3.1
2025/07/17 16:05:26	1014.3	1.0	27.8	28.3	76.0	74.0	200.0	345.0	2.3	2.9
2025/07/17 16:05:27	1014.3	1.0	27.8	28.3	76.0	74.0	197.0	344.0	1.9	2.5
2025/07/17 16:05:28	1014.3	1.0	27.8	28.3	76.0	74.0	191.0	341.0	1.5	2.1
2025/07/17 16:05:29	1014.3	1.0	27.8	28.3	76.0	74.0	196.0	344.0	1.5	2.1
2025/07/17 16:05:30	1014.3	1.0	27.8	28.3	76.0	74.0	207.0	350.0	1.9	2.5
2025/07/17 16:05:31	1014.3	1.0	27.8	28.3	76.0	74.0	212.0	354.0	2.3	2.9
2025/07/17 16:05:32	1014.3	1.0	27.8	28.3	76.0	74.0	208.0	351.0	2.3	2.9
2025/07/17 16:05:33	1014.3	1.0	27.8	28.3	76.0	74.0	195.0	342.0	1.9	2.5
2025/07/17 16:05:34	1014.3	1.0	27.8	28.3	76.0	74.0	180.0	332.0	1.6	2.2
2025/07/17 16:05:35	1014.3	1.0	27.8	28.3	76.0	74.0	175.0	329.0	1.8	2.4
2025/07/17 16:05:36	1014.3	1.0	27.8	28.3	76.0	73.0	181.0	332.0	2.0	2.6
2025/07/17 16:05:37	1014.3	1.0	27.8	28.3	76.0	73.0	191.0	339.0	2.1	2.7
2025/07/17 16:05:38	1014.3	1.0	27.8	28.3	76.0	73.0	197.0	343.0	2.1	2.6
2025/07/17 16:05:39	1014.3	1.0	27.8	28.3	76.0	73.0	199.0	344.0	2.0	2.5
2025/07/17 16:05:40	1014.3	1.0	27.8	28.3	76.0	73.0	197.0	343.0	1.7	2.2
2025/07/17 16:05:41	1014.3	1.0	27.8	28.3	76.0	73.0	190.0	340.0	1.5	2.1
2025/07/17 16:05:42	1014.3	1.0	27.8	28.3	76.0	73.0	181.0	335.0	1.5	2.2
2025/07/17 16:05:43	1014.3	1.0	27.8	28.3	76.0	73.0	178.0	333.0	1.7	2.4
2025/07/17 16:05:44	1014.3	1.0	27.8	28.3	76.0	73.0	185.0	337.0	1.7	2.4
2025/07/17 16:05:45	1014.3	1.0	27.8	28.3	76.0	73.0	195.0	342.0	1.8	2.4
2025/07/17 16:05:46	1014.3	1.0	27.8	28.3	76.0	73.0	201.0	345.0	1.9	2.3
2025/07/17 16:05:47	1014.3	1.0	27.8	28.3	76.0	74.0	200.0	345.0	1.9	2.4
2025/07/17 16:05:48	1014.3	1.0	27.8	28.3	76.0	74.0	192.0	339.0	1.9	2.5
2025/07/17 16:05:49	1014.3	1.0	27.8	28.3	76.0	74.0	187.0	336.0	2.1	2.7
2025/07/17 16:05:50	1014.3	1.0	27.8	28.3	76.0	74.0	180.0	332.0	2.0	2.6
2025/07/17 16:05:51	1014.3	1.0	27.8	28.3	76.0	74.0	176.0	330.0	1.7	2.2
2025/07/17 16:05:52	1014.3	1.0	27.8	28.3	76.0	74.0	181.0	333.0	1.4	1.9
2025/07/17 16:05:53	1014.3	1.0	27.8	28.3	76.0	74.0	187.0	335.0	1.7	2.2
2025/07/17 16:05:54	1014.3	1.0	27.8	28.3	76.0	74.0	194.0	340.0	2.2	2.8
2025/07/17 16:05:55	1014.3	1.0	27.8	28.3	76.0	74.0	197.0	343.0	2.2	2.9
2025/07/17 16:05:56	1014.3	1.0	27.8	28.3	76.0	74.0	190.0	339.0	1.9	2.6
2025/07/17 16:05:57	1014.3	1.0	27.8	28.3	76.0	74.0	186.0	338.0	1.6	2.2
2025/07/17 16:05:58	1014.3	1.0	27.8	28.3	76.0	74.0	179.0	332.0	1.4	2.0
2025/07/17 16:05:59	1014.3	1.0	27.8	28.3	76.0	74.0	173.0	328.0	1.5	2.0
2025/07/17 16:06:00	1014.3	1.0	27.8	28.3	76.0	74.0	189.0	337.0	1.8	2.3
2025/07/17 16:06:01	1014.3	1.0	27.8	28.3	76.0	74.0	196.0	341.0	2.4	2.9
2025/07/17 16:06:02	1014.3	1.0	27.8	28.3	76.0	74.0	199.0	343.0	2.7	3.2
2025/07/17 16:06:03	1014.3	1.0	27.8	28.3	76.0	74.0	199.0	345.0	2.5	3.2
2025/07/17 16:06:04	1014.3	1.0	27.8	28.3	76.0	74.0	202.0	347.0	2.1	2.8
2025/07/17 16:06:05	1014.3	1.0	27.8	28.3	76.0	74.0	202.0	347.0	2.0	2.7
2025/07/17 16:06:06	1014.3	1.0	27.8	28.3	76.0	74.0	205.0	349.0	2.2	2.8
2025/07/17 16:06:07	1014.3	1.0	27.8	28.3	76.0	74.0	206.0	349.0	2.5	3.1
2025/07/17 16:06:08	1014.3	1.0	27.8	28.3	76.0	74.0	205.0	348.0	2.6	3.2
2025/07/17 16:06:09	1014.3	1.0	27.8	28.3	76.0	74.0	197.0	343.0	2.3	2.9
2025/07/17 16:06:10	1014.3	1.0	27.8	28.3	76.0	74.0	187.0	335.0	2.4	2.9
2025/07/17 16:06:11	1014.3	1.0	27.8	28.3	76.0	74.0	189.0	336.0	2.3	2.9
2025/07/17 16:06:12	1014.3	1.0	27.8	28.3	76.0	74.0	191.0	338.0	2.3	3.0
2025/07/17 16:06:13	1014.3	1.0	27.8	28.3	76.0	74.0	196.0	343.0	2.3	3.0
2025/07/17 16:06:14	1014.3	1.0	27.8	28.3	76.0	74.0	201.0	347.0	1.9	2.6
2025/07/17 16:06:15	1014.3	1.0	27.8	28.3	76.0	74.0	203.0	348.0	1.7	2.3
2025/07/17 16:06:16	1014.3	1.0	27.8	28.3	76.0	74.0	205.0	350.0	1.7	2.3
2025/07/17 16:06:17	1014.3	1.0	27.8	28.3	76.0	74.0	206.0	349.0	2.1	2.6
2025/07/17 16:06:18	1014.3	1.0	27.8	28.3	76.0	74.0	206.0	349.0	2.3	2.9
2025/07/17 16:06:19	1014.3	1.0	27.8	28.3	76.0	74.0	200.0	346.0	2.0	2.7
2025/07/17 16:06:20	1014.3	1.0	27.8	28.3	76.0	74.0	193.0	343.0	1.6	2.4
2025/07/17 16:06:21	1014.3	1.0	27.8	28.3	76.0	74.0	198.0	346.0	1.6	2.3
2025/07/17 16:06:22	1014.3	1.0	27.8	28.3	76.0	74.0	203.0	347.0	2.0	2.5
2025/07/17 16:06:23	1014.3	1.0	27.8	28.3	76.0	74.0	199.0	343.0	2.3	2.7
2025/07/17 16:06:24	1014.3	1.0	27.8	28.2	76.0	74.0	190.0	338.0	2.0	2.6
2025/07/17 16:06:25	1014.3	1.0	27.8	28.2	76.0	74.0	183.0	336.0	1.6	2.3
2025/07/17 16:06:26	1014.3	1.0	27.8	28.2	76.0	74.0	192.0	344.0	1.2	2.0
2025/07/17 16:06:27	1014.3	1.0	27.8	28.2	76.0	74.0	213.0	356.0	1.2	2.0
2025/07/17 16:06:28	1014.3	1.0	27.8	28.2	76.0	74.0	215.0	357.0	1.5	2.1
2025/07/17 16:06:29	1014.3	1.0	27.8	28.2	76.0	74.0	207.0	350.0	1.7	2.2
2025/07/17 16:06:30	1014.3	1.0	27.8	28.2	75.0	74.0	199.0	345.0	1.7	2.3
2025/07/17 16:06:31	1014.3	1.0	27.8	28.2	75.0	74.0	193.0	341.0	1.7	2.3
2025/07/17 16:06:32	1014.3	1.0	27.8	28.2	75.0	74.0	196.0	343.0	1.8	2.4
2025/07/17 16:06:33	1014.3	1.0	27.8	28.2	76.0	74.0	191.0	338.0	1.9	2.5
2025/07/17 16:06:34	1014.3	1.0	27.8	28.2	76.0	74.0	189.0	337.0	1.9	2.5
2025/07/17 16:06:35	1014.3	1.0	27.8	28.2	76.0	74.0	188.0	338.0	1.8	2.4
2025/07/17 16:06:36	1014.3	1.0	27.8	28.2	76.0	74.0	189.0	339.0	1.6	2.3
2025/07/17 16:06:37	1014.3	1.0	27.8	28.2	76.0	74.0	195.0	342.0	1.8	2.4
2025/07/17 16:06:38	1014.3	1.0	27.8	28.2	76.0	74.0	199.0	345.0	2.0	2.6
2025/07/17 16:06:39	1014.3	1.0	27.8	28.2	76.0	74.0	201.0	346.0	1.9	2.5
2025/07/17 16:06:40	1014.3	1.0	27.8	28.2	76.0	74.0	201.0	346.0	1.9	2.5
2025/07/17 16:06:41	1014.3	1.0	27.8	28.2	76.0	74.0	202.0	347.0	1.9	2.5
2025/07/17 16:06:42	1014.3	1.0	27.8	28.2	76.0	74.0	205.0	350.0	1.8	2.5
2025/07/17 16:06:43	1014.3	1.0	27.8	28.2	76.0	74.0	203.0	348.0	2.0	2.6
2025/07/17 16:06:44	1014.3	1.0	27.8	28.2	76.0	74.0	201.0	346.0	2.1	2.7
2025/07/17 16:06:45	1014.3	1.0	27.8	28.2	76.0	74.0	196.0	342.0	2.2	2.7
2025/07/17 16:06:46	1014.3	1.0	27.8	28.2	76.0	74.0	192.0	339.0	2.1	2.7
2025/07/17 16:06:47	1014.3	1.0	27.8	28.2	76.0	74.0	191.0	338.0	2.2	2.9
2025/07/17 16:06:48	1014.3	1.0	27.8	28.2	76.0	74.0	195.0	342.0	2.3	3.0
2025/07/17 16:06:49	1014.3	1.0	27.8	28.2	76.0	74.0	194.0	341.0	2.4	3.1
2025/07/17 16:06:50	1014.3	1.0	27.8	28.2	76.0	74.0	202.0	347.0	2.1	2.8
2025/07/17 16:06:51	1014.3	1.0	27.8	28.2	76.0	74.0	208.0	352.0	2.0	2.6
2025/07/17 16:06:52	1014.3	1.0	27.8	28.2	76.0	74.0	211.0	354.0	2.0	2.5
2025/07/17 16:06:53	1014.3	1.0	27.8	28.2	76.0	74.0	210.0	353.0	2.1	2.7
2025/07/17 16:06:54	1014.3	1.0	27.8	28.2	76.0	74.0	206.0	351.0	2.4	3.1
2025/07/17 16:06:55	1014.3	1.0	27.8	28.2	76.0	74.0	202.0	347.0	2.5	3.2
2025/07/17 16:06:56	1014.3	1.0	27.8	28.2	76.0	74.0	197.0	344.0	2.2	2.9
2025/07/17 16:06:57	1014.3	1.0	27.8	28.2	76.0	74.0	194.0	342.0	2.1	2.7
2025/07/17 16:06:58	1014.3	1.0	27.8	28.2	76.0	74.0	196.0	343.0	2.1	2.7
2025/07/17 16:06:59	1014.3	1.0	27.8	28.2	76.0	74.0	202.0	347.0	2.2	2.8
2025/07/17 16:07:00	1014.3	1.0	27.8	28.2	76.0	74.0	200.0	345.0	2.3	2.9
2025/07/17 16:07:01	1014.3	1.0	27.8	28.2	76.0	74.0	202.0	347.0	2.3	2.8
2025/07/17 16:07:02	1014.3	1.0	27.8	28.2	76.0	74.0	203.0	348.0	2.1	2.7
2025/07/17 16:07:03	1014.3	1.0	27.8	28.2	76.0	74.0	203.0	349.0	1.7	2.4
2025/07/17 16:07:04	1014.3	1.0	27.8	28.2	76.0	74.0	202.0	348.0	1.7	2.4
2025/07/17 16:07:05	1014.3	1.0	27.8	28.2	76.0	74.0	201.0	348.0	1.7	2.4
2025/07/17 16:07:06	1014.3	1.0	27.8	28.2	76.0	74.0	199.0	346.0	1.8	2.5
2025/07/17 16:07:07	1014.3	1.0	27.8	28.2	76.0	74.0	200.0	346.0	2.1	2.7
2025/07/17 16:07:08	1014.3	1.0	27.8	28.2	76.0	74.0	201.0	346.0	2.2	2.8
2025/07/17 16:07:09	1014.3	1.0	27.8	28.2	76.0	74.0	200.0	347.0	1.9	2.5
2025/07/17 16:07:10	1014.3	1.0	27.8	28.2	76.0	74.0	198.0	347.0	1.4	2.1
2025/07/17 16:07:11	1014.3	1.0	27.8	28.2	76.0	74.0	205.0	352.0	1.0	1.7
2025/07/17 16:07:12	1014.3	1.0	27.8	28.2	76.0	74.0	215.0	358.0	1.2	1.8
2025/07/17 16:07:13	1014.3	1.0	27.8	28.2	76.0	74.0	214.0	357.0	1.6	2.2
2025/07/17 16:07:14	1014.3	1.0	27.8	28.2	76.0	74.0	204.0	349.0	2.0	2.7
2025/07/17 16:07:15	1014.3	1.0	27.8	28.2	76.0	74.0	195.0	343.0	2.0	2.7
2025/07/17 16:07:16	1014.3	1.0	27.8	28.2	76.0	74.0	191.0	341.0	1.7	2.4
2025/07/17 16:07:17	1014.3	1.0	27.8	28.2	76.0	74.0	187.0	340.0	1.2	1.9
2025/07/17 16:07:18	1014.3	1.0	27.8	28.2	76.0	74.0	200.0	350.0	1.0	1.6
2025/07/17 16:07:19	1014.3	1.0	27.8	28.2	76.0	74.0	215.0	358.0	1.1	1.7
2025/07/17 16:07:20	1014.3	1.0	27.8	28.2	76.0	74.0	215.0	358.0	1.5	2.0
2025/07/17 16:07:21	1014.3	1.0	27.8	28.2	76.0	74.0	216.0	358.0	1.9	2.4
2025/07/17 16:07:22	1014.3	1.0	27.8	28.2	76.0	74.0	210.0	354.0	1.9	2.6
2025/07/17 16:07:23	1014.3	1.0	27.8	28.2	76.0	74.0	202.0	349.0	1.7	2.5
2025/07/17 16:07:24	1014.3	1.0	27.8	28.2	76.0	74.0	198.0	348.0	1.3	2.1
2025/07/17 16:07:25	1014.3	1.0	27.8	28.2	76.0	74.0	200.0	349.0	1.2	1.9
2025/07/17 16:07:26	1014.3	1.0	27.8	28.2	76.0	74.0	218.0	360.0	1.3	1.8
2025/07/17 16:07:27	1014.3	1.0	27.8	28.2	76.0	74.0	232.0	11.0	1.7	2.1
2025/07/17 16:07:28	1014.3	1.0	27.8	28.2	76.0	74.0	221.0	2.0	1.9	2.4
2025/07/17 16:07:29	1014.3	1.0	27.8	28.2	76.0	74.0	215.0	357.0	2.3	2.8
2025/07/17 16:07:30	1014.3	1.0	27.8	28.2	76.0	74.0	210.0	354.0	2.1	2.8
2025/07/17 16:07:31	1014.3	1.0	27.8	28.2	76.0	74.0	204.0	350.0	1.7	2.5
2025/07/17 16:07:32	1014.3	1.0	27.8	28.3	76.0	74.0	199.0	347.0	1.4	2.1
2025/07/17 16:07:33	1014.3	1.0	27.8	28.3	76.0	74.0	205.0	352.0	1.2	1.9
2025/07/17 16:07:34	1014.3	1.0	27.8	28.3	76.0	74.0	218.0	360.0	1.4	2.1
2025/07/17 16:07:35	1014.3	1.0	27.8	28.3	76.0	74.0	223.0	4.0	1.8	2.5
2025/07/17 16:07:36	1014.3	1.0	27.8	28.3	76.0	74.0	224.0	4.0	2.0	2.6
2025/07/17 16:07:37	1014.3	1.0	27.8	28.3	76.0	75.0	228.0	7.0	1.8	2.4
2025/07/17 16:07:38	1014.3	1.0	27.8	28.3	76.0	75.0	224.0	4.0	1.4	2.0
2025/07/17 16:07:39	1014.3	1.0	27.8	28.3	76.0	75.0	213.0	357.0	1.1	1.8
2025/07/17 16:07:40	1014.3	1.0	27.8	28.3	76.0	74.0	213.0	357.0	1.2	1.9
2025/07/17 16:07:41	1014.3	1.0	27.9	28.3	76.0	74.0	214.0	357.0	1.4	2.1
2025/07/17 16:07:42	1014.3	1.0	27.9	28.3	76.0	74.0	210.0	355.0	1.4	2.1
2025/07/17 16:07:43	1014.3	1.0	27.9	28.3	76.0	74.0	210.0	354.0	1.5	2.1
2025/07/17 16:07:44	1014.3	1.0	27.9	28.3	76.0	74.0	213.0	356.0	1.8	2.4
2025/07/17 16:07:45	1014.3	1.0	27.9	28.3	76.0	74.0	207.0	351.0	2.3	3.0
2025/07/17 16:07:46	1014.3	1.0	27.9	28.3	76.0	74.0	207.0	351.0	2.4	3.1
2025/07/17 16:07:47	1014.3	1.0	27.9	28.3	76.0	74.0	211.0	354.0	2.1	2.8
2025/07/17 16:07:48	1014.3	1.0	27.9	28.3	76.0	74.0	214.0	357.0	1.6	2.3
2025/07/17 16:07:49	1014.3	1.0	27.9	28.3	76.0	74.0	208.0	354.0	1.1	1.8
2025/07/17 16:07:50	1014.3	1.0	27.9	28.3	76.0	74.0	222.0	3.0	1.5	2.1
2025/07/17 16:07:51	1014.3	1.0	27.9	28.3	76.0	74.0	211.0	354.0	2.3	2.8
2025/07/17 16:07:52	1014.3	1.0	27.9	28.3	76.0	74.0	213.0	355.0	2.5	3.0
2025/07/17 16:07:53	1014.3	1.0	27.9	28.3	76.0	74.0	210.0	353.0	2.3	3.0
2025/07/17 16:07:54	1014.3	1.0	27.9	28.3	76.0	74.0	207.0	351.0	2.2	2.9
2025/07/17 16:07:55	1014.3	1.0	27.9	28.3	76.0	74.0	205.0	350.0	1.8	2.5
2025/07/17 16:07:56	1014.3	1.0	27.9	28.3	76.0	74.0	200.0	347.0	1.7	2.3
2025/07/17 16:07:57	1014.3	1.0	27.9	28.3	76.0	74.0	197.0	345.0	1.6	2.3
2025/07/17 16:07:58	1014.3	1.0	27.9	28.3	76.0	74.0	202.0	349.0	1.7	2.4
2025/07/17 16:07:59	1014.3	1.0	27.9	28.3	76.0	74.0	216.0	358.0	1.8	2.6
2025/07/17 16:08:00	1014.3	1.0	27.9	28.3	76.0	74.0	229.0	8.0	2.2	2.8
2025/07/17 16:08:01	1014.3	1.0	27.9	28.3	76.0	74.0	231.0	10.0	2.6	3.0
2025/07/17 16:08:02	1014.3	1.0	27.9	28.3	76.0	74.0	223.0	3.0	2.5	2.9
2025/07/17 16:08:03	1014.3	1.0	27.9	28.3	76.0	74.0	211.0	353.0	2.3	2.7
2025/07/17 16:08:04	1014.3	1.0	27.9	28.3	76.0	74.0	204.0	348.0	1.8	2.4
2025/07/17 16:08:05	1014.3	1.0	27.9	28.3	76.0	74.0	207.0	351.0	1.6	2.3
2025/07/17 16:08:06	1014.3	1.0	27.9	28.3	76.0	74.0	214.0	355.0	1.9	2.6
2025/07/17 16:08:07	1014.3	1.0	27.9	28.3	76.0	74.0	217.0	357.0	2.3	2.9
2025/07/17 16:08:08	1014.3	1.0	27.9	28.3	76.0	74.0	215.0	356.0	2.4	3.0
2025/07/17 16:08:09	1014.3	1.0	27.9	28.3	76.0	74.0	218.0	359.0	2.2	2.8
2025/07/17 16:08:10	1014.3	1.0	27.9	28.3	76.0	74.0	223.0	2.0	2.0	2.6
2025/07/17 16:08:11	1014.3	1.0	27.9	28.3	76.0	74.0	232.0	9.0	2.0	2.6
2025/07/17 16:08:12	1014.3	1.0	27.9	28.3	76.0	74.0	242.0	17.0	2.0	2.5
2025/07/17 16:08:13	1014.3	1.0	27.9	28.3	76.0	74.0	237.0	14.0	2.3	2.7
2025/07/17 16:08:14	1014.3	1.0	27.9	28.3	76.0	74.0	228.0	6.0	2.2	2.7
2025/07/17 16:08:15	1014.3	1.0	27.9	28.3	76.0	74.0	223.0	3.0	2.2	2.8
2025/07/17 16:08:16	1014.3	1.0	27.9	28.3	76.0	74.0	227.0	6.0	1.8	2.4
2025/07/17 16:08:17	1014.3	1.0	27.9	28.3	76.0	74.0	233.0	10.0	1.6	2.2
2025/07/17 16:08:18	1014.3	1.0	27.9	28.3	76.0	74.0	237.0	14.0	1.8	2.3
2025/07/17 16:08:19	1014.3	1.0	27.9	28.3	76.0	74.0	232.0	10.0	2.2	2.6
2025/07/17 16:08:20	1014.3	1.0	27.9	28.3	76.0	74.0	225.0	5.0	2.3	2.7
2025/07/17 16:08:21	1014.3	1.0	27.9	28.3	76.0	74.0	222.0	2.0	2.0	2.5
2025/07/17 16:08:22	1014.3	1.0	27.9	28.3	76.0	74.0	212.0	355.0	1.7	2.3
2025/07/17 16:08:23	1014.3	1.0	27.9	28.3	76.0	74.0	214.0	357.0	1.4	2.1
2025/07/17 16:08:24	1014.3	1.0	27.9	28.3	76.0	74.0	228.0	6.0	1.6	2.2
2025/07/17 16:08:25	1014.3	1.0	27.9	28.3	76.0	74.0	233.0	11.0	1.9	2.5
2025/07/17 16:08:26	1014.3	1.0	27.9	28.3	76.0	74.0	246.0	21.0	1.9	2.4
2025/07/17 16:08:27	1014.4	1.0	27.9	28.3	76.0	74.0	254.0	30.0	2.0	2.3
2025/07/17 16:08:28	1014.4	1.0	27.9	28.3	76.0	74.0	257.0	33.0	1.9	2.2
2025/07/17 16:08:29	1014.4	1.0	27.9	28.3	76.0	74.0	248.0	25.0	2.1	2.5
2025/07/17 16:08:30	1014.4	1.0	27.9	28.3	76.0	74.0	237.0	15.0	2.4	2.8
2025/07/17 16:08:31	1014.4	1.0	27.9	28.3	76.0	74.0	229.0	8.0	2.1	2.6
2025/07/17 16:08:32	1014.4	1.0	27.9	28.3	76.0	74.0	235.0	13.0	2.0	2.5
2025/07/17 16:08:33	1014.4	1.0	27.9	28.3	76.0	74.0	238.0	16.0	2.2	2.7
2025/07/17 16:08:34	1014.4	1.0	27.9	28.3	76.0	74.0	242.0	20.0	2.5	2.9
2025/07/17 16:08:35	1014.4	1.0	27.9	28.3	76.0	74.0	238.0	16.0	2.5	2.9
2025/07/17 16:08:36	1014.4	1.0	27.9	28.3	76.0	74.0	239.0	17.0	2.4	2.9
2025/07/17 16:08:37	1014.4	1.0	27.9	28.3	76.0	74.0	245.0	21.0	2.3	2.9
2025/07/17 16:08:38	1014.4	1.0	27.9	28.3	76.0	74.0	251.0	26.0	2.3	2.8
2025/07/17 16:08:39	1014.4	1.0	27.9	28.3	76.0	74.0	255.0	30.0	2.3	2.8
2025/07/17 16:08:40	1014.4	1.0	27.9	28.3	76.0	74.0	255.0	31.0	2.6	3.0
2025/07/17 16:08:41	1014.4	1.0	27.9	28.3	76.0	74.0	253.0	32.0	2.8	3.1
2025/07/17 16:08:42	1014.4	1.0	27.9	28.3	76.0	74.0	253.0	32.0	2.9	3.1
2025/07/17 16:08:43	1014.4	1.0	27.9	28.3	76.0	74.0	251.0	30.0	2.7	2.9
2025/07/17 16:08:44	1014.4	1.0	27.9	28.3	76.0	74.0	246.0	25.0	2.6	3.0
2025/07/17 16:08:45	1014.3	1.0	27.9	28.3	76.0	74.0	243.0	21.0	2.4	2.9
2025/07/17 16:08:46	1014.3	1.0	27.9	28.3	76.0	74.0	238.0	16.0	2.0	2.6
2025/07/17 16:08:47	1014.3	1.0	27.9	28.3	76.0	74.0	239.0	16.0	2.0	2.6
2025/07/17 16:08:48	1014.3	1.0	27.9	28.3	76.0	74.0	250.0	27.0	2.5	3.0
2025/07/17 16:08:49	1014.3	1.0	27.9	28.3	76.0	74.0	255.0	33.0	3.2	3.5
2025/07/17 16:08:50	1014.3	1.0	27.9	28.3	76.0	74.0	258.0	38.0	3.6	3.8
2025/07/17 16:08:51	1014.3	1.0	27.9	28.3	76.0	74.0	259.0	39.0	3.6	3.8
2025/07/17 16:08:52	1014.3	1.0	27.9	28.3	76.0	74.0	267.0	45.0	3.4	3.7
2025/07/17 16:08:53	1014.3	1.0	27.9	28.3	76.0	74.0	263.0	40.0	2.9	3.3
2025/07/17 16:08:54	1014.3	1.0	27.9	28.3	76.0	74.0	266.0	41.0	2.6	3.0
2025/07/17 16:08:55	1014.3	1.0	27.9	28.3	76.0	74.0	267.0	42.0	2.2	2.5
2025/07/17 16:08:56	1014.3	1.0	27.9	28.3	76.0	75.0	263.0	41.0	2.2	2.4
2025/07/17 16:08:57	1014.3	1.0	28.0	28.3	76.0	75.0	262.0	41.0	2.7	2.9
2025/07/17 16:08:58	1014.3	1.0	28.0	28.3	76.0	75.0	261.0	39.0	3.2	3.5
2025/07/17 16:08:59	1014.3	1.0	28.0	28.3	76.0	75.0	257.0	35.0	2.8	3.1
2025/07/17 16:09:00	1014.3	1.0	28.0	28.3	76.0	75.0	261.0	36.0	2.2	2.6
2025/07/17 16:09:01	1014.3	1.0	28.0	28.3	76.0	76.0	270.0	42.0	1.8	2.2
2025/07/17 16:09:02	1014.3	1.0	28.0	28.3	76.0	76.0	275.0	48.0	2.2	2.5
2025/07/17 16:09:03	1014.3	1.0	28.0	28.3	76.0	76.0	275.0	49.0	2.4	2.7
2025/07/17 16:09:04	1014.3	1.0	28.0	28.3	76.0	76.0	267.0	43.0	2.8	3.1
2025/07/17 16:09:05	1014.3	1.0	28.0	28.3	77.0	76.0	272.0	49.0	2.9	3.1
2025/07/17 16:09:06	1014.3	1.0	28.0	28.3	77.0	76.0	275.0	52.0	3.1	3.3
2025/07/17 16:09:07	1014.3	1.0	28.0	28.3	77.0	77.0	277.0	54.0	3.1	3.3
2025/07/17 16:09:08	1014.3	1.0	28.0	28.3	77.0	77.0	272.0	49.0	3.2	3.4
2025/07/17 16:09:09	1014.3	1.0	28.0	28.3	77.0	77.0	268.0	45.0	3.0	3.2
2025/07/17 16:09:10	1014.3	1.0	28.0	28.3	77.0	77.0	270.0	46.0	2.6	2.8
2025/07/17 16:09:11	1014.3	1.0	28.1	28.3	77.0	77.0	266.0	43.0	2.5	2.7
2025/07/17 16:09:12	1014.3	1.0	28.1	28.2	77.0	77.0	264.0	41.0	2.7	2.9
2025/07/17 16:09:13	1014.3	1.0	28.1	28.2	77.0	77.0	267.0	43.0	2.8	3.1
2025/07/17 16:09:14	1014.3	1.0	28.1	28.2	77.0	77.0	275.0	49.0	2.6	2.9
2025/07/17 16:09:15	1014.3	1.0	28.1	28.2	77.0	77.0	283.0	56.0	2.6	2.8
2025/07/17 16:09:16	1014.3	1.0	28.1	28.2	77.0	77.0	278.0	52.0	2.7	2.9
2025/07/17 16:09:17	1014.3	1.0	28.1	28.2	77.0	77.0	277.0	53.0	2.7	2.9
2025/07/17 16:09:18	1014.3	1.0	28.1	28.2	77.0	77.0	276.0	53.0	2.8	2.9
2025/07/17 16:09:19	1014.3	1.0	28.1	28.2	77.0	77.0	277.0	52.0	2.5	2.7
2025/07/17 16:09:20	1014.3	1.0	28.1	28.2	77.0	77.0	276.0	48.0	1.8	2.1
2025/07/17 16:09:21	1014.3	1.0	28.1	28.2	77.0	77.0	278.0	51.0	1.9	2.1
2025/07/17 16:09:22	1014.3	1.0	28.1	28.2	77.0	77.0	267.0	43.0	2.0	2.2
2025/07/17 16:09:23	1014.3	1.0	28.1	28.2	77.0	77.0	250.0	30.0	2.3	2.3
2025/07/17 16:09:24	1014.3	1.0	28.1	28.2	78.0	77.0	235.0	14.0	2.2	2.4
2025/07/17 16:09:25	1014.3	1.0	28.1	28.2	78.0	77.0	229.0	9.0	2.1	2.5
2025/07/17 16:09:26	1014.3	1.0	28.1	28.2	78.0	77.0	222.0	2.0	1.8	2.3
2025/07/17 16:09:27	1014.3	1.0	28.1	28.2	78.0	78.0	231.0	10.0	2.1	2.6
2025/07/17 16:09:28	1014.3	1.0	28.1	28.2	78.0	78.0	250.0	27.0	2.5	2.8
2025/07/17 16:09:29	1014.3	1.0	28.1	28.2	78.0	78.0	251.0	32.0	3.0	3.0
2025/07/17 16:09:30	1014.3	1.0	28.1	28.1	78.0	78.0	251.0	31.0	3.2	3.2
2025/07/17 16:09:31	1014.3	1.0	28.1	28.1	78.0	78.0	243.0	22.0	2.9	3.1
2025/07/17 16:09:32	1014.3	1.0	28.1	28.1	78.0	78.0	239.0	18.0	2.8	3.2
2025/07/17 16:09:33	1014.3	1.0	28.1	28.1	78.0	78.0	234.0	13.0	3.0	3.4
2025/07/17 16:09:34	1014.3	1.0	28.1	28.1	78.0	78.0	238.0	16.0	2.7	3.1
2025/07/17 16:09:35	1014.3	1.0	28.1	28.1	78.0	78.0	245.0	23.0	2.8	3.2
2025/07/17 16:09:36	1014.3	1.0	28.1	28.1	78.0	78.0	251.0	30.0	3.2	3.4
2025/07/17 16:09:37	1014.3	1.0	28.1	28.1	78.0	78.0	255.0	36.0	3.7	3.7
2025/07/17 16:09:38	1014.3	1.0	28.1	28.1	78.0	78.0	255.0	35.0	3.8	3.8
2025/07/17 16:09:39	1014.3	1.0	28.1	28.1	78.0	78.0	248.0	29.0	4.2	4.2
2025/07/17 16:09:40	1014.3	1.0	28.1	28.1	78.0	78.0	247.0	25.0	4.0	4.4
2025/07/17 16:09:41	1014.3	1.0	28.1	28.1	78.0	78.0	247.0	25.0	3.6	4.0
2025/07/17 16:09:42	1014.3	1.0	28.1	28.1	78.0	78.0	252.0	29.0	3.5	3.9
2025/07/17 16:09:43	1014.3	1.0	28.1	28.1	78.0	77.0	257.0	35.0	3.6	3.8
2025/07/17 16:09:44	1014.3	1.0	28.1	28.1	78.0	77.0	260.0	37.0	3.8	4.0
2025/07/17 16:09:45	1014.3	1.0	28.1	28.1	78.0	77.0	259.0	37.0	3.9	4.1
2025/07/17 16:09:46	1014.3	1.0	28.1	28.0	78.0	78.0	259.0	39.0	4.2	4.2
2025/07/17 16:09:47	1014.3	1.0	28.0	28.0	78.0	78.0	258.0	38.0	3.7	3.7
2025/07/17 16:09:48	1014.3	1.0	28.0	28.0	78.0	78.0	255.0	35.0	3.2	3.2
2025/07/17 16:09:49	1014.3	1.0	28.0	28.0	78.0	78.0	253.0	33.0	3.3	3.3
2025/07/17 16:09:50	1014.3	1.0	28.0	28.0	78.0	78.0	250.0	30.0	3.8	3.8
2025/07/17 16:09:51	1014.3	1.0	28.0	28.0	78.0	78.0	252.0	30.0	4.0	4.2
2025/07/17 16:09:52	1014.3	1.0	28.0	28.0	78.0	78.0	253.0	30.0	4.0	4.3
2025/07/17 16:09:53	1014.3	1.0	28.0	28.0	78.0	78.0	257.0	33.0	3.5	3.8
2025/07/17 16:09:54	1014.3	1.0	28.0	27.9	78.0	78.0	261.0	36.0	3.2	3.5
2025/07/17 16:09:55	1014.3	1.0	28.0	27.9	78.0	78.0	260.0	37.0	3.6	3.8
2025/07/17 16:09:56	1014.3	1.0	28.0	27.9	78.0	78.0	257.0	36.0	4.4	4.4
2025/07/17 16:09:57	1014.3	1.0	28.0	27.9	78.0	78.0	258.0	37.0	4.6	4.6
2025/07/17 16:09:58	1014.3	1.0	28.0	27.9	78.0	78.0	258.0	37.0	4.4	4.4
2025/07/17 16:09:59	1014.3	1.0	28.0	27.9	78.0	78.0	264.0	43.0	4.4	4.4
2025/07/17 16:10:00	1014.3	1.0	27.9	27.9	78.0	78.0	264.0	43.0	4.4	4.4
2025/07/17 16:10:01	1014.3	1.0	27.9	27.9	78.0	78.0	260.0	39.0	4.3	4.3
2025/07/17 16:10:02	1014.3	1.0	27.9	27.9	78.0	78.0	266.0	43.0	4.1	4.3
2025/07/17 16:10:03	1014.3	1.0	27.9	27.9	78.0	78.0	258.0	35.0	3.8	4.1
2025/07/17 16:10:04	1014.3	1.0	27.9	27.8	78.0	78.0	258.0	33.0	3.7	4.0
2025/07/17 16:10:05	1014.3	1.0	27.9	27.8	78.0	78.0	256.0	32.0	3.6	3.9
2025/07/17 16:10:06	1014.4	1.0	27.9	27.8	78.0	78.0	258.0	34.0	3.5	3.7
2025/07/17 16:10:07	1014.4	1.0	27.9	27.8	78.0	78.0	259.0	37.0	4.0	4.0
2025/07/17 16:10:08	1014.4	1.0	27.9	27.8	78.0	78.0	260.0	38.0	4.3	4.3
2025/07/17 16:10:09	1014.4	1.0	27.9	27.8	78.0	78.0	260.0	38.0	4.2	4.2
2025/07/17 16:10:10	1014.4	1.0	27.9	27.8	78.0	78.0	265.0	41.0	4.1	4.3
2025/07/17 16:10:11	1014.4	1.0	27.9	27.8	78.0	78.0	260.0	39.0	4.4	4.4
2025/07/17 16:10:12	1014.4	1.0	27.9	27.8	78.0	78.0	260.0	39.0	4.2	4.2
2025/07/17 16:10:13	1014.4	1.0	27.9	27.8	78.0	78.0	259.0	37.0	4.1	4.1
2025/07/17 16:10:14	1014.4	1.0	27.9	27.8	78.0	78.0	259.0	35.0	4.1	4.3
2025/07/17 16:10:15	1014.3	1.0	27.9	27.7	78.0	78.0	259.0	34.0	4.1	4.4
2025/07/17 16:10:16	1014.3	1.0	27.9	27.7	78.0	78.0	257.0	33.0	3.9	4.2
2025/07/17 16:10:17	1014.3	1.0	27.9	27.7	78.0	78.0	259.0	35.0	3.6	3.8
2025/07/17 16:10:18	1014.3	1.0	27.9	27.7	78.0	78.0	260.0	39.0	4.0	4.0
2025/07/17 16:10:19	1014.3	1.0	27.9	27.7	78.0	78.0	258.0	36.0	4.3	4.3
2025/07/17 16:10:20	1014.3	1.0	27.9	27.7	78.0	78.0	260.0	38.0	4.6	4.6
2025/07/17 16:10:21	1014.3	1.0	27.9	27.7	78.0	78.0	260.0	38.0	4.5	4.5
2025/07/17 16:10:22	1014.3	1.0	27.9	27.7	78.0	78.0	268.0	43.0	4.3	4.5
2025/07/17 16:10:23	1014.3	1.0	27.9	27.7	78.0	79.0	276.0	49.0	4.2	4.4
2025/07/17 16:10:24	1014.3	1.0	27.9	27.7	79.0	79.0	279.0	54.0	4.2	4.4
2025/07/17 16:10:25	1014.3	1.0	27.9	27.7	79.0	79.0	272.0	50.0	4.5	4.5
2025/07/17 16:10:26	1014.3	1.0	27.9	27.7	78.0	79.0	266.0	44.0	4.8	4.8
2025/07/17 16:10:27	1014.3	1.0	27.9	27.7	78.0	79.0	265.0	43.0	4.9	4.9
2025/07/17 16:10:28	1014.3	1.0	27.9	27.7	78.0	79.0	269.0	44.0	4.6	4.8
2025/07/17 16:10:29	1014.3	1.0	27.9	27.7	79.0	79.0	272.0	47.0	4.5	4.7
2025/07/17 16:10:30	1014.3	1.0	27.9	27.7	79.0	79.0	270.0	47.0	4.6	4.6
2025/07/17 16:10:31	1014.3	1.0	27.9	27.7	79.0	79.0	267.0	44.0	5.0	5.0
2025/07/17 16:10:32	1014.3	1.0	27.9	27.7	79.0	79.0	266.0	40.0	4.4	4.7
2025/07/17 16:10:33	1014.3	1.0	27.9	27.6	79.0	79.0	266.0	41.0	4.4	4.7
2025/07/17 16:10:34	1014.3	1.0	27.9	27.6	79.0	79.0	272.0	47.0	4.4	4.6
2025/07/17 16:10:35	1014.3	1.0	27.9	27.6	79.0	80.0	276.0	54.0	4.1	4.1
2025/07/17 16:10:36	1014.3	1.0	27.9	27.6	79.0	80.0	282.0	58.0	4.4	4.4
2025/07/17 16:10:37	1014.3	1.0	27.9	27.6	79.0	80.0	280.0	56.0	4.5	4.5
2025/07/17 16:10:38	1014.3	1.0	27.9	27.6	79.0	80.0	274.0	50.0	4.8	4.8
2025/07/17 16:10:39	1014.3	1.0	27.9	27.6	79.0	80.0	271.0	47.0	4.9	4.9
2025/07/17 16:10:40	1014.3	1.0	27.9	27.6	79.0	80.0	270.0	44.0	4.6	4.8
2025/07/17 16:10:41	1014.3	1.0	27.9	27.6	79.0	80.0	272.0	46.0	4.2	4.4
2025/07/17 16:10:42	1014.3	1.0	27.9	27.6	79.0	80.0	277.0	50.0	3.8	4.0
2025/07/17 16:10:43	1014.3	1.0	27.9	27.6	79.0	80.0	273.0	50.0	4.1	4.1
2025/07/17 16:10:44	1014.3	1.0	27.9	27.6	79.0	80.0	271.0	47.0	4.2	4.2
2025/07/17 16:10:45	1014.3	1.0	27.9	27.6	79.0	80.0	269.0	45.0	4.3	4.3
2025/07/17 16:10:46	1014.3	1.0	27.9	27.6	79.0	80.0	268.0	44.0	4.5	4.5
2025/07/17 16:10:47	1014.3	1.0	27.9	27.6	79.0	80.0	272.0	47.0	4.6	4.6
2025/07/17 16:10:48	1014.3	1.0	27.9	27.6	79.0	80.0	272.0	48.0	4.5	4.5
2025/07/17 16:10:49	1014.3	1.0	27.9	27.6	79.0	80.0	273.0	48.0	4.7	4.7
2025/07/17 16:10:50	1014.3	1.0	27.9	27.6	79.0	80.0	271.0	46.0	4.9	4.9
2025/07/17 16:10:51	1014.3	1.0	27.9	27.6	79.0	81.0	272.0	46.0	4.5	4.7
2025/07/17 16:10:52	1014.3	1.0	27.9	27.6	79.0	81.0	269.0	44.0	4.4	4.4
2025/07/17 16:10:53	1014.3	1.0	27.9	27.6	79.0	81.0	268.0	43.0	4.3	4.3
2025/07/17 16:10:54	1014.3	1.0	27.9	27.6	79.0	81.0	271.0	46.0	4.6	4.6
2025/07/17 16:10:55	1014.3	1.0	27.9	27.6	79.0	81.0	268.0	42.0	4.8	4.8
2025/07/17 16:10:56	1014.3	1.0	27.9	27.6	79.0	81.0	267.0	41.0	4.8	4.8
2025/07/17 16:10:57	1014.3	1.0	27.9	27.6	79.0	81.0	270.0	42.0	4.7	4.9
2025/07/17 16:10:58	1014.3	1.0	27.9	27.6	79.0	81.0	269.0	43.0	4.8	4.8
2025/07/17 16:10:59	1014.3	1.0	27.9	27.6	79.0	81.0	268.0	43.0	5.3	5.3
2025/07/17 16:11:00	1014.3	1.0	27.9	27.6	79.0	81.0	261.0	36.0	5.4	5.4
2025/07/17 16:11:01	1014.3	1.0	27.9	27.6	79.0	81.0	257.0	31.0	5.7	5.7
2025/07/17 16:11:02	1014.3	1.0	27.9	27.6	79.0	81.0	258.0	32.0	5.8	5.8
2025/07/17 16:11:03	1014.3	1.0	27.9	27.6	79.0	81.0	260.0	33.0	6.1	6.1
2025/07/17 16:11:04	1014.3	1.0	27.9	27.6	79.0	81.0	260.0	34.0	5.9	5.9
2025/07/17 16:11:05	1014.3	1.0	27.9	27.6	79.0	81.0	259.0	33.0	5.7	5.7
2025/07/17 16:11:06	1014.3	1.0	27.9	27.6	80.0	81.0	259.0	33.0	5.4	5.4
2025/07/17 16:11:07	1014.3	1.0	27.9	27.6	80.0	80.0	260.0	34.0	5.4	5.4
2025/07/17 16:11:08	1014.3	1.0	27.9	27.6	80.0	80.0	259.0	32.0	5.5	5.5
2025/07/17 16:11:09	1014.3	1.0	27.9	27.6	79.0	80.0	257.0	30.0	6.1	6.1
2025/07/17 16:11:10	1014.3	1.0	27.9	27.5	79.0	80.0	257.0	30.0	6.1	6.1
2025/07/17 16:11:11	1014.3	1.0	27.9	27.5	80.0	80.0	259.0	32.0	6.0	6.0
2025/07/17 16:11:12	1014.3	1.0	27.9	27.5	80.0	80.0	265.0	38.0	5.8	5.8
2025/07/17 16:11:13	1014.3	1.0	27.9	27.5	80.0	80.0	266.0	39.0	5.9	5.9
2025/07/17 16:11:14	1014.3	1.0	27.8	27.5	79.0	80.0	260.0	33.0	6.3	6.3
2025/07/17 16:11:15	1014.3	1.0	27.8	27.5	79.0	80.0	257.0	30.0	6.0	6.0
2025/07/17 16:11:16	1014.3	1.0	27.8	27.5	79.0	80.0	255.0	28.0	5.7	5.7
2025/07/17 16:11:17	1014.3	1.0	27.8	27.5	79.0	80.0	253.0	26.0	5.3	5.3
2025/07/17 16:11:18	1014.3	1.0	27.8	27.5	79.0	80.0	253.0	26.0	5.0	5.0
2025/07/17 16:11:19	1014.3	1.0	27.8	27.5	79.0	80.0	254.0	26.0	5.2	5.2
2025/07/17 16:11:20	1014.3	1.0	27.8	27.5	79.0	80.0	257.0	28.0	5.7	5.7
2025/07/17 16:11:21	1014.3	1.0	27.8	27.4	79.0	80.0	260.0	32.0	6.0	6.0
2025/07/17 16:11:22	1014.3	1.0	27.8	27.4	79.0	80.0	263.0	35.0	5.9	5.9
2025/07/17 16:11:23	1014.3	1.0	27.8	27.4	79.0	80.0	264.0	37.0	5.5	5.5
2025/07/17 16:11:24	1014.3	1.0	27.7	27.4	79.0	80.0	263.0	35.0	5.2	5.2
2025/07/17 16:11:25	1014.3	1.0	27.7	27.4	79.0	80.0	259.0	31.0	5.2	5.2
2025/07/17 16:11:26	1014.3	1.0	27.7	27.4	79.0	80.0	257.0	28.0	5.4	5.4
2025/07/17 16:11:27	1014.3	1.0	27.7	27.4	79.0	80.0	258.0	29.0	5.4	5.4
2025/07/17 16:11:28	1014.3	1.0	27.7	27.4	79.0	80.0	262.0	33.0	5.2	5.2
2025/07/17 16:11:29	1014.3	1.0	27.7	27.4	79.0	80.0	265.0	36.0	5.0	5.0
2025/07/17 16:11:30	1014.3	1.0	27.7	27.4	79.0	80.0	267.0	38.0	5.4	5.4
2025/07/17 16:11:31	1014.3	1.0	27.7	27.4	79.0	80.0	263.0	34.0	5.5	5.5
2025/07/17 16:11:32	1014.3	1.0	27.7	27.4	79.0	80.0	261.0	32.0	5.6	5.6
2025/07/17 16:11:33	1014.3	1.0	27.7	27.4	79.0	80.0	263.0	34.0	5.6	5.6
2025/07/17 16:11:34	1014.3	1.0	27.6	27.4	79.0	80.0	267.0	37.0	5.4	5.4
2025/07/17 16:11:35	1014.3	1.0	27.6	27.4	79.0	80.0	270.0	40.0	5.1	5.1
2025/07/17 16:11:36	1014.3	1.0	27.6	27.3	79.0	80.0	271.0	41.0	5.2	5.2
2025/07/17 16:11:37	1014.3	1.0	27.6	27.3	79.0	80.0	268.0	38.0	5.5	5.5
2025/07/17 16:11:38	1014.3	1.0	27.6	27.3	79.0	81.0	269.0	37.0	5.5	5.7
2025/07/17 16:11:39	1014.3	1.0	27.6	27.3	79.0	81.0	267.0	37.0	5.9	5.9
2025/07/17 16:11:40	1014.3	1.0	27.6	27.3	80.0	81.0	263.0	33.0	5.8	5.8
2025/07/17 16:11:41	1014.3	1.0	27.6	27.3	80.0	81.0	258.0	28.0	5.4	5.4
2025/07/17 16:11:42	1014.3	1.0	27.6	27.3	79.0	81.0	250.0	21.0	5.3	5.3
2025/07/17 16:11:43	1014.3	1.0	27.6	27.3	79.0	81.0	247.0	17.0	5.3	5.3
2025/07/17 16:11:44	1014.3	1.0	27.6	27.3	79.0	81.0	247.0	17.0	4.9	5.1
2025/07/17 16:11:45	1014.3	1.0	27.6	27.3	80.0	81.0	256.0	25.0	4.7	4.9
2025/07/17 16:11:46	1014.3	1.0	27.6	27.3	80.0	81.0	265.0	35.0	4.9	4.9
2025/07/17 16:11:47	1014.3	1.0	27.6	27.3	80.0	81.0	269.0	39.0	5.4	5.4
2025/07/17 16:11:48	1014.3	1.0	27.6	27.3	80.0	81.0	267.0	36.0	6.0	6.0
2025/07/17 16:11:49	1014.3	1.0	27.6	27.3	80.0	81.0	264.0	33.0	5.9	5.9
2025/07/17 16:11:50	1014.3	1.0	27.6	27.3	80.0	81.0	259.0	29.0	5.5	5.5
2025/07/17 16:11:51	1014.3	1.0	27.6	27.3	80.0	81.0	258.0	27.0	4.7	4.7
2025/07/17 16:11:52	1014.3	1.0	27.6	27.3	80.0	81.0	259.0	28.0	4.2	4.2
2025/07/17 16:11:53	1014.3	1.0	27.6	27.3	80.0	81.0	258.0	27.0	4.5	4.5
2025/07/17 16:11:54	1014.3	1.0	27.6	27.3	80.0	81.0	253.0	21.0	4.9	4.9
2025/07/17 16:11:55	1014.3	1.0	27.6	27.3	80.0	81.0	251.0	20.0	4.9	4.9
2025/07/17 16:11:56	1014.3	1.0	27.6	27.3	80.0	81.0	253.0	21.0	4.6	4.6
2025/07/17 16:11:57	1014.3	1.0	27.6	27.3	80.0	81.0	255.0	24.0	4.3	4.3
2025/07/17 16:11:58	1014.3	1.0	27.6	27.3	80.0	81.0	257.0	25.0	4.4	4.4
2025/07/17 16:11:59	1014.3	1.0	27.6	27.3	80.0	81.0	258.0	26.0	4.3	4.3
2025/07/17 16:12:00	1014.3	1.0	27.6	27.2	80.0	81.0	259.0	27.0	4.7	4.7
2025/07/17 16:12:01	1014.3	1.0	27.5	27.2	80.0	81.0	260.0	28.0	4.7	4.7
2025/07/17 16:12:02	1014.3	1.0	27.5	27.2	80.0	81.0	262.0	30.0	5.0	5.0
2025/07/17 16:12:03	1014.3	1.0	27.5	27.2	80.0	81.0	265.0	33.0	5.2	5.2
2025/07/17 16:12:04	1014.3	1.0	27.5	27.2	80.0	81.0	265.0	33.0	5.1	5.1
2025/07/17 16:12:05	1014.3	1.0	27.5	27.2	80.0	81.0	261.0	28.0	4.6	4.8
2025/07/17 16:12:06	1014.3	1.0	27.5	27.2	80.0	81.0	254.0	22.0	4.4	4.4
2025/07/17 16:12:07	1014.3	1.0	27.5	27.2	80.0	81.0	251.0	19.0	4.3	4.3
2025/07/17 16:12:08	1014.3	1.0	27.5	27.2	80.0	81.0	250.0	17.0	4.4	4.4
2025/07/17 16:12:09	1014.3	1.0	27.5	27.2	80.0	81.0	249.0	16.0	4.5	4.5
2025/07/17 16:12:10	1014.3	1.0	27.5	27.2	80.0	81.0	252.0	19.0	4.6	4.6
2025/07/17 16:12:11	1014.3	1.0	27.5	27.2	80.0	81.0	263.0	30.0	4.3	4.3
2025/07/17 16:12:12	1014.3	1.0	27.5	27.2	80.0	81.0	270.0	37.0	4.6	4.6
2025/07/17 16:12:13	1014.3	1.0	27.5	27.2	80.0	81.0	277.0	42.0	4.5	4.7
2025/07/17 16:12:14	1014.3	1.0	27.5	27.2	80.0	81.0	275.0	40.0	4.3	4.5
2025/07/17 16:12:15	1014.3	1.0	27.5	27.2	80.0	81.0	266.0	31.0	4.5	4.8
2025/07/17 16:12:16	1014.3	1.0	27.5	27.2	80.0	81.0	260.0	27.0	4.8	4.8
2025/07/17 16:12:17	1014.3	1.0	27.5	27.2	80.0	81.0	254.0	21.0	4.5	4.5
2025/07/17 16:12:18	1014.3	1.0	27.5	27.2	80.0	81.0	253.0	20.0	4.2	4.2
2025/07/17 16:12:19	1014.3	1.0	27.5	27.2	80.0	81.0	257.0	24.0	4.1	4.1
2025/07/17 16:12:20	1014.3	1.0	27.4	27.2	80.0	81.0	263.0	30.0	4.4	4.4
2025/07/17 16:12:21	1014.3	1.0	27.4	27.2	80.0	81.0	266.0	32.0	4.8	4.8
2025/07/17 16:12:22	1014.3	1.0	27.4	27.2	80.0	81.0	268.0	35.0	4.9	4.9
2025/07/17 16:12:23	1014.3	1.0	27.4	27.2	80.0	81.0	263.0	30.0	4.7	4.7
2025/07/17 16:12:24	1014.3	1.0	27.4	27.2	80.0	81.0	262.0	28.0	4.2	4.2
2025/07/17 16:12:25	1014.3	1.0	27.4	27.2	80.0	81.0	264.0	30.0	4.1	4.1
2025/07/17 16:12:26	1014.3	1.0	27.4	27.2	80.0	81.0	269.0	35.0	4.5	4.5
2025/07/17 16:12:27	1014.3	1.0	27.4	27.2	80.0	81.0	273.0	39.0	5.3	5.3
2025/07/17 16:12:28	1014.3	1.0	27.4	27.2	80.0	81.0	277.0	41.0	5.3	5.5
2025/07/17 16:12:29	1014.3	1.0	27.4	27.2	80.0	81.0	277.0	42.0	5.0	5.2
2025/07/17 16:12:30	1014.3	1.0	27.4	27.2	80.0	81.0	270.0	37.0	4.7	4.7
2025/07/17 16:12:31	1014.3	1.0	27.4	27.2	80.0	81.0	261.0	28.0	4.5	4.5
2025/07/17 16:12:32	1014.3	1.0	27.4	27.2	80.0	81.0	260.0	26.0	4.6	4.6
2025/07/17 16:12:33	1014.3	1.0	27.4	27.2	80.0	81.0	262.0	27.0	4.9	4.9
2025/07/17 16:12:34	1014.3	1.0	27.4	27.2	80.0	81.0	264.0	30.0	5.5	5.5
2025/07/17 16:12:35	1014.3	1.0	27.4	27.2	80.0	81.0	271.0	36.0	5.5	5.5
2025/07/17 16:12:36	1014.3	1.0	27.4	27.2	80.0	81.0	273.0	39.0	5.2	5.2
2025/07/17 16:12:37	1014.3	1.0	27.4	27.2	80.0	81.0	268.0	34.0	5.0	5.0
2025/07/17 16:12:38	1014.3	1.0	27.4	27.2	80.0	81.0	265.0	31.0	5.4	5.4
2025/07/17 16:12:39	1014.3	1.0	27.4	27.2	80.0	82.0	264.0	30.0	5.6	5.6
2025/07/17 16:12:40	1014.3	1.0	27.4	27.2	80.0	82.0	264.0	30.0	5.4	5.4
2025/07/17 16:12:41	1014.3	1.0	27.4	27.2	80.0	81.0	264.0	30.0	5.8	5.8
2025/07/17 16:12:42	1014.3	1.0	27.4	27.2	80.0	81.0	265.0	30.0	6.0	6.0
2025/07/17 16:12:43	1014.3	1.0	27.4	27.2	80.0	81.0	265.0	30.0	5.7	5.7
2025/07/17 16:12:44	1014.3	1.0	27.4	27.2	80.0	81.0	267.0	32.0	5.5	5.5
2025/07/17 16:12:45	1014.3	1.0	27.4	27.2	80.0	81.0	271.0	36.0	5.7	5.7
2025/07/17 16:12:46	1014.3	1.0	27.4	27.2	80.0	81.0	270.0	36.0	6.1	6.1
2025/07/17 16:12:47	1014.3	1.0	27.4	27.2	80.0	81.0	267.0	33.0	6.3	6.3
2025/07/17 16:12:48	1014.3	1.0	27.4	27.2	80.0	81.0	268.0	33.0	6.2	6.2
2025/07/17 16:12:49	1014.3	1.0	27.4	27.2	80.0	81.0	271.0	36.0	5.7	5.7
2025/07/17 16:12:50	1014.3	1.0	27.4	27.2	80.0	81.0	273.0	38.0	5.5	5.5
2025/07/17 16:12:51	1014.3	1.0	27.4	27.2	81.0	81.0	273.0	38.0	5.6	5.6
2025/07/17 16:12:52	1014.3	1.0	27.4	27.1	81.0	81.0	274.0	39.0	6.0	6.0
2025/07/17 16:12:53	1014.3	1.0	27.4	27.1	80.0	81.0	272.0	37.0	6.4	6.4
2025/07/17 16:12:54	1014.3	1.0	27.4	27.1	80.0	81.0	272.0	37.0	6.2	6.2
2025/07/17 16:12:55	1014.3	1.0	27.4	27.1	80.0	81.0	275.0	40.0	5.7	5.7
2025/07/17 16:12:56	1014.3	1.0	27.4	27.1	80.0	81.0	275.0	39.0	5.6	5.6
2025/07/17 16:12:57	1014.3	1.0	27.4	27.1	80.0	81.0	273.0	36.0	5.4	5.6
2025/07/17 16:12:58	1014.3	1.0	27.4	27.1	80.0	81.0	263.0	27.0	5.8	5.8
2025/07/17 16:12:59	1014.3	1.0	27.4	27.1	80.0	81.0	258.0	22.0	6.0	6.0
2025/07/17 16:13:00	1014.3	1.0	27.4	27.1	80.0	81.0	260.0	25.0	5.6	5.6
2025/07/17 16:13:01	1014.3	1.0	27.4	27.1	80.0	81.0	262.0	26.0	5.0	5.0
2025/07/17 16:13:02	1014.3	1.0	27.4	27.1	80.0	81.0	267.0	31.0	4.7	4.7
2025/07/17 16:13:03	1014.3	1.0	27.4	27.1	80.0	81.0	267.0	32.0	4.9	4.9
2025/07/17 16:13:04	1014.3	1.0	27.4	27.1	80.0	81.0	271.0	35.0	5.9	5.9
2025/07/17 16:13:05	1014.3	1.0	27.4	27.1	80.0	81.0	270.0	34.0	6.5	6.5
2025/07/17 16:13:06	1014.3	1.0	27.4	27.1	80.0	81.0	269.0	33.0	6.2	6.2
2025/07/17 16:13:07	1014.3	1.0	27.4	27.1	81.0	81.0	268.0	32.0	5.8	5.8
2025/07/17 16:13:08	1014.3	1.0	27.4	27.1	81.0	81.0	269.0	33.0	5.6	5.6
2025/07/17 16:13:09	1014.3	1.0	27.4	27.1	80.0	81.0	266.0	29.0	5.5	5.7
2025/07/17 16:13:10	1014.3	1.0	27.4	27.1	80.0	81.0	261.0	25.0	6.0	6.0
2025/07/17 16:13:11	1014.3	1.0	27.4	27.1	80.0	81.0	258.0	21.0	6.1	6.1
2025/07/17 16:13:12	1014.3	1.0	27.4	27.1	81.0	81.0	256.0	20.0	5.9	5.9
2025/07/17 16:13:13	1014.3	1.0	27.4	27.1	81.0	82.0	258.0	21.0	5.4	5.4
2025/07/17 16:13:14	1014.3	1.0	27.4	27.1	81.0	82.0	261.0	25.0	5.4	5.4
2025/07/17 16:13:15	1014.3	1.0	27.4	27.1	81.0	82.0	266.0	30.0	5.6	5.6
2025/07/17 16:13:16	1014.3	1.0	27.4	27.1	81.0	82.0	269.0	32.0	5.6	5.6
2025/07/17 16:13:17	1014.3	1.0	27.4	27.1	81.0	82.0	272.0	35.0	6.1	6.1
2025/07/17 16:13:18	1014.3	1.0	27.4	27.1	81.0	82.0	274.0	36.0	5.7	5.9
2025/07/17 16:13:19	1014.3	1.0	27.4	27.1	81.0	82.0	271.0	32.0	5.6	5.9
2025/07/17 16:13:20	1014.3	1.0	27.4	27.1	81.0	82.0	266.0	30.0	5.6	5.6
2025/07/17 16:13:21	1014.3	1.0	27.4	27.1	81.0	82.0	266.0	30.0	5.2	5.2
2025/07/17 16:13:22	1014.3	1.0	27.4	27.1	81.0	82.0	268.0	31.0	4.9	4.9
2025/07/17 16:13:23	1014.3	1.0	27.4	27.1	81.0	82.0	271.0	32.0	4.9	5.2
2025/07/17 16:13:24	1014.3	1.0	27.4	27.1	81.0	82.0	274.0	34.0	5.2	5.5
2025/07/17 16:13:25	1014.3	1.0	27.4	27.1	81.0	82.0	270.0	32.0	5.9	5.9
2025/07/17 16:13:26	1014.3	1.0	27.4	27.1	81.0	82.0	263.0	26.0	5.9	5.9
2025/07/17 16:13:27	1014.3	1.0	27.4	27.1	81.0	82.0	261.0	23.0	5.0	5.3
2025/07/17 16:13:28	1014.3	1.0	27.4	27.1	81.0	82.0	264.0	26.0	4.8	5.0
2025/07/17 16:13:29	1014.3	1.0	27.4	27.1	81.0	83.0	267.0	30.0	5.1	5.1
2025/07/17 16:13:30	1014.3	1.0	27.4	27.1	81.0	83.0	275.0	36.0	5.2	5.4
2025/07/17 16:13:31	1014.3	1.0	27.4	27.1	81.0	83.0	278.0	36.0	5.5	5.9
2025/07/17 16:13:32	1014.3	1.0	27.4	27.1	81.0	83.0	278.0	36.0	5.9	6.4
2025/07/17 16:13:33	1014.3	1.0	27.4	27.1	81.0	83.0	275.0	35.0	6.2	6.5
2025/07/17 16:13:34	1014.3	1.0	27.4	27.1	81.0	83.0	266.0	28.0	6.0	6.0
2025/07/17 16:13:35	1014.3	1.0	27.4	27.1	81.0	83.0	261.0	23.0	4.9	5.1
2025/07/17 16:13:36	1014.3	1.0	27.4	27.1	81.0	83.0	257.0	19.0	4.2	4.5
2025/07/17 16:13:37	1014.3	1.0	27.4	27.1	81.0	83.0	254.0	16.0	4.2	4.2
2025/07/17 16:13:38	1014.3	1.0	27.4	27.1	81.0	83.0	261.0	22.0	4.5	4.7
2025/07/17 16:13:39	1014.3	1.0	27.4	27.1	81.0	82.0	267.0	27.0	5.4	5.8
2025/07/17 16:13:40	1014.3	1.0	27.4	27.1	81.0	82.0	268.0	28.0	6.2	6.5
2025/07/17 16:13:41	1014.3	1.0	27.4	27.1	81.0	82.0	267.0	28.0	6.3	6.3
2025/07/17 16:13:42	1014.3	1.0	27.4	27.1	81.0	82.0	266.0	27.0	6.0	6.0
2025/07/17 16:13:43	1014.3	1.0	27.3	27.1	81.0	82.0	266.0	28.0	5.7	5.7
2025/07/17 16:13:44	1014.3	1.0	27.3	27.1	81.0	82.0	273.0	35.0	5.5	5.5
2025/07/17 16:13:45	1014.3	1.0	27.3	27.1	81.0	82.0	270.0	32.0	5.1	5.1
2025/07/17 16:13:46	1014.3	1.0	27.3	27.1	81.0	82.0	265.0	27.0	5.2	5.2
2025/07/17 16:13:47	1014.3	1.0	27.3	27.1	81.0	82.0	260.0	21.0	5.2	5.4
2025/07/17 16:13:48	1014.3	1.0	27.3	27.1	81.0	82.0	256.0	16.0	5.3	5.5
2025/07/17 16:13:49	1014.3	1.0	27.3	27.1	81.0	82.0	256.0	16.0	5.3	5.3
2025/07/17 16:13:50	1014.3	1.0	27.3	27.1	81.0	82.0	256.0	17.0	4.9	4.9
2025/07/17 16:13:51	1014.3	1.0	27.3	27.1	81.0	82.0	255.0	16.0	5.0	5.0
2025/07/17 16:13:52	1014.3	1.0	27.3	27.1	81.0	82.0	253.0	14.0	5.0	5.0
2025/07/17 16:13:53	1014.3	1.0	27.3	27.1	81.0	82.0	258.0	20.0	4.9	4.9
2025/07/17 16:13:54	1014.3	1.0	27.3	27.1	81.0	82.0	260.0	21.0	5.0	5.0
2025/07/17 16:13:55	1014.3	1.0	27.3	27.1	81.0	82.0	265.0	27.0	5.5	5.5
2025/07/17 16:13:56	1014.3	1.0	27.3	27.1	81.0	82.0	268.0	29.0	5.6	5.6
2025/07/17 16:13:57	1014.3	1.0	27.3	27.1	81.0	82.0	270.0	30.0	5.6	5.8
2025/07/17 16:13:58	1014.3	1.0	27.3	27.1	81.0	82.0	268.0	28.0	5.8	5.8
2025/07/17 16:13:59	1014.3	1.0	27.3	27.1	81.0	82.0	265.0	26.0	5.4	5.4
2025/07/17 16:14:00	1014.3	1.0	27.3	27.1	81.0	82.0	261.0	22.0	5.1	5.1
2025/07/17 16:14:01	1014.3	1.0	27.3	27.1	81.0	82.0	258.0	19.0	4.9	4.9
2025/07/17 16:14:02	1014.3	1.0	27.3	27.1	81.0	82.0	255.0	16.0	5.4	5.4
2025/07/17 16:14:03	1014.3	1.0	27.3	27.1	81.0	82.0	257.0	18.0	5.7	5.7
2025/07/17 16:14:04	1014.3	1.0	27.3	27.1	81.0	82.0	263.0	23.0	5.7	5.7
2025/07/17 16:14:05	1014.3	1.0	27.3	27.1	81.0	82.0	269.0	28.0	5.9	6.1
2025/07/17 16:14:06	1014.3	1.0	27.3	27.1	81.0	82.0	272.0	31.0	5.7	5.9
2025/07/17 16:14:07	1014.3	1.0	27.3	27.1	81.0	82.0	270.0	30.0	5.6	5.6
2025/07/17 16:14:08	1014.3	1.0	27.3	27.1	81.0	82.0	268.0	28.0	5.5	5.5
2025/07/17 16:14:09	1014.3	1.0	27.3	27.1	81.0	82.0	265.0	24.0	5.0	5.2
2025/07/17 16:14:10	1014.3	1.0	27.3	27.1	81.0	82.0	267.0	26.0	5.0	5.2
2025/07/17 16:14:11	1014.3	1.0	27.3	27.1	81.0	82.0	267.0	27.0	5.1	5.1
2025/07/17 16:14:12	1014.3	1.0	27.3	27.1	81.0	82.0	271.0	29.0	5.3	5.6
2025/07/17 16:14:13	1014.3	1.0	27.3	27.1	81.0	82.0	268.0	26.0	5.6	5.9
2025/07/17 16:14:14	1014.3	1.0	27.3	27.1	81.0	82.0	265.0	24.0	5.7	5.7
2025/07/17 16:14:15	1014.3	1.0	27.3	27.1	81.0	82.0	261.0	21.0	5.5	5.5
2025/07/17 16:14:16	1014.3	1.0	27.3	27.1	81.0	83.0	259.0	18.0	5.1	5.1
2025/07/17 16:14:17	1014.3	1.0	27.3	27.1	81.0	83.0	261.0	20.0	4.7	4.9
2025/07/17 16:14:18	1014.2	1.0	27.3	27.1	81.0	83.0	261.0	19.0	4.7	4.9
2025/07/17 16:14:19	1014.2	1.0	27.3	27.2	81.0	83.0	259.0	18.0	5.0	5.0
2025/07/17 16:14:20	1014.2	1.0	27.3	27.2	81.0	83.0	254.0	13.0	4.7	4.7
2025/07/17 16:14:21	1014.2	1.0	27.3	27.2	81.0	83.0	252.0	11.0	4.7	4.7
2025/07/17 16:14:22	1014.2	1.0	27.3	27.1	81.0	82.0	254.0	13.0	4.7	4.7
2025/07/17 16:14:23	1014.2	1.0	27.3	27.1	81.0	82.0	265.0	24.0	4.4	4.4
2025/07/17 16:14:24	1014.2	1.0	27.3	27.1	81.0	82.0	269.0	28.0	4.5	4.5
2025/07/17 16:14:25	1014.2	1.0	27.2	27.1	81.0	82.0	273.0	30.0	4.3	4.6
2025/07/17 16:14:26	1014.2	1.0	27.2	27.1	81.0	82.0	264.0	22.0	4.5	4.7
2025/07/17 16:14:27	1014.2	1.0	27.2	27.1	81.0	82.0	254.0	12.0	5.1	5.1
2025/07/17 16:14:28	1014.2	1.0	27.2	27.1	81.0	82.0	247.0	6.0	4.9	4.9
2025/07/17 16:14:29	1014.2	1.0	27.2	27.1	81.0	82.0	251.0	10.0	4.6	4.6
2025/07/17 16:14:30	1014.2	1.0	27.2	27.1	81.0	82.0	255.0	14.0	4.5	4.5
2025/07/17 16:14:31	1014.2	1.0	27.2	27.1	81.0	82.0	258.0	17.0	4.7	4.7
2025/07/17 16:14:32	1014.2	1.0	27.2	27.1	81.0	82.0	260.0	19.0	5.1	5.1
2025/07/17 16:14:33	1014.2	1.0	27.2	27.1	81.0	82.0	264.0	23.0	5.2	5.2
2025/07/17 16:14:34	1014.2	1.0	27.2	27.1	81.0	82.0	268.0	27.0	5.1	5.1
2025/07/17 16:14:35	1014.2	1.0	27.2	27.1	81.0	82.0	273.0	31.0	5.4	5.4
2025/07/17 16:14:36	1014.3	1.0	27.2	27.1	81.0	82.0	276.0	35.0	5.8	5.8
2025/07/17 16:14:37	1014.3	1.0	27.2	27.1	81.0	82.0	278.0	35.0	5.4	5.6
2025/07/17 16:14:38	1014.3	1.0	27.2	27.1	81.0	82.0	276.0	35.0	5.3	5.3
2025/07/17 16:14:39	1014.3	1.0	27.2	27.1	81.0	81.0	272.0	30.0	4.8	4.8
2025/07/17 16:14:40	1014.3	1.0	27.2	27.1	81.0	81.0	267.0	26.0	4.6	4.6
2025/07/17 16:14:41	1014.3	1.0	27.2	27.1	81.0	81.0	262.0	20.0	4.9	4.9
2025/07/17 16:14:42	1014.3	1.0	27.2	27.1	81.0	81.0	262.0	20.0	5.2	5.2
2025/07/17 16:14:43	1014.3	1.0	27.1	27.1	81.0	81.0	263.0	22.0	5.3	5.3
2025/07/17 16:14:44	1014.3	1.0	27.1	27.1	81.0	81.0	267.0	26.0	5.3	5.3
2025/07/17 16:14:45	1014.3	1.0	27.1	27.1	81.0	81.0	270.0	29.0	5.1	5.1
2025/07/17 16:14:46	1014.3	1.0	27.2	27.1	81.0	81.0	269.0	28.0	5.0	5.0
2025/07/17 16:14:47	1014.3	1.0	27.2	27.1	81.0	82.0	270.0	29.0	5.3	5.3
2025/07/17 16:14:48	1014.3	1.0	27.2	27.1	81.0	82.0	271.0	29.0	5.3	5.3
2025/07/17 16:14:49	1014.3	1.0	27.2	27.1	81.0	82.0	271.0	30.0	5.6	5.6
2025/07/17 16:14:50	1014.3	1.0	27.2	27.1	81.0	82.0	271.0	30.0	5.7	5.7
2025/07/17 16:14:51	1014.3	1.0	27.2	27.1	81.0	82.0	272.0	31.0	5.4	5.4
2025/07/17 16:14:52	1014.3	1.0	27.2	27.1	81.0	82.0	273.0	31.0	5.2	5.2
2025/07/17 16:14:53	1014.3	1.0	27.2	27.1	81.0	82.0	266.0	25.0	5.1	5.1
2025/07/17 16:14:54	1014.3	1.0	27.2	27.1	81.0	82.0	261.0	20.0	5.4	5.4
2025/07/17 16:14:55	1014.3	1.0	27.2	27.1	81.0	82.0	258.0	17.0	5.7	5.7
2025/07/17 16:14:56	1014.3	1.0	27.2	27.1	81.0	82.0	255.0	13.0	5.9	5.9
2025/07/17 16:14:57	1014.3	1.0	27.2	27.1	81.0	82.0	254.0	13.0	5.8	5.8
2025/07/17 16:14:58	1014.3	1.0	27.2	27.2	81.0	82.0	257.0	16.0	5.4	5.4
2025/07/17 16:14:59	1014.3	1.0	27.2	27.2	81.0	82.0	262.0	21.0	5.1	5.1
2025/07/17 16:15:00	1014.3	1.0	27.2	27.2	81.0	82.0	268.0	26.0	5.2	5.2
2025/07/17 16:15:01	1014.3	1.0	27.2	27.2	81.0	82.0	268.0	26.0	5.5	5.5
2025/07/17 16:15:02	1014.3	1.0	27.2	27.2	81.0	82.0	268.0	26.0	5.8	5.8
2025/07/17 16:15:03	1014.3	1.0	27.2	27.2	81.0	82.0	267.0	25.0	5.7	5.7
2025/07/17 16:15:04	1014.3	1.0	27.2	27.2	81.0	82.0	266.0	24.0	5.9	5.9
2025/07/17 16:15:05	1014.3	1.0	27.2	27.2	81.0	82.0	266.0	24.0	5.7	5.7
2025/07/17 16:15:06	1014.3	1.0	27.2	27.2	81.0	82.0	264.0	22.0	5.1	5.1
2025/07/17 16:15:07	1014.3	1.0	27.2	27.2	82.0	82.0	260.0	18.0	5.4	5.4
2025/07/17 16:15:08	1014.3	1.0	27.2	27.2	82.0	82.0	260.0	18.0	5.3	5.3
2025/07/17 16:15:09	1014.3	1.0	27.2	27.1	82.0	82.0	260.0	18.0	5.0	5.0
2025/07/17 16:15:10	1014.3	1.0	27.2	27.1	81.0	82.0	261.0	19.0	5.4	5.4
2025/07/17 16:15:11	1014.3	1.0	27.2	27.1	81.0	82.0	265.0	24.0	5.7	5.7
2025/07/17 16:15:12	1014.2	1.0	27.2	27.1	81.0	82.0	270.0	27.0	5.8	6.0
2025/07/17 16:15:13	1014.2	1.0	27.2	27.1	81.0	82.0	272.0	29.0	5.7	5.9
2025/07/17 16:15:14	1014.2	1.0	27.2	27.1	81.0	82.0	272.0	30.0	5.5	5.5
2025/07/17 16:15:15	1014.2	1.0	27.2	27.1	81.0	82.0	272.0	30.0	5.1	5.1
2025/07/17 16:15:16	1014.2	1.0	27.2	27.1	81.0	82.0	272.0	30.0	5.2	5.2
2025/07/17 16:15:17	1014.2	1.0	27.2	27.1	81.0	82.0	269.0	27.0	5.4	5.4
2025/07/17 16:15:18	1014.2	1.0	27.2	27.1	81.0	82.0	266.0	23.0	5.4	5.4
2025/07/17 16:15:19	1014.2	1.0	27.2	27.1	81.0	82.0	265.0	23.0	5.3	5.3
2025/07/17 16:15:20	1014.2	1.0	27.2	27.1	81.0	82.0	262.0	20.0	5.2	5.2
2025/07/17 16:15:21	1014.3	1.0	27.2	27.1	81.0	82.0	262.0	19.0	4.8	4.8
2025/07/17 16:15:22	1014.3	1.0	27.2	27.1	81.0	82.0	260.0	18.0	4.5	4.7
2025/07/17 16:15:23	1014.3	1.0	27.2	27.1	81.0	82.0	255.0	14.0	5.1	5.1
2025/07/17 16:15:24	1014.3	1.0	27.2	27.1	81.0	82.0	256.0	14.0	5.4	5.4
2025/07/17 16:15:25	1014.3	1.0	27.2	27.1	81.0	82.0	259.0	16.0	5.5	5.5
2025/07/17 16:15:26	1014.3	1.0	27.2	27.1	81.0	82.0	265.0	22.0	5.4	5.4
2025/07/17 16:15:27	1014.3	1.0	27.2	27.1	81.0	82.0	273.0	29.0	5.0	5.3
2025/07/17 16:15:28	1014.3	1.0	27.2	27.1	81.0	82.0	275.0	30.0	5.1	5.4
2025/07/17 16:15:29	1014.3	1.0	27.2	27.1	81.0	82.0	269.0	26.0	5.5	5.5
2025/07/17 16:15:30	1014.3	1.0	27.2	27.1	81.0	82.0	260.0	18.0	5.2	5.2
2025/07/17 16:15:31	1014.3	1.0	27.2	27.1	81.0	82.0	250.0	8.0	4.5	4.5
2025/07/17 16:15:32	1014.3	1.0	27.2	27.1	81.0	82.0	248.0	5.0	4.1	4.4
2025/07/17 16:15:33	1014.3	1.0	27.2	27.1	81.0	82.0	251.0	8.0	3.8	4.1
2025/07/17 16:15:34	1014.3	1.0	27.2	27.1	82.0	82.0	257.0	15.0	4.1	4.1
2025/07/17 16:15:35	1014.3	1.0	27.2	27.1	82.0	82.0	261.0	19.0	4.4	4.4
2025/07/17 16:15:36	1014.3	1.0	27.1	27.1	81.0	82.0	261.0	19.0	4.5	4.5
2025/07/17 16:15:37	1014.3	1.0	27.1	27.1	81.0	82.0	256.0	14.0	4.8	4.8
2025/07/17 16:15:38	1014.3	1.0	27.1	27.1	81.0	82.0	249.0	6.0	4.4	4.4
2025/07/17 16:15:39	1014.3	1.0	27.1	27.1	81.0	82.0	252.0	10.0	4.2	4.2
2025/07/17 16:15:40	1014.3	1.0	27.1	27.1	81.0	82.0	257.0	15.0	4.2	4.2
2025/07/17 16:15:41	1014.3	1.0	27.1	27.1	81.0	82.0	258.0	15.0	4.6	4.6
2025/07/17 16:15:42	1014.3	1.0	27.1	27.1	81.0	82.0	257.0	15.0	5.0	5.0
2025/07/17 16:15:43	1014.3	1.0	27.1	27.1	81.0	82.0	254.0	11.0	5.3	5.3
2025/07/17 16:15:44	1014.3	1.0	27.1	27.1	81.0	82.0	255.0	12.0	5.3	5.3
2025/07/17 16:15:45	1014.3	1.0	27.1	27.1	81.0	81.0	250.0	8.0	5.2	5.2
2025/07/17 16:15:46	1014.3	1.0	27.1	27.1	81.0	81.0	242.0	359.0	4.4	4.4
2025/07/17 16:15:47	1014.3	1.0	27.1	27.1	81.0	81.0	244.0	1.0	4.3	4.3
2025/07/17 16:15:48	1014.3	1.0	27.1	27.1	81.0	81.0	244.0	1.0	4.5	4.5
2025/07/17 16:15:49	1014.3	1.0	27.1	27.1	81.0	81.0	245.0	2.0	4.4	4.4
2025/07/17 16:15:50	1014.3	1.0	27.1	27.1	81.0	81.0	258.0	15.0	4.1	4.1
2025/07/17 16:15:51	1014.3	1.0	27.1	27.1	81.0	81.0	266.0	23.0	4.3	4.3
2025/07/17 16:15:52	1014.3	1.0	27.1	27.1	81.0	81.0	271.0	28.0	4.9	4.9
2025/07/17 16:15:53	1014.3	1.0	27.1	27.1	81.0	81.0	267.0	25.0	5.3	5.3
2025/07/17 16:15:54	1014.3	1.0	27.1	27.1	81.0	81.0	262.0	20.0	4.9	4.9
2025/07/17 16:15:55	1014.3	1.0	27.1	27.1	81.0	81.0	258.0	15.0	4.4	4.4
2025/07/17 16:15:56	1014.3	1.0	27.1	27.1	81.0	81.0	258.0	16.0	4.2	4.2
2025/07/17 16:15:57	1014.2	1.0	27.1	27.1	81.0	81.0	261.0	18.0	4.6	4.6
2025/07/17 16:15:58	1014.2	1.0	27.1	27.1	81.0	82.0	259.0	16.0	5.0	5.0
2025/07/17 16:15:59	1014.2	1.0	27.1	27.1	81.0	82.0	259.0	16.0	5.3	5.3
2025/07/17 16:16:00	1014.2	1.0	27.1	27.1	81.0	82.0	256.0	13.0	5.3	5.3
2025/07/17 16:16:01	1014.2	1.0	27.1	27.1	81.0	82.0	260.0	17.0	5.0	5.0
2025/07/17 16:16:02	1014.2	1.0	27.1	27.1	81.0	82.0	260.0	18.0	5.3	5.3
2025/07/17 16:16:03	1014.2	1.0	27.1	27.1	81.0	82.0	256.0	14.0	5.2	5.2
2025/07/17 16:16:04	1014.2	1.0	27.1	27.1	81.0	82.0	258.0	15.0	5.5	5.5
2025/07/17 16:16:05	1014.2	1.0	27.1	27.1	81.0	82.0	257.0	14.0	5.5	5.5
2025/07/17 16:16:06	1014.3	1.0	27.1	27.2	81.0	82.0	256.0	13.0	4.9	4.9
2025/07/17 16:16:07	1014.3	1.0	27.1	27.2	81.0	82.0	256.0	13.0	4.0	4.0
2025/07/17 16:16:08	1014.3	1.0	27.1	27.2	81.0	82.0	257.0	14.0	4.2	4.2
2025/07/17 16:16:09	1014.3	1.0	27.1	27.2	81.0	82.0	250.0	7.0	4.5	4.5
2025/07/17 16:16:10	1014.3	1.0	27.1	27.2	82.0	82.0	251.0	8.0	4.7	4.7
2025/07/17 16:16:11	1014.3	1.0	27.1	27.2	82.0	82.0	251.0	9.0	4.5	4.5
2025/07/17 16:16:12	1014.3	1.0	27.1	27.2	82.0	82.0	253.0	10.0	4.3	4.3
2025/07/17 16:16:13	1014.3	1.0	27.1	27.2	81.0	82.0	258.0	15.0	4.3	4.3
2025/07/17 16:16:14	1014.3	1.0	27.1	27.2	81.0	82.0	261.0	18.0	4.8	4.8
2025/07/17 16:16:15	1014.3	1.0	27.1	27.2	81.0	82.0	264.0	21.0	5.0	5.0
2025/07/17 16:16:16	1014.3	1.0	27.1	27.2	81.0	82.0	266.0	23.0	5.1	5.1
2025/07/17 16:16:17	1014.3	1.0	27.1	27.2	81.0	82.0	264.0	21.0	4.7	4.7
2025/07/17 16:16:18	1014.3	1.0	27.1	27.2	81.0	82.0	262.0	19.0	4.1	4.1
2025/07/17 16:16:19	1014.3	1.0	27.1	27.2	81.0	82.0	261.0	18.0	3.9	3.9
2025/07/17 16:16:20	1014.3	1.0	27.1	27.1	81.0	81.0	260.0	17.0	4.1	4.1
2025/07/17 16:16:21	1014.3	1.0	27.1	27.1	81.0	81.0	264.0	21.0	4.7	4.7
2025/07/17 16:16:22	1014.3	1.0	27.1	27.1	81.0	81.0	265.0	21.0	4.9	5.1
2025/07/17 16:16:23	1014.3	1.0	27.1	27.1	81.0	81.0	264.0	21.0	4.8	4.8
2025/07/17 16:16:24	1014.3	1.0	27.1	27.1	81.0	81.0	264.0	21.0	4.1	4.1
2025/07/17 16:16:25	1014.3	1.0	27.1	27.1	81.0	81.0	260.0	18.0	3.7	3.7
2025/07/17 16:16:26	1014.3	1.0	27.1	27.1	81.0	81.0	257.0	15.0	3.9	3.9
2025/07/17 16:16:27	1014.3	1.0	27.1	27.1	81.0	81.0	261.0	18.0	4.6	4.6
2025/07/17 16:16:28	1014.3	1.0	27.1	27.1	81.0	81.0	262.0	19.0	4.9	4.9
2025/07/17 16:16:29	1014.3	1.0	27.1	27.1	81.0	81.0	263.0	20.0	4.9	4.9
2025/07/17 16:16:30	1014.3	1.0	27.1	27.1	81.0	81.0	266.0	24.0	4.6	4.6
2025/07/17 16:16:31	1014.3	1.0	27.0	27.1	81.0	81.0	264.0	21.0	4.1	4.1
2025/07/17 16:16:32	1014.3	1.0	27.0	27.1	81.0	81.0	265.0	23.0	3.7	3.7
2025/07/17 16:16:33	1014.3	1.0	27.0	27.1	81.0	81.0	265.0	22.0	4.1	4.1
2025/07/17 16:16:34	1014.3	1.0	27.0	27.1	81.0	81.0	266.0	23.0	4.9	4.9
2025/07/17 16:16:35	1014.3	1.0	27.0	27.1	81.0	81.0	265.0	21.0	4.7	5.0
2025/07/17 16:16:36	1014.3	1.0	27.0	27.1	81.0	81.0	261.0	18.0	4.7	4.7
2025/07/17 16:16:37	1014.3	1.0	27.0	27.1	81.0	81.0	258.0	15.0	4.2	4.2
2025/07/17 16:16:38	1014.3	1.0	27.0	27.1	81.0	81.0	250.0	7.0	4.1	4.1
2025/07/17 16:16:39	1014.3	1.0	27.0	27.1	81.0	81.0	250.0	7.0	4.5	4.8
2025/07/17 16:16:40	1014.3	1.0	27.0	27.1	81.0	81.0	255.0	12.0	4.8	5.1
2025/07/17 16:16:41	1014.3	1.0	27.1	27.1	81.0	81.0	264.0	22.0	4.9	4.9
2025/07/17 16:16:42	1014.3	1.0	27.1	27.1	81.0	81.0	266.0	24.0	4.7	4.7
2025/07/17 16:16:43	1014.3	1.0	27.1	27.1	81.0	81.0	269.0	26.0	4.6	4.6
2025/07/17 16:16:44	1014.3	1.0	27.1	27.1	81.0	81.0	271.0	28.0	4.8	4.8
2025/07/17 16:16:45	1014.3	1.0	27.1	27.2	81.0	81.0	270.0	27.0	5.3	5.3
2025/07/17 16:16:46	1014.3	1.0	27.1	27.2	81.0	81.0	270.0	27.0	5.6	5.6
2025/07/17 16:16:47	1014.3	1.0	27.1	27.2	81.0	81.0	269.0	26.0	5.1	5.1
2025/07/17 16:16:48	1014.3	1.0	27.1	27.2	81.0	81.0	262.0	19.0	4.5	4.5
2025/07/17 16:16:49	1014.3	1.0	27.1	27.2	81.0	81.0	253.0	11.0	4.1	4.1
2025/07/17 16:16:50	1014.3	1.0	27.1	27.2	81.0	81.0	250.0	7.0	3.8	4.1
2025/07/17 16:16:51	1014.3	1.0	27.1	27.2	81.0	82.0	251.0	8.0	4.7	4.7
2025/07/17 16:16:52	1014.3	1.0	27.1	27.2	81.0	82.0	257.0	14.0	5.1	5.1
2025/07/17 16:16:53	1014.3	1.0	27.1	27.2	81.0	82.0	259.0	16.0	5.1	5.1
2025/07/17 16:16:54	1014.3	1.0	27.1	27.2	81.0	82.0	263.0	20.0	5.1	5.1
2025/07/17 16:16:55	1014.3	1.0	27.1	27.2	81.0	82.0	265.0	22.0	4.7	4.7
2025/07/17 16:16:56	1014.3	1.0	27.1	27.2	81.0	81.0	267.0	24.0	4.6	4.6
2025/07/17 16:16:57	1014.3	1.0	27.1	27.2	81.0	81.0	268.0	26.0	4.6	4.6
2025/07/17 16:16:58	1014.3	1.0	27.1	27.2	81.0	81.0	271.0	29.0	4.6	4.6
2025/07/17 16:16:59	1014.3	1.0	27.1	27.1	81.0	81.0	271.0	26.0	4.4	4.7
2025/07/17 16:17:00	1014.3	1.0	27.1	27.1	81.0	81.0	268.0	23.0	4.6	4.9
2025/07/17 16:17:01	1014.3	1.0	27.1	27.1	81.0	81.0	261.0	18.0	4.9	4.9
2025/07/17 16:17:02	1014.3	1.0	27.1	27.1	81.0	81.0	257.0	14.0	4.9	4.9
2025/07/17 16:17:03	1014.3	1.0	27.0	27.1	81.0	81.0	255.0	11.0	4.4	4.7
2025/07/17 16:17:04	1014.3	1.0	27.0	27.1	81.0	81.0	253.0	10.0	4.4	4.4
2025/07/17 16:17:05	1014.3	1.0	27.0	27.1	81.0	81.0	255.0	12.0	4.4	4.4
2025/07/17 16:17:06	1014.3	1.0	27.0	27.1	81.0	81.0	262.0	19.0	4.6	4.6
2025/07/17 16:17:07	1014.3	1.0	27.0	27.1	81.0	81.0	267.0	24.0	4.7	4.7
2025/07/17 16:17:08	1014.3	1.0	27.0	27.1	81.0	81.0	272.0	29.0	4.8	4.8
2025/07/17 16:17:09	1014.3	1.0	27.0	27.1	81.0	81.0	268.0	25.0	4.8	4.8
2025/07/17 16:17:10	1014.3	1.0	27.0	27.1	81.0	81.0	266.0	23.0	5.1	5.1
2025/07/17 16:17:11	1014.3	1.0	27.0	27.1	81.0	81.0	267.0	24.0	5.1	5.1
2025/07/17 16:17:12	1014.3	1.0	27.0	27.1	81.0	81.0	267.0	24.0	4.7	4.7
2025/07/17 16:17:13	1014.3	1.0	27.0	27.1	81.0	81.0	261.0	18.0	4.0	4.0
2025/07/17 16:17:14	1014.3	1.0	27.0	27.1	81.0	81.0	260.0	17.0	4.1	4.1
2025/07/17 16:17:15	1014.3	1.0	27.0	27.1	81.0	81.0	256.0	13.0	4.6	4.6
2025/07/17 16:17:16	1014.3	1.0	27.0	27.1	81.0	81.0	257.0	13.0	5.0	5.0
2025/07/17 16:17:17	1014.3	1.0	27.0	27.1	81.0	81.0	257.0	13.0	5.0	5.0
2025/07/17 16:17:18	1014.2	1.0	27.0	27.1	81.0	81.0	259.0	16.0	4.6	4.6
2025/07/17 16:17:19	1014.2	1.0	27.0	27.1	81.0	81.0	263.0	20.0	4.3	4.3
2025/07/17 16:17:20	1014.2	1.0	27.0	27.1	81.0	81.0	264.0	21.0	4.5	4.5
2025/07/17 16:17:21	1014.2	1.0	27.0	27.1	81.0	81.0	264.0	21.0	4.8	4.8
2025/07/17 16:17:22	1014.2	1.0	27.0	27.1	81.0	81.0	265.0	22.0	5.2	5.2
2025/07/17 16:17:23	1014.2	1.0	27.0	27.1	81.0	81.0	268.0	24.0	5.0	5.0
2025/07/17 16:17:24	1014.2	1.0	27.0	27.1	81.0	81.0	269.0	26.0	4.6	4.6
2025/07/17 16:17:25	1014.2	1.0	27.0	27.1	81.0	81.0	269.0	25.0	4.3	4.3
2025/07/17 16:17:26	1014.2	1.0	27.0	27.1	81.0	81.0	265.0	21.0	4.2	4.2
2025/07/17 16:17:27	1014.2	1.0	27.0	27.1	81.0	81.0	260.0	16.0	4.4	4.4
2025/07/17 16:17:28	1014.2	1.0	27.0	27.1	81.0	81.0	258.0	15.0	4.5	4.5
2025/07/17 16:17:29	1014.2	1.0	27.0	27.1	81.0	81.0	260.0	16.0	4.5	4.5
2025/07/17 16:17:30	1014.2	1.0	27.0	27.1	81.0	81.0	264.0	20.0	4.5	4.5
2025/07/17 16:17:31	1014.2	1.0	27.0	27.1	81.0	81.0	265.0	22.0	4.6	4.6
2025/07/17 16:17:32	1014.2	1.0	27.0	27.1	81.0	81.0	272.0	28.0	4.6	4.6
2025/07/17 16:17:33	1014.2	1.0	27.0	27.1	81.0	81.0	275.0	31.0	4.9	4.9
2025/07/17 16:17:34	1014.2	1.0	27.1	27.1	81.0	81.0	273.0	30.0	5.0	5.0
2025/07/17 16:17:35	1014.2	1.0	27.1	27.2	81.0	81.0	269.0	26.0	5.0	5.0
2025/07/17 16:17:36	1014.3	1.0	27.1	27.2	81.0	81.0	266.0	23.0	4.7	4.7
2025/07/17 16:17:37	1014.3	1.0	27.1	27.2	81.0	81.0	265.0	22.0	4.7	4.7
2025/07/17 16:17:38	1014.3	1.0	27.1	27.2	81.0	81.0	268.0	25.0	4.8	4.8
2025/07/17 16:17:39	1014.3	1.0	27.1	27.2	81.0	81.0	273.0	30.0	5.2	5.2
2025/07/17 16:17:40	1014.3	1.0	27.1	27.2	81.0	81.0	275.0	31.0	5.5	5.5
2025/07/17 16:17:41	1014.3	1.0	27.1	27.2	81.0	81.0	274.0	30.0	5.5	5.5
2025/07/17 16:17:42	1014.3	1.0	27.1	27.2	81.0	81.0	269.0	25.0	5.2	5.2
2025/07/17 16:17:43	1014.3	1.0	27.1	27.2	81.0	82.0	266.0	23.0	5.2	5.2
2025/07/17 16:17:44	1014.3	1.0	27.1	27.2	81.0	82.0	268.0	25.0	5.2	5.2
2025/07/17 16:17:45	1014.2	1.0	27.1	27.2	81.0	82.0	267.0	24.0	4.6	4.6
2025/07/17 16:17:46	1014.2	1.0	27.1	27.2	81.0	82.0	267.0	23.0	4.2	4.2
2025/07/17 16:17:47	1014.2	1.0	27.1	27.2	81.0	82.0	269.0	26.0	4.5	4.5
2025/07/17 16:17:48	1014.2	1.0	27.1	27.2	81.0	82.0	268.0	25.0	4.4	4.4
2025/07/17 16:17:49	1014.2	1.0	27.1	27.2	81.0	82.0	269.0	25.0	4.7	4.7
2025/07/17 16:17:50	1014.2	1.0	27.1	27.2	81.0	82.0	272.0	29.0	4.7	4.7
2025/07/17 16:17:51	1014.2	1.0	27.1	27.2	81.0	82.0	274.0	30.0	4.7	4.7
2025/07/17 16:17:52	1014.2	1.0	27.1	27.2	81.0	82.0	271.0	28.0	4.3	4.3
2025/07/17 16:17:53	1014.2	1.0	27.1	27.2	81.0	82.0	271.0	27.0	4.5	4.5
2025/07/17 16:17:54	1014.2	1.0	27.1	27.2	81.0	81.0	264.0	21.0	4.6	4.6
2025/07/17 16:17:55	1014.2	1.0	27.1	27.2	81.0	81.0	260.0	17.0	4.5	4.5
2025/07/17 16:17:56	1014.2	1.0	27.1	27.2	81.0	81.0	262.0	19.0	4.4	4.4
2025/07/17 16:17:57	1014.2	1.0	27.1	27.2	81.0	81.0	264.0	20.0	4.5	4.5
2025/07/17 16:17:58	1014.2	1.0	27.1	27.2	81.0	81.0	269.0	25.0	4.7	4.7
2025/07/17 16:17:59	1014.2	1.0	27.1	27.2	81.0	81.0	271.0	27.0	5.1	5.1
2025/07/17 16:18:00	1014.2	1.0	27.1	27.2	81.0	81.0	271.0	27.0	5.2	5.2
2025/07/17 16:18:01	1014.2	1.0	27.1	27.2	81.0	81.0	270.0	27.0	4.9	4.9
2025/07/17 16:18:02	1014.2	1.0	27.1	27.2	81.0	81.0	267.0	23.0	4.7	4.7
2025/07/17 16:18:03	1014.2	1.0	27.1	27.2	81.0	81.0	265.0	21.0	4.6	4.6
2025/07/17 16:18:04	1014.2	1.0	27.1	27.1	81.0	81.0	265.0	21.0	4.9	4.9
2025/07/17 16:18:05	1014.2	1.0	27.1	27.1	81.0	81.0	268.0	24.0	5.1	5.1
2025/07/17 16:18:06	1014.2	1.0	27.1	27.1	81.0	81.0	271.0	27.0	5.2	5.2
2025/07/17 16:18:07	1014.2	1.0	27.1	27.1	81.0	81.0	272.0	28.0	5.1	5.1
2025/07/17 16:18:08	1014.2	1.0	27.1	27.1	81.0	81.0	269.0	26.0	5.0	5.0
2025/07/17 16:18:09	1014.2	1.0	27.1	27.1	81.0	81.0	263.0	20.0	4.6	4.6
2025/07/17 16:18:10	1014.2	1.0	27.1	27.1	81.0	81.0	255.0	12.0	4.5	4.5
2025/07/17 16:18:11	1014.2	1.0	27.1	27.1	81.0	81.0	257.0	13.0	4.5	4.5
2025/07/17 16:18:12	1014.2	1.0	27.1	27.1	81.0	81.0	262.0	18.0	4.9	4.9
2025/07/17 16:18:13	1014.2	1.0	27.1	27.1	81.0	81.0	266.0	22.0	5.5	5.5
2025/07/17 16:18:14	1014.2	1.0	27.1	27.1	81.0	81.0	267.0	23.0	5.6	5.6
2025/07/17 16:18:15	1014.2	1.0	27.1	27.1	81.0	81.0	270.0	27.0	5.4	5.4
2025/07/17 16:18:16	1014.2	1.0	27.1	27.1	81.0	81.0	270.0	26.0	5.0	5.0
2025/07/17 16:18:17	1014.2	1.0	27.1	27.1	81.0	81.0	271.0	27.0	4.8	4.8
2025/07/17 16:18:18	1014.2	1.0	27.1	27.1	81.0	81.0	269.0	25.0	4.5	4.5
2025/07/17 16:18:19	1014.2	1.0	27.1	27.1	81.0	81.0	271.0	27.0	4.6	4.6
2025/07/17 16:18:20	1014.2	1.0	27.1	27.1	81.0	81.0	270.0	26.0	4.8	4.8
2025/07/17 16:18:21	1014.2	1.0	27.1	27.1	81.0	81.0	261.0	17.0	4.9	4.9
2025/07/17 16:18:22	1014.2	1.0	27.1	27.1	81.0	81.0	253.0	9.0	4.9	4.9
2025/07/17 16:18:23	1014.2	1.0	27.1	27.1	81.0	81.0	252.0	8.0	4.3	4.3
2025/07/17 16:18:24	1014.2	1.0	27.1	27.1	81.0	81.0	254.0	11.0	3.8	3.8
2025/07/17 16:18:25	1014.2	1.0	27.1	27.1	81.0	81.0	261.0	18.0	3.8	3.8
2025/07/17 16:18:26	1014.2	1.0	27.1	27.1	81.0	81.0	261.0	18.0	4.0	4.0
2025/07/17 16:18:27	1014.2	1.0	27.1	27.1	81.0	81.0	266.0	22.0	4.4	4.4
2025/07/17 16:18:28	1014.2	1.0	27.1	27.1	81.0	81.0	269.0	25.0	4.9	4.9
2025/07/17 16:18:29	1014.2	1.0	27.1	27.1	81.0	81.0	267.0	24.0	4.6	4.6
2025/07/17 16:18:30	1014.2	1.0	27.1	27.1	81.0	81.0	265.0	22.0	4.3	4.3
2025/07/17 16:18:31	1014.2	1.0	27.1	27.1	81.0	81.0	266.0	23.0	4.1	4.1
2025/07/17 16:18:32	1014.2	1.0	27.1	27.1	81.0	81.0	266.0	23.0	4.4	4.4
2025/07/17 16:18:33	1014.2	1.0	27.1	27.1	81.0	81.0	269.0	25.0	4.5	4.5
2025/07/17 16:18:34	1014.2	1.0	27.0	27.1	81.0	81.0	267.0	24.0	4.6	4.6
2025/07/17 16:18:35	1014.2	1.0	27.0	27.1	81.0	81.0	265.0	21.0	4.5	4.7
2025/07/17 16:18:36	1014.2	1.0	27.0	27.1	81.0	81.0	260.0	18.0	4.6	4.6
2025/07/17 16:18:37	1014.2	1.0	27.0	27.1	81.0	81.0	258.0	15.0	4.5	4.5
2025/07/17 16:18:38	1014.2	1.0	27.0	27.1	81.0	81.0	260.0	17.0	4.4	4.4
2025/07/17 16:18:39	1014.3	1.0	27.0	27.1	81.0	81.0	269.0	25.0	4.2	4.2
2025/07/17 16:18:40	1014.3	1.0	27.0	27.1	81.0	81.0	276.0	32.0	4.4	4.4
2025/07/17 16:18:41	1014.3	1.0	27.0	27.1	81.0	81.0	280.0	36.0	4.6	4.6
2025/07/17 16:18:42	1014.3	1.0	27.0	27.1	81.0	81.0	275.0	31.0	4.7	4.7
2025/07/17 16:18:43	1014.3	1.0	27.0	27.1	81.0	81.0	270.0	27.0	4.9	4.9
2025/07/17 16:18:44	1014.3	1.0	27.0	27.1	81.0	81.0	266.0	23.0	5.1	5.1
2025/07/17 16:18:45	1014.3	1.0	27.0	27.1	81.0	81.0	264.0	21.0	5.0	5.0
2025/07/17 16:18:46	1014.3	1.0	27.0	27.1	81.0	81.0	264.0	20.0	4.7	4.7
2025/07/17 16:18:47	1014.3	1.0	27.0	27.1	81.0	81.0	261.0	17.0	4.2	4.2
2025/07/17 16:18:48	1014.3	1.0	27.0	27.1	81.0	81.0	259.0	16.0	4.1	4.1
2025/07/17 16:18:49	1014.3	1.0	27.0	27.1	81.0	81.0	260.0	16.0	4.2	4.2
2025/07/17 16:18:50	1014.3	1.0	27.0	27.1	81.0	81.0	264.0	19.0	4.2	4.4
2025/07/17 16:18:51	1014.3	1.0	27.0	27.1	81.0	81.0	267.0	24.0	4.8	4.8
2025/07/17 16:18:52	1014.3	1.0	27.0	27.1	81.0	81.0	272.0	29.0	4.9	4.9
2025/07/17 16:18:53	1014.3	1.0	27.0	27.1	81.0	81.0	273.0	28.0	4.8	5.0
2025/07/17 16:18:54	1014.3	1.0	27.0	27.1	81.0	81.0	273.0	28.0	4.4	4.7
2025/07/17 16:18:55	1014.3	1.0	27.0	27.1	81.0	81.0	268.0	25.0	4.3	4.3
2025/07/17 16:18:56	1014.3	1.0	27.0	27.1	81.0	81.0	270.0	26.0	4.2	4.2
2025/07/17 16:18:57	1014.2	1.0	27.0	27.1	81.0	81.0	269.0	26.0	4.3	4.3
2025/07/17 16:18:58	1014.2	1.0	27.0	27.1	81.0	81.0	271.0	27.0	4.6	4.6
2025/07/17 16:18:59	1014.2	1.0	27.0	27.1	81.0	81.0	272.0	29.0	5.3	5.3
2025/07/17 16:19:00	1014.2	1.0	27.0	27.1	81.0	81.0	272.0	29.0	5.4	5.4
2025/07/17 16:19:01	1014.2	1.0	27.1	27.1	81.0	81.0	269.0	26.0	5.2	5.2
2025/07/17 16:19:02	1014.2	1.0	27.1	27.1	81.0	81.0	270.0	27.0	4.7	4.7
2025/07/17 16:19:03	1014.2	1.0	27.1	27.1	81.0	81.0	270.0	26.0	4.5	4.5
2025/07/17 16:19:04	1014.2	1.0	27.1	27.1	81.0	81.0	271.0	27.0	4.4	4.4
2025/07/17 16:19:05	1014.2	1.0	27.1	27.1	81.0	82.0	267.0	24.0	4.7	4.7
2025/07/17 16:19:06	1014.2	1.0	27.1	27.1	81.0	82.0	266.0	23.0	5.0	5.0
2025/07/17 16:19:07	1014.2	1.0	27.1	27.1	81.0	82.0	268.0	25.0	5.1	5.1
2025/07/17 16:19:08	1014.2	1.0	27.1	27.1	81.0	82.0	271.0	27.0	5.1	5.1
2025/07/17 16:19:09	1014.2	1.0	27.1	27.1	81.0	82.0	274.0	30.0	4.9	4.9
2025/07/17 16:19:10	1014.2	1.0	27.1	27.1	81.0	82.0	277.0	34.0	4.9	4.9
2025/07/17 16:19:11	1014.2	1.0	27.1	27.1	81.0	82.0	274.0	30.0	4.9	4.9
2025/07/17 16:19:12	1014.2	1.0	27.1	27.1	81.0	82.0	269.0	25.0	5.0	5.0
2025/07/17 16:19:13	1014.2	1.0	27.1	27.1	81.0	82.0	266.0	22.0	5.2	5.2
2025/07/17 16:19:14	1014.2	1.0	27.1	27.1	81.0	82.0	267.0	23.0	5.3	5.3
2025/07/17 16:19:15	1014.2	1.0	27.1	27.1	81.0	82.0	268.0	24.0	5.6	5.6
2025/07/17 16:19:16	1014.2	1.0	27.1	27.1	81.0	82.0	269.0	25.0	5.6	5.6
2025/07/17 16:19:17	1014.2	1.0	27.1	27.1	82.0	82.0	268.0	25.0	5.4	5.4
2025/07/17 16:19:18	1014.2	1.0	27.1	27.1	82.0	82.0	265.0	22.0	5.3	5.3
2025/07/17 16:19:19	1014.2	1.0	27.1	27.1	82.0	82.0	262.0	19.0	4.9	4.9
2025/07/17 16:19:20	1014.2	1.0	27.1	27.1	82.0	82.0	260.0	17.0	4.7	4.7
2025/07/17 16:19:21	1014.2	1.0	27.1	27.1	82.0	82.0	262.0	19.0	5.1	5.1
2025/07/17 16:19:22	1014.2	1.0	27.1	27.1	81.0	82.0	267.0	23.0	5.3	5.3
2025/07/17 16:19:23	1014.2	1.0	27.1	27.1	81.0	82.0	269.0	26.0	5.7	5.7
2025/07/17 16:19:24	1014.2	1.0	27.1	27.1	81.0	82.0	269.0	26.0	5.8	5.8
2025/07/17 16:19:25	1014.2	1.0	27.1	27.1	82.0	82.0	269.0	26.0	5.5	5.5
2025/07/17 16:19:26	1014.2	1.0	27.1	27.1	82.0	82.0	269.0	26.0	4.9	4.9
2025/07/17 16:19:27	1014.2	1.0	27.2	27.1	82.0	82.0	266.0	23.0	4.7	4.7
2025/07/17 16:19:28	1014.2	1.0	27.2	27.1	82.0	82.0	264.0	21.0	5.2	5.2
2025/07/17 16:19:29	1014.2	1.0	27.2	27.1	82.0	82.0	264.0	20.0	5.6	5.6
2025/07/17 16:19:30	1014.2	1.0	27.1	27.1	82.0	82.0	262.0	19.0	5.7	5.7
2025/07/17 16:19:31	1014.2	1.0	27.1	27.1	82.0	82.0	264.0	21.0	5.3	5.3
2025/07/17 16:19:32	1014.2	1.0	27.1	27.1	82.0	82.0	267.0	24.0	5.0	5.0
2025/07/17 16:19:33	1014.2	1.0	27.1	27.1	82.0	82.0	266.0	23.0	4.9	4.9
2025/07/17 16:19:34	1014.2	1.0	27.1	27.1	82.0	82.0	265.0	22.0	5.3	5.3
2025/07/17 16:19:35	1014.2	1.0	27.1	27.1	82.0	82.0	263.0	20.0	5.7	5.7
2025/07/17 16:19:36	1014.2	1.0	27.1	27.1	82.0	82.0	264.0	21.0	5.7	5.7
2025/07/17 16:19:37	1014.2	1.0	27.1	27.1	82.0	82.0	266.0	23.0	5.2	5.2
2025/07/17 16:19:38	1014.2	1.0	27.1	27.1	82.0	82.0	266.0	23.0	5.1	5.1
2025/07/17 16:19:39	1014.2	1.0	27.1	27.1	82.0	82.0	269.0	26.0	5.0	5.0
2025/07/17 16:19:40	1014.2	1.0	27.1	27.1	82.0	82.0	268.0	25.0	5.2	5.2
2025/07/17 16:19:41	1014.2	1.0	27.1	27.1	82.0	82.0	267.0	23.0	5.6	5.6
2025/07/17 16:19:42	1014.2	1.0	27.2	27.1	82.0	82.0	266.0	23.0	5.5	5.5
2025/07/17 16:19:43	1014.2	1.0	27.2	27.1	82.0	82.0	261.0	18.0	5.6	5.6
2025/07/17 16:19:44	1014.2	1.0	27.2	27.1	82.0	83.0	261.0	18.0	5.4	5.4
2025/07/17 16:19:45	1014.2	1.0	27.2	27.1	82.0	83.0	263.0	20.0	5.0	5.0
2025/07/17 16:19:46	1014.2	1.0	27.2	27.1	82.0	82.0	266.0	23.0	4.7	4.7
2025/07/17 16:19:47	1014.2	1.0	27.2	27.1	82.0	82.0	272.0	28.0	4.8	4.8
2025/07/17 16:19:48	1014.2	1.0	27.2	27.1	82.0	82.0	272.0	29.0	4.9	4.9
2025/07/17 16:19:49	1014.2	1.0	27.2	27.1	82.0	83.0	270.0	27.0	5.2	5.2
2025/07/17 16:19:50	1014.2	1.0	27.1	27.1	82.0	83.0	269.0	26.0	5.4	5.4
2025/07/17 16:19:51	1014.2	1.0	27.1	27.1	82.0	83.0	266.0	23.0	5.4	5.4
2025/07/17 16:19:52	1014.2	1.0	27.1	27.1	82.0	82.0	261.0	19.0	5.1	5.1
2025/07/17 16:19:53	1014.2	1.0	27.1	27.1	82.0	82.0	262.0	20.0	5.1	5.1
2025/07/17 16:19:54	1014.2	1.0	27.1	27.1	82.0	82.0	266.0	23.0	4.8	4.8
2025/07/17 16:19:55	1014.2	1.0	27.1	27.1	82.0	82.0	268.0	25.0	4.8	4.8
2025/07/17 16:19:56	1014.2	1.0	27.1	27.1	82.0	82.0	270.0	25.0	4.6	4.9
2025/07/17 16:19:57	1014.2	1.0	27.1	27.1	82.0	82.0	267.0	24.0	5.4	5.4
2025/07/17 16:19:58	1014.2	1.0	27.1	27.1	82.0	82.0	263.0	20.0	5.3	5.3
2025/07/17 16:19:59	1014.2	1.0	27.1	27.1	82.0	82.0	260.0	17.0	5.1	5.1
2025/07/17 16:20:00	1014.2	1.0	27.1	27.1	82.0	82.0	263.0	19.0	4.4	4.6
2025/07/17 16:20:01	1014.2	1.0	27.1	27.1	81.0	82.0	264.0	21.0	4.3	4.3
2025/07/17 16:20:02	1014.2	1.0	27.1	27.1	81.0	82.0	267.0	24.0	4.5	4.5
2025/07/17 16:20:03	1014.2	1.0	27.1	27.1	81.0	82.0	271.0	27.0	4.9	4.9
2025/07/17 16:20:04	1014.2	1.0	27.1	27.1	82.0	82.0	272.0	28.0	4.9	4.9
2025/07/17 16:20:05	1014.2	1.0	27.1	27.1	82.0	82.0	271.0	28.0	4.9	4.9
2025/07/17 16:20:06	1014.2	1.0	27.1	27.1	82.0	82.0	266.0	23.0	4.9	4.9
2025/07/17 16:20:07	1014.2	1.0	27.1	27.1	82.0	82.0	262.0	19.0	4.6	4.6
2025/07/17 16:20:08	1014.2	1.0	27.1	27.1	82.0	82.0	259.0	15.0	4.6	4.6
2025/07/17 16:20:09	1014.2	1.0	27.1	27.1	82.0	82.0	261.0	18.0	4.9	4.9
2025/07/17 16:20:10	1014.2	1.0	27.1	27.1	82.0	82.0	265.0	21.0	5.1	5.1
2025/07/17 16:20:11	1014.2	1.0	27.1	27.1	82.0	82.0	267.0	24.0	5.0	5.0
2025/07/17 16:20:12	1014.2	1.0	27.1	27.1	82.0	82.0	267.0	23.0	4.9	4.9
2025/07/17 16:20:13	1014.2	1.0	27.1	27.1	82.0	82.0	267.0	23.0	4.9	4.9
2025/07/17 16:20:14	1014.2	1.0	27.1	27.1	82.0	82.0	266.0	23.0	5.0	5.0
2025/07/17 16:20:15	1014.2	1.0	27.1	27.1	82.0	82.0	265.0	22.0	4.9	4.9
2025/07/17 16:20:16	1014.2	1.0	27.1	27.1	82.0	82.0	264.0	21.0	5.1	5.1
2025/07/17 16:20:17	1014.2	1.0	27.0	27.1	82.0	82.0	264.0	20.0	5.3	5.3
2025/07/17 16:20:18	1014.2	1.0	27.0	27.1	82.0	82.0	263.0	19.0	5.3	5.3
2025/07/17 16:20:19	1014.2	1.0	27.0	27.1	82.0	82.0	263.0	20.0	5.0	5.0
2025/07/17 16:20:20	1014.2	1.0	27.0	27.1	82.0	82.0	262.0	19.0	4.6	4.6
2025/07/17 16:20:21	1014.2	1.0	27.0	27.1	82.0	82.0	260.0	18.0	4.3	4.3
2025/07/17 16:20:22	1014.2	1.0	27.0	27.1	82.0	82.0	259.0	16.0	4.5	4.5
2025/07/17 16:20:23	1014.2	1.0	27.0	27.1	82.0	82.0	260.0	16.0	4.9	4.9
2025/07/17 16:20:24	1014.2	1.0	27.0	27.1	82.0	81.0	261.0	18.0	5.3	5.3
2025/07/17 16:20:25	1014.2	1.0	27.0	27.1	82.0	81.0	263.0	18.0	5.1	5.3
2025/07/17 16:20:26	1014.2	1.0	27.0	27.1	82.0	81.0	262.0	19.0	5.0	5.0
2025/07/17 16:20:27	1014.2	1.0	27.0	27.1	81.0	81.0	265.0	20.0	4.6	4.8
2025/07/17 16:20:28	1014.2	1.0	27.0	27.1	81.0	81.0	267.0	24.0	4.8	4.8
2025/07/17 16:20:29	1014.2	1.0	27.0	27.1	81.0	81.0	266.0	24.0	4.8	4.8
2025/07/17 16:20:30	1014.2	1.0	27.0	27.1	82.0	81.0	264.0	21.0	4.8	4.8
2025/07/17 16:20:31	1014.2	1.0	27.0	27.1	82.0	81.0	263.0	20.0	5.1	5.1
2025/07/17 16:20:32	1014.2	1.0	27.0	27.1	81.0	81.0	263.0	20.0	5.3	5.3
2025/07/17 16:20:33	1014.2	1.0	27.0	27.1	81.0	81.0	264.0	21.0	5.4	5.4
2025/07/17 16:20:34	1014.2	1.0	27.0	27.1	81.0	81.0	267.0	24.0	5.3	5.3
2025/07/17 16:20:35	1014.2	1.0	27.0	27.1	82.0	81.0	266.0	23.0	4.9	4.9
2025/07/17 16:20:36	1014.2	1.0	27.0	27.1	82.0	81.0	268.0	25.0	4.7	4.7
2025/07/17 16:20:37	1014.2	1.0	27.0	27.1	82.0	81.0	268.0	25.0	4.5	4.5
2025/07/17 16:20:38	1014.2	1.0	27.0	27.1	81.0	81.0	262.0	20.0	4.5	4.5
2025/07/17 16:20:39	1014.2	1.0	27.0	27.1	81.0	82.0	261.0	18.0	4.5	4.5
2025/07/17 16:20:40	1014.2	1.0	27.0	27.1	82.0	82.0	268.0	25.0	4.4	4.4
2025/07/17 16:20:41	1014.2	1.0	27.0	27.1	82.0	82.0	271.0	28.0	4.6	4.6
2025/07/17 16:20:42	1014.2	1.0	27.0	27.1	82.0	82.0	272.0	29.0	4.7	4.7
2025/07/17 16:20:43	1014.2	1.0	27.0	27.1	82.0	82.0	269.0	27.0	4.9	4.9
2025/07/17 16:20:44	1014.2	1.0	27.0	27.1	82.0	82.0	264.0	22.0	4.9	4.9
2025/07/17 16:20:45	1014.2	1.0	27.1	27.1	82.0	82.0	258.0	16.0	4.5	4.5
2025/07/17 16:20:46	1014.2	1.0	27.1	27.1	82.0	82.0	258.0	16.0	4.3	4.3
2025/07/17 16:20:47	1014.2	1.0	27.1	27.1	82.0	82.0	260.0	17.0	4.6	4.6
2025/07/17 16:20:48	1014.2	1.0	27.1	27.1	82.0	82.0	263.0	21.0	4.9	4.9
2025/07/17 16:20:49	1014.2	1.0	27.1	27.1	82.0	82.0	266.0	23.0	5.0	5.0
2025/07/17 16:20:50	1014.2	1.0	27.1	27.1	82.0	82.0	272.0	30.0	5.3	5.3
2025/07/17 16:20:51	1014.2	1.0	27.1	27.1	82.0	82.0	278.0	34.0	4.9	5.2
2025/07/17 16:20:52	1014.2	1.0	27.1	27.1	82.0	82.0	272.0	28.0	4.7	5.0
2025/07/17 16:20:53	1014.2	1.0	27.1	27.1	82.0	82.0	262.0	20.0	4.8	4.8
2025/07/17 16:20:54	1014.2	1.0	27.1	27.1	82.0	82.0	255.0	13.0	4.7	4.7
2025/07/17 16:20:55	1014.2	1.0	27.1	27.1	82.0	82.0	261.0	17.0	4.4	4.7
2025/07/17 16:20:56	1014.2	1.0	27.1	27.1	82.0	82.0	267.0	23.0	4.9	5.2
2025/07/17 16:20:57	1014.2	1.0	27.1	27.1	82.0	82.0	268.0	26.0	5.2	5.2
2025/07/17 16:20:58	1014.2	1.0	27.1	27.1	82.0	82.0	270.0	28.0	5.3	5.3
2025/07/17 16:20:59	1014.2	1.0	27.1	27.1	82.0	82.0	270.0	28.0	4.9	4.9
2025/07/17 16:21:00	1014.2	1.0	27.1	27.1	82.0	82.0	271.0	29.0	4.7	4.7
2025/07/17 16:21:01	1014.2	1.0	27.1	27.1	82.0	82.0	273.0	30.0	4.8	4.8
2025/07/17 16:21:02	1014.2	1.0	27.1	27.1	82.0	82.0	274.0	32.0	5.1	5.1
2025/07/17 16:21:03	1014.2	1.0	27.1	27.1	82.0	82.0	274.0	31.0	5.4	5.4
2025/07/17 16:21:04	1014.2	1.0	27.1	27.1	82.0	82.0	270.0	28.0	5.4	5.4
2025/07/17 16:21:05	1014.2	1.0	27.1	27.1	82.0	82.0	267.0	25.0	5.0	5.0
2025/07/17 16:21:06	1014.2	1.0	27.1	27.1	82.0	82.0	263.0	21.0	4.7	4.7
2025/07/17 16:21:07	1014.2	1.0	27.1	27.1	82.0	82.0	265.0	24.0	4.8	4.8
2025/07/17 16:21:08	1014.2	1.0	27.1	27.1	82.0	82.0	270.0	28.0	5.0	5.0
2025/07/17 16:21:09	1014.2	1.0	27.1	27.1	82.0	82.0	271.0	29.0	5.0	5.0
2025/07/17 16:21:10	1014.2	1.0	27.1	27.1	82.0	82.0	274.0	32.0	5.0	5.0
2025/07/17 16:21:11	1014.2	1.0	27.1	27.1	82.0	82.0	274.0	32.0	5.0	5.0
2025/07/17 16:21:12	1014.2	1.0	27.1	27.1	82.0	82.0	276.0	35.0	5.0	5.0
2025/07/17 16:21:13	1014.2	1.0	27.1	27.1	82.0	82.0	277.0	35.0	5.1	5.1
2025/07/17 16:21:14	1014.2	1.0	27.1	27.1	82.0	82.0	273.0	31.0	5.0	5.0
2025/07/17 16:21:15	1014.2	1.0	27.1	27.1	82.0	82.0	269.0	28.0	5.0	5.0
2025/07/17 16:21:16	1014.2	1.0	27.1	27.1	82.0	82.0	266.0	25.0	4.7	4.7
2025/07/17 16:21:17	1014.2	1.0	27.1	27.1	82.0	82.0	266.0	25.0	4.6	4.6
2025/07/17 16:21:18	1014.2	1.0	27.1	27.1	82.0	82.0	267.0	25.0	4.7	4.7
2025/07/17 16:21:19	1014.2	1.0	27.1	27.1	82.0	82.0	266.0	24.0	4.9	4.9
2025/07/17 16:21:20	1014.2	1.0	27.1	27.1	82.0	82.0	267.0	25.0	4.8	4.8
2025/07/17 16:21:21	1014.2	1.0	27.1	27.1	82.0	82.0	267.0	26.0	4.7	4.7
2025/07/17 16:21:22	1014.2	1.0	27.1	27.1	82.0	82.0	268.0	27.0	4.7	4.7
2025/07/17 16:21:23	1014.2	1.0	27.1	27.1	82.0	82.0	270.0	28.0	5.1	5.1
2025/07/17 16:21:24	1014.2	1.0	27.1	27.1	82.0	82.0	270.0	28.0	5.2	5.2
2025/07/17 16:21:25	1014.2	1.0	27.1	27.1	82.0	82.0	268.0	26.0	5.2	5.2
2025/07/17 16:21:26	1014.2	1.0	27.1	27.1	82.0	82.0	268.0	26.0	5.0	5.0
2025/07/17 16:21:27	1014.2	1.0	27.1	27.1	82.0	82.0	270.0	29.0	4.6	4.6
2025/07/17 16:21:28	1014.2	1.0	27.1	27.1	82.0	82.0	272.0	31.0	4.4	4.4
2025/07/17 16:21:29	1014.2	1.0	27.1	27.1	82.0	82.0	270.0	28.0	4.7	4.7
2025/07/17 16:21:30	1014.2	1.0	27.1	27.1	82.0	82.0	266.0	25.0	5.1	5.1
2025/07/17 16:21:31	1014.2	1.0	27.1	27.1	82.0	82.0	263.0	21.0	5.2	5.2
2025/07/17 16:21:32	1014.2	1.0	27.1	27.1	82.0	82.0	262.0	20.0	5.0	5.0
2025/07/17 16:21:33	1014.2	1.0	27.1	27.1	82.0	82.0	263.0	21.0	4.5	4.5
2025/07/17 16:21:34	1014.2	1.0	27.1	27.1	82.0	82.0	266.0	24.0	4.1	4.1
2025/07/17 16:21:35	1014.2	1.0	27.1	27.1	82.0	82.0	269.0	28.0	4.2	4.2
2025/07/17 16:21:36	1014.2	1.0	27.0	27.1	82.0	82.0	272.0	30.0	4.7	4.7
2025/07/17 16:21:37	1014.2	1.0	27.0	27.1	82.0	81.0	273.0	30.0	5.1	5.1
2025/07/17 16:21:38	1014.2	1.0	27.0	27.1	82.0	81.0	271.0	28.0	5.0	5.3
2025/07/17 16:21:39	1014.2	1.0	27.0	27.1	82.0	81.0	267.0	25.0	5.2	5.2
2025/07/17 16:21:40	1014.2	1.0	27.0	27.1	82.0	81.0	266.0	23.0	4.3	4.5
2025/07/17 16:21:41	1014.2	1.0	27.0	27.1	82.0	81.0	264.0	20.0	3.6	3.9
2025/07/17 16:21:42	1014.2	1.0	27.0	27.1	82.0	81.0	266.0	23.0	3.6	3.9
2025/07/17 16:21:43	1014.2	1.0	27.0	27.1	81.0	81.0	267.0	26.0	4.2	4.2
2025/07/17 16:21:44	1014.2	1.0	27.0	27.1	81.0	81.0	269.0	27.0	4.7	4.7
2025/07/17 16:21:45	1014.2	1.0	27.0	27.1	81.0	81.0	271.0	28.0	4.7	5.0
2025/07/17 16:21:46	1014.2	1.0	27.0	27.1	82.0	81.0	275.0	30.0	4.2	4.6
2025/07/17 16:21:47	1014.2	1.0	27.0	27.1	82.0	81.0	271.0	28.0	4.3	4.5
2025/07/17 16:21:48	1014.2	1.0	27.0	27.1	81.0	81.0	263.0	22.0	4.7	4.7
2025/07/17 16:21:49	1014.2	1.0	27.0	27.1	81.0	81.0	262.0	19.0	4.6	4.9
2025/07/17 16:21:50	1014.2	1.0	27.0	27.1	81.0	81.0	263.0	20.0	4.4	4.7
2025/07/17 16:21:51	1014.2	1.0	27.0	27.1	81.0	81.0	265.0	23.0	4.1	4.1
2025/07/17 16:21:52	1014.2	1.0	27.0	27.1	81.0	81.0	268.0	27.0	4.2	4.2
2025/07/17 16:21:53	1014.2	1.0	27.0	27.1	81.0	81.0	271.0	30.0	4.7	4.7
2025/07/17 16:21:54	1014.2	1.0	27.1	27.1	82.0	81.0	274.0	31.0	4.9	5.1
2025/07/17 16:21:55	1014.2	1.0	27.1	27.1	82.0	82.0	274.0	31.0	5.1	5.3
2025/07/17 16:21:56	1014.2	1.0	27.1	27.1	82.0	82.0	273.0	31.0	5.0	5.0
2025/07/17 16:21:57	1014.2	1.0	27.1	27.1	82.0	82.0	267.0	25.0	4.5	4.5
2025/07/17 16:21:58	1014.2	1.0	27.1	27.1	82.0	82.0	262.0	21.0	4.2	4.2
2025/07/17 16:21:59	1014.2	1.0	27.1	27.1	82.0	82.0	263.0	21.0	4.3	4.3
2025/07/17 16:22:00	1014.2	1.0	27.1	27.1	82.0	82.0	266.0	24.0	4.4	4.4
2025/07/17 16:22:01	1014.2	1.0	27.1	27.1	82.0	82.0	268.0	27.0	4.6	4.6
2025/07/17 16:22:02	1014.2	1.0	27.1	27.1	82.0	82.0	266.0	25.0	4.8	4.8
2025/07/17 16:22:03	1014.2	1.0	27.1	27.1	82.0	82.0	267.0	26.0	4.9	4.9
2025/07/17 16:22:04	1014.2	1.0	27.1	27.1	82.0	82.0	267.0	26.0	5.0	5.0
2025/07/17 16:22:05	1014.2	1.0	27.1	27.1	82.0	82.0	269.0	27.0	4.8	4.8
2025/07/17 16:22:06	1014.2	1.0	27.1	27.1	82.0	82.0	270.0	29.0	4.6	4.6
2025/07/17 16:22:07	1014.2	1.0	27.1	27.1	82.0	82.0	273.0	31.0	4.5	4.5
2025/07/17 16:22:08	1014.2	1.0	27.1	27.1	82.0	82.0	273.0	32.0	4.6	4.6
2025/07/17 16:22:09	1014.2	1.0	27.1	27.1	82.0	82.0	272.0	31.0	4.9	4.9
2025/07/17 16:22:10	1014.2	1.0	27.1	27.1	82.0	82.0	269.0	28.0	4.9	4.9
2025/07/17 16:22:11	1014.2	1.0	27.1	27.1	82.0	82.0	267.0	26.0	5.0	5.0
2025/07/17 16:22:12	1014.2	1.0	27.1	27.1	82.0	82.0	265.0	24.0	4.7	4.7
2025/07/17 16:22:13	1014.2	1.0	27.1	27.1	82.0	82.0	265.0	24.0	4.3	4.3
2025/07/17 16:22:14	1014.2	1.0	27.1	27.1	82.0	82.0	267.0	26.0	4.3	4.3
2025/07/17 16:22:15	1014.2	1.0	27.1	27.1	82.0	82.0	269.0	28.0	4.5	4.5
2025/07/17 16:22:16	1014.2	1.0	27.1	27.1	82.0	82.0	274.0	32.0	5.1	5.1
2025/07/17 16:22:17	1014.2	1.0	27.1	27.1	82.0	82.0	276.0	35.0	5.4	5.4
2025/07/17 16:22:18	1014.2	1.0	27.1	27.1	82.0	82.0	278.0	37.0	5.3	5.3
2025/07/17 16:22:19	1014.2	1.0	27.1	27.1	82.0	82.0	281.0	40.0	5.0	5.0
2025/07/17 16:22:20	1014.2	1.0	27.1	27.1	82.0	82.0	276.0	35.0	4.9	4.9
2025/07/17 16:22:21	1014.2	1.0	27.1	27.1	82.0	82.0	271.0	30.0	4.9	4.9
2025/07/17 16:22:22	1014.2	1.0	27.1	27.1	82.0	82.0	269.0	28.0	5.1	5.1
2025/07/17 16:22:23	1014.2	1.0	27.1	27.1	82.0	82.0	271.0	30.0	5.2	5.2
2025/07/17 16:22:24	1014.2	1.0	27.1	27.1	82.0	82.0	273.0	32.0	5.1	5.1
2025/07/17 16:22:25	1014.2	1.0	27.1	27.1	82.0	82.0	272.0	31.0	4.6	4.6
2025/07/17 16:22:26	1014.2	1.0	27.1	27.1	82.0	82.0	268.0	28.0	4.5	4.5
2025/07/17 16:22:27	1014.2	1.0	27.1	27.1	82.0	82.0	265.0	25.0	4.3	4.3
2025/07/17 16:22:28	1014.2	1.0	27.1	27.1	82.0	82.0	267.0	27.0	4.3	4.3
2025/07/17 16:22:29	1014.2	1.0	27.1	27.1	82.0	82.0	276.0	35.0	4.5	4.5
2025/07/17 16:22:30	1014.2	1.0	27.1	27.1	82.0	82.0	284.0	43.0	4.7	4.7
2025/07/17 16:22:31	1014.2	1.0	27.1	27.1	82.0	82.0	287.0	46.0	5.2	5.2
2025/07/17 16:22:32	1014.2	1.0	27.1	27.1	82.0	83.0	284.0	43.0	5.4	5.4
2025/07/17 16:22:33	1014.2	1.0	27.1	27.1	82.0	83.0	278.0	38.0	5.1	5.1
2025/07/17 16:22:34	1014.2	1.0	27.1	27.1	82.0	83.0	277.0	36.0	4.2	4.2
2025/07/17 16:22:35	1014.2	1.0	27.1	27.1	82.0	83.0	269.0	29.0	4.1	4.1
2025/07/17 16:22:36	1014.2	1.0	27.2	27.1	82.0	83.0	266.0	25.0	4.4	4.4
2025/07/17 16:22:37	1014.2	1.0	27.2	27.1	82.0	83.0	266.0	25.0	4.8	4.8
2025/07/17 16:22:38	1014.2	1.0	27.2	27.1	82.0	83.0	268.0	27.0	5.1	5.1
2025/07/17 16:22:39	1014.2	1.0	27.2	27.1	82.0	83.0	270.0	29.0	5.0	5.0
2025/07/17 16:22:40	1014.2	1.0	27.2	27.1	82.0	83.0	277.0	36.0	4.8	4.8
2025/07/17 16:22:41	1014.2	1.0	27.2	27.1	82.0	83.0	278.0	37.0	4.9	4.9
2025/07/17 16:22:42	1014.2	1.0	27.2	27.1	82.0	83.0	276.0	36.0	4.7	4.7
2025/07/17 16:22:43	1014.2	1.0	27.2	27.1	82.0	83.0	274.0	33.0	4.8	4.8
2025/07/17 16:22:44	1014.2	1.0	27.2	27.1	82.0	83.0	269.0	28.0	5.0	5.0
2025/07/17 16:22:45	1014.2	1.0	27.2	27.1	82.0	83.0	272.0	30.0	5.5	5.5
2025/07/17 16:22:46	1014.2	1.0	27.2	27.1	82.0	83.0	271.0	30.0	5.6	5.6
2025/07/17 16:22:47	1014.2	1.0	27.2	27.1	82.0	83.0	271.0	30.0	5.2	5.2
2025/07/17 16:22:48	1014.2	1.0	27.2	27.1	82.0	83.0	267.0	26.0	4.6	4.6
2025/07/17 16:22:49	1014.2	1.0	27.2	27.1	83.0	83.0	263.0	23.0	4.2	4.2
2025/07/17 16:22:50	1014.2	1.0	27.2	27.1	83.0	84.0	261.0	21.0	4.1	4.1
2025/07/17 16:22:51	1014.2	1.0	27.2	27.1	83.0	84.0	264.0	23.0	4.4	4.4
2025/07/17 16:22:52	1014.2	1.0	27.2	27.1	83.0	84.0	269.0	27.0	4.3	4.5
2025/07/17 16:22:53	1014.2	1.0	27.2	27.1	83.0	83.0	268.0	27.0	4.9	4.9
2025/07/17 16:22:54	1014.2	1.0	27.2	27.1	83.0	83.0	269.0	28.0	5.3	5.3
2025/07/17 16:22:55	1014.2	1.0	27.2	27.1	83.0	83.0	271.0	30.0	5.4	5.4
2025/07/17 16:22:56	1014.2	1.0	27.2	27.1	83.0	83.0	274.0	33.0	5.2	5.2
2025/07/17 16:22:57	1014.2	1.0	27.2	27.1	83.0	83.0	272.0	31.0	4.9	4.9
2025/07/17 16:22:58	1014.2	1.0	27.2	27.1	83.0	83.0	272.0	30.0	4.1	4.3
2025/07/17 16:22:59	1014.2	1.0	27.2	27.1	82.0	83.0	266.0	24.0	4.3	4.5
2025/07/17 16:23:00	1014.2	1.0	27.2	27.1	82.0	83.0	263.0	22.0	4.8	4.8
2025/07/17 16:23:01	1014.2	1.0	27.2	27.1	82.0	83.0	266.0	25.0	5.0	5.0
2025/07/17 16:23:02	1014.2	1.0	27.1	27.1	82.0	83.0	271.0	30.0	5.1	5.1
2025/07/17 16:23:03	1014.2	1.0	27.1	27.1	82.0	83.0	272.0	31.0	5.0	5.0
2025/07/17 16:23:04	1014.2	1.0	27.1	27.1	82.0	83.0	271.0	30.0	4.7	4.7
2025/07/17 16:23:05	1014.2	1.0	27.1	27.1	82.0	83.0	270.0	30.0	4.7	4.7
2025/07/17 16:23:06	1014.2	1.0	27.1	27.1	82.0	83.0	267.0	27.0	4.8	4.8
2025/07/17 16:23:07	1014.2	1.0	27.1	27.1	82.0	83.0	269.0	29.0	4.9	4.9
2025/07/17 16:23:08	1014.2	1.0	27.1	27.1	82.0	83.0	271.0	31.0	5.0	5.0
2025/07/17 16:23:09	1014.2	1.0	27.1	27.1	82.0	83.0	272.0	31.0	5.1	5.1
2025/07/17 16:23:10	1014.2	1.0	27.1	27.1	82.0	83.0	273.0	32.0	5.0	5.0
2025/07/17 16:23:11	1014.2	1.0	27.1	27.1	82.0	83.0	273.0	32.0	5.0	5.0
2025/07/17 16:23:12	1014.2	1.0	27.1	27.1	82.0	83.0	274.0	33.0	5.0	5.0
2025/07/17 16:23:13	1014.2	1.0	27.1	27.1	82.0	83.0	272.0	31.0	4.8	4.8
2025/07/17 16:23:14	1014.2	1.0	27.1	27.1	82.0	83.0	268.0	27.0	5.0	5.0
2025/07/17 16:23:15	1014.2	1.0	27.2	27.1	82.0	83.0	265.0	24.0	5.0	5.0
2025/07/17 16:23:16	1014.2	1.0	27.2	27.1	82.0	83.0	266.0	24.0	4.6	4.8
2025/07/17 16:23:17	1014.2	1.0	27.2	27.1	82.0	83.0	267.0	27.0	4.6	4.6
2025/07/17 16:23:18	1014.2	1.0	27.2	27.1	82.0	83.0	271.0	30.0	4.4	4.4
2025/07/17 16:23:19	1014.2	1.0	27.2	27.1	82.0	83.0	272.0	30.0	4.5	4.5
2025/07/17 16:23:20	1014.2	1.0	27.2	27.1	82.0	83.0	273.0	31.0	5.0	5.0
2025/07/17 16:23:21	1014.2	1.0	27.2	27.1	82.0	83.0	272.0	30.0	5.4	5.4
2025/07/17 16:23:22	1014.2	1.0	27.2	27.1	82.0	83.0	273.0	32.0	5.3	5.3
2025/07/17 16:23:23	1014.2	1.0	27.2	27.1	82.0	83.0	271.0	30.0	5.1	5.1
2025/07/17 16:23:24	1014.2	1.0	27.2	27.1	82.0	83.0	269.0	29.0	4.7	4.7
2025/07/17 16:23:25	1014.2	1.0	27.2	27.1	82.0	83.0	266.0	25.0	4.3	4.3
2025/07/17 16:23:26	1014.2	1.0	27.2	27.1	83.0	83.0	265.0	24.0	4.3	4.3
2025/07/17 16:23:27	1014.2	1.0	27.2	27.1	83.0	83.0	268.0	27.0	4.5	4.5
2025/07/17 16:23:28	1014.2	1.0	27.2	27.1	83.0	83.0	272.0	30.0	4.8	4.8
2025/07/17 16:23:29	1014.2	1.0	27.2	27.1	83.0	83.0	274.0	32.0	4.8	4.8
2025/07/17 16:23:30	1014.2	1.0	27.2	27.1	83.0	83.0	273.0	31.0	4.7	4.7
2025/07/17 16:23:31	1014.2	1.0	27.2	27.1	83.0	83.0	270.0	29.0	4.6	4.6
2025/07/17 16:23:32	1014.2	1.0	27.2	27.1	83.0	83.0	269.0	27.0	4.7	4.7
2025/07/17 16:23:33	1014.2	1.0	27.2	27.1	83.0	83.0	269.0	27.0	4.8	4.8
2025/07/17 16:23:34	1014.2	1.0	27.2	27.1	83.0	83.0	273.0	31.0	4.5	4.5
2025/07/17 16:23:35	1014.2	1.0	27.2	27.1	83.0	83.0	279.0	38.0	4.0	4.0
2025/07/17 16:23:36	1014.2	1.0	27.2	27.1	83.0	83.0	283.0	42.0	4.2	4.2
2025/07/17 16:23:37	1014.2	1.0	27.2	27.1	83.0	83.0	278.0	37.0	4.5	4.5
2025/07/17 16:23:38	1014.2	1.0	27.2	27.1	83.0	83.0	272.0	31.0	4.8	4.8
2025/07/17 16:23:39	1014.2	1.0	27.2	27.1	83.0	83.0	268.0	27.0	4.8	4.8
2025/07/17 16:23:40	1014.2	1.0	27.2	27.1	83.0	83.0	270.0	29.0	4.5	4.5
2025/07/17 16:23:41	1014.2	1.0	27.2	27.1	83.0	83.0	274.0	32.0	4.4	4.4
2025/07/17 16:23:42	1014.2	1.0	27.2	27.1	83.0	83.0	277.0	35.0	4.4	4.4
2025/07/17 16:23:43	1014.2	1.0	27.2	27.1	83.0	83.0	276.0	34.0	4.5	4.5
2025/07/17 16:23:44	1014.2	1.0	27.2	27.1	83.0	83.0	274.0	32.0	4.7	4.7
2025/07/17 16:23:45	1014.2	1.0	27.2	27.1	83.0	83.0	273.0	32.0	4.9	4.9
2025/07/17 16:23:46	1014.2	1.0	27.2	27.1	83.0	83.0	276.0	34.0	4.9	4.9
2025/07/17 16:23:47	1014.2	1.0	27.2	27.1	83.0	83.0	278.0	36.0	4.9	4.9
2025/07/17 16:23:48	1014.2	1.0	27.2	27.1	83.0	83.0	277.0	36.0	5.0	5.0
2025/07/17 16:23:49	1014.2	1.0	27.2	27.1	83.0	83.0	275.0	34.0	4.9	4.9
2025/07/17 16:23:50	1014.2	1.0	27.2	27.0	83.0	83.0	273.0	31.0	5.0	5.0
2025/07/17 16:23:51	1014.2	1.0	27.2	27.0	83.0	83.0	274.0	32.0	4.7	4.7
2025/07/17 16:23:52	1014.2	1.0	27.1	27.0	83.0	83.0	273.0	32.0	4.6	4.6
2025/07/17 16:23:53	1014.2	1.0	27.1	27.0	83.0	83.0	272.0	30.0	4.7	4.7
2025/07/17 16:23:54	1014.2	1.0	27.1	27.0	83.0	83.0	273.0	32.0	4.9	4.9
2025/07/17 16:23:55	1014.2	1.0	27.1	27.0	83.0	83.0	273.0	31.0	5.0	5.0
2025/07/17 16:23:56	1014.2	1.0	27.1	27.0	83.0	83.0	275.0	34.0	4.7	4.7
2025/07/17 16:23:57	1014.2	1.0	27.1	27.0	82.0	83.0	275.0	34.0	4.5	4.5
2025/07/17 16:23:58	1014.2	1.0	27.1	27.0	82.0	83.0	272.0	30.0	4.7	4.7
2025/07/17 16:23:59	1014.2	1.0	27.1	27.0	82.0	83.0	272.0	30.0	4.9	4.9
2025/07/17 16:24:00	1014.2	1.0	27.1	27.0	83.0	83.0	271.0	29.0	5.0	5.0
2025/07/17 16:24:01	1014.2	1.0	27.1	27.0	83.0	83.0	268.0	26.0	5.1	5.1
2025/07/17 16:24:02	1014.2	1.0	27.1	27.0	83.0	83.0	268.0	27.0	4.8	4.8
2025/07/17 16:24:03	1014.2	1.0	27.1	27.0	83.0	83.0	271.0	30.0	4.7	4.7
2025/07/17 16:24:04	1014.2	1.0	27.1	27.0	83.0	83.0	271.0	30.0	4.6	4.6
2025/07/17 16:24:05	1014.2	1.0	27.1	27.0	83.0	83.0	269.0	26.0	4.5	4.7
2025/07/17 16:24:06	1014.2	1.0	27.1	27.0	83.0	83.0	265.0	22.0	4.6	4.8
2025/07/17 16:24:07	1014.2	1.0	27.1	27.0	83.0	83.0	264.0	22.0	5.0	5.0
2025/07/17 16:24:08	1014.2	1.0	27.1	27.0	83.0	83.0	268.0	25.0	4.9	4.9
2025/07/17 16:24:09	1014.2	1.0	27.1	27.0	83.0	83.0	273.0	30.0	4.5	4.5
2025/07/17 16:24:10	1014.2	1.0	27.1	27.0	83.0	83.0	271.0	29.0	4.5	4.5
2025/07/17 16:24:11	1014.2	1.0	27.1	27.0	83.0	83.0	270.0	29.0	4.5	4.5
2025/07/17 16:24:12	1014.2	1.0	27.1	27.0	83.0	83.0	271.0	30.0	4.6	4.6
2025/07/17 16:24:13	1014.2	1.0	27.1	27.0	82.0	83.0	271.0	29.0	4.9	4.9
2025/07/17 16:24:14	1014.2	1.0	27.1	27.0	82.0	83.0	275.0	33.0	4.9	4.9
2025/07/17 16:24:15	1014.2	1.0	27.1	27.0	82.0	83.0	276.0	34.0	4.9	4.9
2025/07/17 16:24:16	1014.2	1.0	27.1	27.0	82.0	83.0	275.0	33.0	4.6	4.6
2025/07/17 16:24:17	1014.2	1.0	27.1	27.0	82.0	83.0	275.0	33.0	4.6	4.6
2025/07/17 16:24:18	1014.2	1.0	27.1	27.0	82.0	83.0	274.0	32.0	4.5	4.5
2025/07/17 16:24:19	1014.2	1.0	27.1	27.0	82.0	83.0	270.0	29.0	4.2	4.2
2025/07/17 16:24:20	1014.2	1.0	27.1	27.0	82.0	83.0	266.0	25.0	4.0	4.0
2025/07/17 16:24:21	1014.2	1.0	27.1	27.0	82.0	83.0	264.0	22.0	4.3	4.3
2025/07/17 16:24:22	1014.2	1.0	27.1	27.0	82.0	83.0	266.0	24.0	4.4	4.4
2025/07/17 16:24:23	1014.2	1.0	27.1	27.0	82.0	83.0	270.0	28.0	4.7	4.7
2025/07/17 16:24:24	1014.2	1.0	27.1	27.0	82.0	83.0	272.0	30.0	4.8	4.8
2025/07/17 16:24:25	1014.2	1.0	27.1	27.0	82.0	83.0	278.0	37.0	4.6	4.6
2025/07/17 16:24:26	1014.2	1.0	27.1	27.0	82.0	83.0	281.0	39.0	4.3	4.3
2025/07/17 16:24:27	1014.2	1.0	27.1	27.0	82.0	83.0	276.0	35.0	4.1	4.1
2025/07/17 16:24:28	1014.2	1.0	27.1	27.0	82.0	82.0	275.0	34.0	4.1	4.1
2025/07/17 16:24:29	1014.2	1.0	27.1	27.0	82.0	82.0	275.0	32.0	4.2	4.4
2025/07/17 16:24:30	1014.2	1.0	27.1	27.0	82.0	82.0	277.0	36.0	4.5	4.5
2025/07/17 16:24:31	1014.2	1.0	27.1	27.0	82.0	82.0	276.0	35.0	4.6	4.6
2025/07/17 16:24:32	1014.2	1.0	27.0	27.0	82.0	82.0	273.0	32.0	4.7	4.7
2025/07/17 16:24:33	1014.2	1.0	27.0	27.0	82.0	82.0	278.0	34.0	4.1	4.4
2025/07/17 16:24:34	1014.2	1.0	27.0	27.0	82.0	82.0	274.0	32.0	4.3	4.3
2025/07/17 16:24:35	1014.2	1.0	27.0	27.0	82.0	82.0	268.0	26.0	4.4	4.4
2025/07/17 16:24:36	1014.2	1.0	27.0	27.0	82.0	82.0	270.0	27.0	4.1	4.3
2025/07/17 16:24:37	1014.2	1.0	27.1	27.0	82.0	82.0	276.0	33.0	4.1	4.4
2025/07/17 16:24:38	1014.2	1.0	27.1	27.0	82.0	82.0	280.0	38.0	5.0	5.0
2025/07/17 16:24:39	1014.2	1.0	27.1	27.0	82.0	82.0	279.0	37.0	5.6	5.6
2025/07/17 16:24:40	1014.2	1.0	27.1	27.0	82.0	82.0	276.0	34.0	5.6	5.6
2025/07/17 16:24:41	1014.2	1.0	27.1	27.0	82.0	82.0	274.0	32.0	5.1	5.1
2025/07/17 16:24:42	1014.2	1.0	27.1	27.0	82.0	82.0	276.0	34.0	4.3	4.3
2025/07/17 16:24:43	1014.2	1.0	27.1	27.0	82.0	82.0	278.0	37.0	3.8	3.8
2025/07/17 16:24:44	1014.2	1.0	27.1	27.0	82.0	82.0	275.0	33.0	3.9	3.9
2025/07/17 16:24:45	1014.2	1.0	27.1	27.0	82.0	82.0	274.0	31.0	4.6	4.6
2025/07/17 16:24:46	1014.2	1.0	27.1	27.0	82.0	82.0	272.0	29.0	5.2	5.4
2025/07/17 16:24:47	1014.2	1.0	27.1	27.0	82.0	82.0	270.0	28.0	5.6	5.6
2025/07/17 16:24:48	1014.2	1.0	27.1	27.0	82.0	82.0	268.0	26.0	4.9	4.9
2025/07/17 16:24:49	1014.2	1.0	27.1	27.0	82.0	82.0	268.0	26.0	4.2	4.2
2025/07/17 16:24:50	1014.2	1.0	27.1	27.0	82.0	82.0	269.0	28.0	3.9	3.9
2025/07/17 16:24:51	1014.2	1.0	27.1	27.0	82.0	83.0	267.0	26.0	4.3	4.3
2025/07/17 16:24:52	1014.2	1.0	27.1	27.0	82.0	83.0	270.0	28.0	4.8	4.8
2025/07/17 16:24:53	1014.2	1.0	27.1	27.0	82.0	83.0	269.0	27.0	5.3	5.3
2025/07/17 16:24:54	1014.2	1.0	27.1	27.0	82.0	83.0	271.0	29.0	5.3	5.3
2025/07/17 16:24:55	1014.2	1.0	27.1	27.0	82.0	83.0	271.0	29.0	5.1	5.1
2025/07/17 16:24:56	1014.2	1.0	27.1	27.0	82.0	83.0	271.0	29.0	4.7	4.7
2025/07/17 16:24:57	1014.3	1.0	27.1	27.0	82.0	83.0	273.0	31.0	4.4	4.4
2025/07/17 16:24:58	1014.3	1.0	27.1	27.0	82.0	83.0	269.0	28.0	4.2	4.2
2025/07/17 16:24:59	1014.3	1.0	27.1	27.0	82.0	82.0	270.0	28.0	3.9	3.9
2025/07/17 16:25:00	1014.3	1.0	27.1	27.0	82.0	82.0	270.0	26.0	4.0	4.2
2025/07/17 16:25:01	1014.3	1.0	27.1	27.0	82.0	82.0	267.0	25.0	4.7	4.7
2025/07/17 16:25:02	1014.3	1.0	27.1	27.0	82.0	82.0	265.0	23.0	4.8	4.8
2025/07/17 16:25:03	1014.3	1.0	27.1	27.0	82.0	82.0	262.0	20.0	4.7	4.7
2025/07/17 16:25:04	1014.3	1.0	27.1	27.0	82.0	82.0	263.0	21.0	4.3	4.3
2025/07/17 16:25:05	1014.3	1.0	27.1	27.0	82.0	82.0	267.0	25.0	4.2	4.2
2025/07/17 16:25:06	1014.2	1.0	27.1	27.0	82.0	82.0	277.0	33.0	4.1	4.3
2025/07/17 16:25:07	1014.2	1.0	27.1	27.0	82.0	82.0	277.0	35.0	4.5	4.5
2025/07/17 16:25:08	1014.2	1.0	27.1	27.0	82.0	82.0	278.0	36.0	4.8	4.8
2025/07/17 16:25:09	1014.2	1.0	27.1	27.0	82.0	82.0	278.0	35.0	5.1	5.1
2025/07/17 16:25:10	1014.2	1.0	27.1	27.0	82.0	82.0	277.0	35.0	5.1	5.1
2025/07/17 16:25:11	1014.2	1.0	27.1	27.0	82.0	82.0	274.0	31.0	4.8	4.8
2025/07/17 16:25:12	1014.2	1.0	27.1	27.0	82.0	82.0	275.0	33.0	4.4	4.4
2025/07/17 16:25:13	1014.2	1.0	27.1	27.0	82.0	82.0	274.0	32.0	4.1	4.1
2025/07/17 16:25:14	1014.2	1.0	27.1	27.0	82.0	82.0	273.0	32.0	4.2	4.2
2025/07/17 16:25:15	1014.2	1.0	27.1	27.0	82.0	82.0	272.0	30.0	4.5	4.5
2025/07/17 16:25:16	1014.2	1.0	27.1	27.0	82.0	82.0	272.0	30.0	4.9	4.9
2025/07/17 16:25:17	1014.2	1.0	27.1	27.0	82.0	82.0	275.0	31.0	4.7	4.9
2025/07/17 16:25:18	1014.2	1.0	27.1	27.0	82.0	82.0	274.0	32.0	4.8	4.8
2025/07/17 16:25:19	1014.2	1.0	27.1	27.0	82.0	82.0	272.0	30.0	4.6	4.6
2025/07/17 16:25:20	1014.2	1.0	27.1	27.0	82.0	82.0	271.0	28.0	4.3	4.5
2025/07/17 16:25:21	1014.2	1.0	27.1	27.0	82.0	82.0	271.0	28.0	4.3	4.6
2025/07/17 16:25:22	1014.2	1.0	27.1	27.0	82.0	82.0	273.0	30.0	4.5	4.7
2025/07/17 16:25:23	1014.2	1.0	27.1	27.0	82.0	82.0	271.0	30.0	4.8	4.8
2025/07/17 16:25:24	1014.2	1.0	27.1	27.0	82.0	82.0	274.0	32.0	4.8	4.8
2025/07/17 16:25:25	1014.2	1.0	27.1	27.0	82.0	82.0	277.0	35.0	4.9	4.9
2025/07/17 16:25:26	1014.2	1.0	27.1	27.0	82.0	82.0	276.0	34.0	5.0	5.0
2025/07/17 16:25:27	1014.2	1.0	27.1	27.0	82.0	82.0	273.0	31.0	4.7	4.7
2025/07/17 16:25:28	1014.2	1.0	27.1	27.0	82.0	82.0	273.0	31.0	4.3	4.3
2025/07/17 16:25:29	1014.2	1.0	27.1	27.0	82.0	82.0	272.0	29.0	3.9	4.1
2025/07/17 16:25:30	1014.2	1.0	27.1	27.0	82.0	82.0	273.0	30.0	3.9	4.1
2025/07/17 16:25:31	1014.2	1.0	27.1	27.0	82.0	82.0	273.0	32.0	4.4	4.4
2025/07/17 16:25:32	1014.2	1.0	27.1	27.0	82.0	82.0	272.0	31.0	4.8	4.8
2025/07/17 16:25:33	1014.2	1.0	27.1	27.0	82.0	82.0	274.0	32.0	4.8	4.8
2025/07/17 16:25:34	1014.2	1.0	27.1	27.0	82.0	82.0	279.0	37.0	4.8	4.8
2025/07/17 16:25:35	1014.2	1.0	27.1	27.0	82.0	82.0	283.0	41.0	4.6	4.6
2025/07/17 16:25:36	1014.2	1.0	27.1	27.0	82.0	82.0	284.0	42.0	4.7	4.7
2025/07/17 16:25:37	1014.2	1.0	27.1	27.0	82.0	82.0	282.0	38.0	4.7	4.9
2025/07/17 16:25:38	1014.2	1.0	27.1	27.0	82.0	83.0	277.0	34.0	4.9	5.1
2025/07/17 16:25:39	1014.2	1.0	27.1	27.0	82.0	83.0	271.0	30.0	5.2	5.2
2025/07/17 16:25:40	1014.2	1.0	27.1	27.0	82.0	83.0	270.0	29.0	5.3	5.3
2025/07/17 16:25:41	1014.2	1.0	27.1	27.0	82.0	83.0	271.0	30.0	5.0	5.0
2025/07/17 16:25:42	1014.3	1.0	27.1	27.0	82.0	83.0	269.0	28.0	4.9	4.9
2025/07/17 16:25:43	1014.3	1.0	27.1	27.0	82.0	83.0	271.0	29.0	4.7	4.7
2025/07/17 16:25:44	1014.3	1.0	27.1	27.0	82.0	83.0	271.0	30.0	4.5	4.5
2025/07/17 16:25:45	1014.3	1.0	27.1	27.0	82.0	83.0	272.0	31.0	4.2	4.2
2025/07/17 16:25:46	1014.3	1.0	27.1	27.0	82.0	83.0	275.0	34.0	4.1	4.1
2025/07/17 16:25:47	1014.3	1.0	27.1	27.0	82.0	83.0	270.0	29.0	4.5	4.5
2025/07/17 16:25:48	1014.3	1.0	27.1	27.0	82.0	83.0	273.0	32.0	5.0	5.0
2025/07/17 16:25:49	1014.3	1.0	27.1	27.0	82.0	83.0	274.0	33.0	5.2	5.2
2025/07/17 16:25:50	1014.3	1.0	27.1	27.0	82.0	83.0	274.0	32.0	4.6	4.6
2025/07/17 16:25:51	1014.2	1.0	27.1	27.0	82.0	83.0	275.0	34.0	4.0	4.0
2025/07/17 16:25:52	1014.2	1.0	27.1	27.0	82.0	83.0	277.0	33.0	3.5	3.7
2025/07/17 16:25:53	1014.2	1.0	27.1	27.0	82.0	83.0	275.0	33.0	4.0	4.0
2025/07/17 16:25:54	1014.2	1.0	27.1	27.0	82.0	83.0	273.0	32.0	4.7	4.7
2025/07/17 16:25:55	1014.2	1.0	27.1	27.0	82.0	83.0	273.0	30.0	5.0	5.2
2025/07/17 16:25:56	1014.2	1.0	27.1	27.0	82.0	83.0	271.0	28.0	4.6	4.8
2025/07/17 16:25:57	1014.2	1.0	27.1	27.0	82.0	83.0	266.0	25.0	4.1	4.1
2025/07/17 16:25:58	1014.2	1.0	27.1	27.0	83.0	83.0	266.0	23.0	3.2	3.5
2025/07/17 16:25:59	1014.2	1.0	27.1	27.0	83.0	83.0	269.0	26.0	3.2	3.5
2025/07/17 16:26:00	1014.2	1.0	27.2	27.0	82.0	83.0	269.0	28.0	4.0	4.0
2025/07/17 16:26:01	1014.2	1.0	27.2	27.0	82.0	83.0	272.0	31.0	4.6	4.6
2025/07/17 16:26:02	1014.2	1.0	27.2	27.0	82.0	83.0	274.0	33.0	4.9	4.9
2025/07/17 16:26:03	1014.2	1.0	27.2	27.0	82.0	83.0	276.0	33.0	4.0	4.3
2025/07/17 16:26:04	1014.2	1.0	27.2	27.0	82.0	83.0	274.0	33.0	3.8	3.8
2025/07/17 16:26:05	1014.2	1.0	27.2	27.0	82.0	83.0	274.0	33.0	3.9	3.9
2025/07/17 16:26:06	1014.2	1.0	27.2	27.0	82.0	83.0	277.0	33.0	3.9	4.2
2025/07/17 16:26:07	1014.2	1.0	27.2	27.1	82.0	83.0	277.0	34.0	3.9	4.1
2025/07/17 16:26:08	1014.2	1.0	27.2	27.1	82.0	83.0	277.0	37.0	3.9	3.9
2025/07/17 16:26:09	1014.2	1.0	27.2	27.1	82.0	83.0	274.0	34.0	4.0	4.0
2025/07/17 16:26:10	1014.2	1.0	27.2	27.0	82.0	83.0	270.0	27.0	4.2	4.4
2025/07/17 16:26:11	1014.2	1.0	27.2	27.0	82.0	83.0	264.0	23.0	4.8	4.8
2025/07/17 16:26:12	1014.2	1.0	27.2	27.0	82.0	83.0	263.0	23.0	4.4	4.4
2025/07/17 16:26:13	1014.2	1.0	27.2	27.0	82.0	83.0	266.0	26.0	3.9	3.9
2025/07/17 16:26:14	1014.2	1.0	27.2	27.0	82.0	83.0	268.0	28.0	3.5	3.5
2025/07/17 16:26:15	1014.2	1.0	27.2	27.0	82.0	83.0	274.0	33.0	3.7	3.7
2025/07/17 16:26:16	1014.2	1.0	27.2	27.0	82.0	83.0	277.0	36.0	4.2	4.2
2025/07/17 16:26:17	1014.2	1.0	27.2	27.0	82.0	83.0	279.0	38.0	4.6	4.6
2025/07/17 16:26:18	1014.2	1.0	27.2	27.0	82.0	83.0	281.0	38.0	4.6	4.8
2025/07/17 16:26:19	1014.2	1.0	27.2	27.0	82.0	83.0	279.0	38.0	4.6	4.6
2025/07/17 16:26:20	1014.2	1.0	27.2	27.0	82.0	83.0	280.0	39.0	4.1	4.1
2025/07/17 16:26:21	1014.2	1.0	27.2	27.0	82.0	83.0	278.0	37.0	3.8	3.8
2025/07/17 16:26:22	1014.2	1.0	27.2	27.0	82.0	83.0	275.0	34.0	3.8	3.8
2025/07/17 16:26:23	1014.2	1.0	27.2	27.0	82.0	83.0	273.0	32.0	3.9	3.9
2025/07/17 16:26:24	1014.2	1.0	27.2	27.0	82.0	83.0	272.0	31.0	4.1	4.1
2025/07/17 16:26:25	1014.2	1.0	27.2	27.0	82.0	83.0	273.0	32.0	4.1	4.1
2025/07/17 16:26:26	1014.2	1.0	27.2	27.0	82.0	83.0	276.0	35.0	4.0	4.0
2025/07/17 16:26:27	1014.2	1.0	27.2	27.0	82.0	83.0	279.0	37.0	4.1	4.1
2025/07/17 16:26:28	1014.2	1.0	27.2	27.0	82.0	83.0	276.0	35.0	4.2	4.2
2025/07/17 16:26:29	1014.2	1.0	27.2	27.0	82.0	83.0	277.0	36.0	4.1	4.1
2025/07/17 16:26:30	1014.2	1.0	27.2	27.0	82.0	83.0	281.0	40.0	4.0	4.0
2025/07/17 16:26:31	1014.2	1.0	27.2	27.0	82.0	83.0	287.0	46.0	3.9	3.9
2025/07/17 16:26:32	1014.2	1.0	27.2	27.0	82.0	83.0	285.0	44.0	4.2	4.2
2025/07/17 16:26:33	1014.2	1.0	27.2	27.0	82.0	83.0	281.0	38.0	4.4	4.6
2025/07/17 16:26:34	1014.2	1.0	27.2	27.0	82.0	83.0	275.0	33.0	5.0	5.0
2025/07/17 16:26:35	1014.2	1.0	27.2	27.0	82.0	83.0	268.0	27.0	4.9	4.9
2025/07/17 16:26:36	1014.2	1.0	27.2	27.1	82.0	83.0	267.0	27.0	4.5	4.5
2025/07/17 16:26:37	1014.2	1.0	27.2	27.1	82.0	83.0	272.0	31.0	4.3	4.3
2025/07/17 16:26:38	1014.2	1.0	27.2	27.1	82.0	83.0	279.0	38.0	4.1	4.1
2025/07/17 16:26:39	1014.2	1.0	27.2	27.1	82.0	83.0	281.0	40.0	4.2	4.2
2025/07/17 16:26:40	1014.2	1.0	27.2	27.1	82.0	83.0	275.0	34.0	4.5	4.5
2025/07/17 16:26:41	1014.2	1.0	27.2	27.1	82.0	83.0	275.0	34.0	4.5	4.5
2025/07/17 16:26:42	1014.2	1.0	27.2	27.1	82.0	83.0	282.0	40.0	4.4	4.4
2025/07/17 16:26:43	1014.2	1.0	27.2	27.1	82.0	83.0	288.0	46.0	4.5	4.5
2025/07/17 16:26:44	1014.2	1.0	27.2	27.1	82.0	83.0	288.0	47.0	4.7	4.7
2025/07/17 16:26:45	1014.2	1.0	27.2	27.1	82.0	83.0	287.0	43.0	4.3	4.5
2025/07/17 16:26:46	1014.2	1.0	27.2	27.1	82.0	83.0	281.0	37.0	4.5	4.7
2025/07/17 16:26:47	1014.2	1.0	27.2	27.1	82.0	83.0	272.0	30.0	4.9	4.9
2025/07/17 16:26:48	1014.2	1.0	27.2	27.1	82.0	83.0	273.0	29.0	4.5	4.7
2025/07/17 16:26:49	1014.2	1.0	27.2	27.1	82.0	83.0	278.0	34.0	4.0	4.3
2025/07/17 16:26:50	1014.2	1.0	27.2	27.1	83.0	83.0	281.0	38.0	3.8	4.0
2025/07/17 16:26:51	1014.2	1.0	27.2	27.1	83.0	83.0	279.0	38.0	4.2	4.2
2025/07/17 16:26:52	1014.2	1.0	27.2	27.1	83.0	83.0	277.0	34.0	4.2	4.4
2025/07/17 16:26:53	1014.2	1.0	27.2	27.1	83.0	83.0	275.0	33.0	4.7	4.7
2025/07/17 16:26:54	1014.2	1.0	27.2	27.1	83.0	83.0	278.0	36.0	4.7	4.7
2025/07/17 16:26:55	1014.2	1.0	27.2	27.1	82.0	83.0	279.0	37.0	4.6	4.6
2025/07/17 16:26:56	1014.2	1.0	27.2	27.1	82.0	83.0	282.0	40.0	4.5	4.5
2025/07/17 16:26:57	1014.2	1.0	27.2	27.1	82.0	82.0	282.0	40.0	4.5	4.5
2025/07/17 16:26:58	1014.2	1.0	27.2	27.1	82.0	82.0	278.0	36.0	4.6	4.6
2025/07/17 16:26:59	1014.2	1.0	27.2	27.1	82.0	83.0	274.0	33.0	4.3	4.3
2025/07/17 16:27:00	1014.2	1.0	27.2	27.1	82.0	83.0	273.0	31.0	4.0	4.0
2025/07/17 16:27:01	1014.2	1.0	27.2	27.1	83.0	83.0	270.0	29.0	3.7	3.7
2025/07/17 16:27:02	1014.2	1.0	27.2	27.1	83.0	82.0	268.0	26.0	4.0	4.0
2025/07/17 16:27:03	1014.2	1.0	27.2	27.1	82.0	82.0	271.0	29.0	4.5	4.5
2025/07/17 16:27:04	1014.2	1.0	27.2	27.1	82.0	82.0	277.0	35.0	4.6	4.6
2025/07/17 16:27:05	1014.2	1.0	27.2	27.1	82.0	82.0	279.0	37.0	4.3	4.3
2025/07/17 16:27:06	1014.2	1.0	27.2	27.1	82.0	82.0	277.0	35.0	4.0	4.0
2025/07/17 16:27:07	1014.2	1.0	27.2	27.1	82.0	82.0	273.0	32.0	4.0	4.0
2025/07/17 16:27:08	1014.2	1.0	27.2	27.1	82.0	82.0	271.0	29.0	4.3	4.3
2025/07/17 16:27:09	1014.2	1.0	27.2	27.1	82.0	82.0	270.0	28.0	4.3	4.3
2025/07/17 16:27:10	1014.2	1.0	27.2	27.1	82.0	82.0	272.0	30.0	4.1	4.1
2025/07/17 16:27:11	1014.2	1.0	27.2	27.1	82.0	82.0	278.0	37.0	4.1	4.1
2025/07/17 16:27:12	1014.2	1.0	27.2	27.1	82.0	82.0	278.0	36.0	4.3	4.3
2025/07/17 16:27:13	1014.2	1.0	27.2	27.1	82.0	82.0	283.0	41.0	4.2	4.2
2025/07/17 16:27:14	1014.2	1.0	27.1	27.1	82.0	82.0	281.0	40.0	4.6	4.6
2025/07/17 16:27:15	1014.2	1.0	27.1	27.1	82.0	82.0	275.0	33.0	4.2	4.2
2025/07/17 16:27:16	1014.2	1.0	27.1	27.1	82.0	82.0	273.0	31.0	4.1	4.1
2025/07/17 16:27:17	1014.2	1.0	27.1	27.1	82.0	82.0	269.0	27.0	4.4	4.4
2025/07/17 16:27:18	1014.2	1.0	27.1	27.1	82.0	82.0	271.0	29.0	4.6	4.6
2025/07/17 16:27:19	1014.2	1.0	27.2	27.1	82.0	82.0	274.0	32.0	4.9	4.9
2025/07/17 16:27:20	1014.2	1.0	27.2	27.1	82.0	82.0	277.0	35.0	4.8	4.8
2025/07/17 16:27:21	1014.2	1.0	27.2	27.1	82.0	82.0	277.0	35.0	4.3	4.3
2025/07/17 16:27:22	1014.2	1.0	27.2	27.1	82.0	82.0	271.0	30.0	3.9	3.9
2025/07/17 16:27:23	1014.2	1.0	27.2	27.1	82.0	82.0	265.0	24.0	3.9	3.9
2025/07/17 16:27:24	1014.2	1.0	27.2	27.1	82.0	82.0	265.0	23.0	4.2	4.2
2025/07/17 16:27:25	1014.2	1.0	27.2	27.1	82.0	82.0	270.0	28.0	4.4	4.4
2025/07/17 16:27:26	1014.2	1.0	27.2	27.1	82.0	83.0	278.0	36.0	4.9	4.9
2025/07/17 16:27:27	1014.2	1.0	27.2	27.1	82.0	83.0	290.0	48.0	5.0	5.0
2025/07/17 16:27:28	1014.2	1.0	27.2	27.1	82.0	83.0	296.0	52.0	4.5	4.7
2025/07/17 16:27:29	1014.2	1.0	27.2	27.1	82.0	83.0	286.0	45.0	4.4	4.4
2025/07/17 16:27:30	1014.2	1.0	27.2	27.1	82.0	83.0	274.0	33.0	4.2	4.2
2025/07/17 16:27:31	1014.2	1.0	27.2	27.1	82.0	83.0	269.0	27.0	4.2	4.2
2025/07/17 16:27:32	1014.2	1.0	27.2	27.1	82.0	83.0	266.0	24.0	4.1	4.1
2025/07/17 16:27:33	1014.2	1.0	27.2	27.1	82.0	83.0	278.0	36.0	3.8	3.8
2025/07/17 16:27:34	1014.2	1.0	27.2	27.1	82.0	83.0	280.0	39.0	4.2	4.2
2025/07/17 16:27:35	1014.2	1.0	27.2	27.1	82.0	83.0	280.0	39.0	4.5	4.5
2025/07/17 16:27:36	1014.2	1.0	27.2	27.1	82.0	83.0	281.0	39.0	4.8	4.8
2025/07/17 16:27:37	1014.2	1.0	27.2	27.1	82.0	83.0	281.0	39.0	4.8	4.8
2025/07/17 16:27:38	1014.2	1.0	27.2	27.1	82.0	83.0	280.0	39.0	4.6	4.6
2025/07/17 16:27:39	1014.3	1.0	27.2	27.1	82.0	83.0	277.0	36.0	4.5	4.5
2025/07/17 16:27:40	1014.3	1.0	27.2	27.1	83.0	83.0	272.0	31.0	4.3	4.3
2025/07/17 16:27:41	1014.3	1.0	27.2	27.1	83.0	83.0	273.0	31.0	4.4	4.4
2025/07/17 16:27:42	1014.3	1.0	27.2	27.1	83.0	83.0	278.0	36.0	4.3	4.3
2025/07/17 16:27:43	1014.3	1.0	27.2	27.1	82.0	83.0	281.0	39.0	4.4	4.4
2025/07/17 16:27:44	1014.3	1.0	27.2	27.1	82.0	83.0	279.0	37.0	4.5	4.5
2025/07/17 16:27:45	1014.3	1.0	27.2	27.1	82.0	83.0	277.0	35.0	4.5	4.5
2025/07/17 16:27:46	1014.3	1.0	27.2	27.1	82.0	83.0	276.0	34.0	4.4	4.4
2025/07/17 16:27:47	1014.3	1.0	27.2	27.1	82.0	83.0	279.0	37.0	4.3	4.3
2025/07/17 16:27:48	1014.2	1.0	27.2	27.1	82.0	83.0	280.0	38.0	4.8	4.8
2025/07/17 16:27:49	1014.2	1.0	27.2	27.1	82.0	83.0	277.0	35.0	5.0	5.0
2025/07/17 16:27:50	1014.2	1.0	27.2	27.1	82.0	83.0	275.0	33.0	5.0	5.0
2025/07/17 16:27:51	1014.2	1.0	27.2	27.1	82.0	83.0	275.0	34.0	4.8	4.8
2025/07/17 16:27:52	1014.2	1.0	27.2	27.1	82.0	83.0	278.0	36.0	4.3	4.3
2025/07/17 16:27:53	1014.2	1.0	27.2	27.1	82.0	83.0	278.0	36.0	4.2	4.2
2025/07/17 16:27:54	1014.2	1.0	27.2	27.1	82.0	82.0	279.0	36.0	4.5	4.5
2025/07/17 16:27:55	1014.2	1.0	27.2	27.1	82.0	82.0	276.0	33.0	4.9	4.9
2025/07/17 16:27:56	1014.2	1.0	27.2	27.1	82.0	82.0	277.0	33.0	4.8	5.1
2025/07/17 16:27:57	1014.2	1.0	27.2	27.1	82.0	82.0	276.0	34.0	4.9	4.9
2025/07/17 16:27:58	1014.2	1.0	27.2	27.1	82.0	82.0	278.0	34.0	4.6	4.9
2025/07/17 16:27:59	1014.2	1.0	27.2	27.1	82.0	82.0	278.0	32.0	4.4	4.7
2025/07/17 16:28:00	1014.2	1.0	27.2	27.1	82.0	82.0	271.0	27.0	4.2	4.4
2025/07/17 16:28:01	1014.2	1.0	27.2	27.1	82.0	82.0	269.0	25.0	4.1	4.3
2025/07/17 16:28:02	1014.2	1.0	27.2	27.1	82.0	82.0	264.0	20.0	4.3	4.6
2025/07/17 16:28:03	1014.2	1.0	27.2	27.1	82.0	82.0	262.0	20.0	4.8	4.8
2025/07/17 16:28:04	1014.2	1.0	27.2	27.1	82.0	82.0	266.0	24.0	4.6	4.6
2025/07/17 16:28:05	1014.2	1.0	27.2	27.1	82.0	82.0	268.0	25.0	4.8	4.8
2025/07/17 16:28:06	1014.2	1.0	27.2	27.1	82.0	82.0	269.0	27.0	4.4	4.4
2025/07/17 16:28:07	1014.2	1.0	27.2	27.1	82.0	82.0	268.0	26.0	4.2	4.2
2025/07/17 16:28:08	1014.2	1.0	27.2	27.1	82.0	82.0	270.0	27.0	4.4	4.4
2025/07/17 16:28:09	1014.2	1.0	27.2	27.1	82.0	82.0	273.0	30.0	4.6	4.6
2025/07/17 16:28:10	1014.2	1.0	27.2	27.1	82.0	82.0	272.0	29.0	4.7	4.7
2025/07/17 16:28:11	1014.2	1.0	27.2	27.1	82.0	82.0	274.0	32.0	4.5	4.5
2025/07/17 16:28:12	1014.2	1.0	27.2	27.1	82.0	82.0	272.0	30.0	4.4	4.4
2025/07/17 16:28:13	1014.2	1.0	27.2	27.1	82.0	82.0	272.0	30.0	4.5	4.5
2025/07/17 16:28:14	1014.2	1.0	27.1	27.1	82.0	82.0	271.0	28.0	4.4	4.4
2025/07/17 16:28:15	1014.2	1.0	27.1	27.1	82.0	82.0	274.0	31.0	4.6	4.6
2025/07/17 16:28:16	1014.2	1.0	27.1	27.1	82.0	82.0	273.0	30.0	4.3	4.3
2025/07/17 16:28:17	1014.2	1.0	27.1	27.1	82.0	82.0	273.0	30.0	4.3	4.3
2025/07/17 16:28:18	1014.2	1.0	27.1	27.1	82.0	82.0	271.0	28.0	4.4	4.4
2025/07/17 16:28:19	1014.2	1.0	27.1	27.1	82.0	82.0	272.0	30.0	4.7	4.7
2025/07/17 16:28:20	1014.2	1.0	27.2	27.1	82.0	82.0	268.0	25.0	4.4	4.4
2025/07/17 16:28:21	1014.2	1.0	27.2	27.1	82.0	82.0	267.0	24.0	4.3	4.3
2025/07/17 16:28:22	1014.2	1.0	27.2	27.1	82.0	82.0	272.0	29.0	4.3	4.3
2025/07/17 16:28:23	1014.2	1.0	27.2	27.1	82.0	82.0	271.0	28.0	4.4	4.4
2025/07/17 16:28:24	1014.2	1.0	27.2	27.1	82.0	82.0	272.0	28.0	4.6	4.6
2025/07/17 16:28:25	1014.2	1.0	27.2	27.1	82.0	82.0	273.0	30.0	4.6	4.6
2025/07/17 16:28:26	1014.2	1.0	27.2	27.1	82.0	82.0	274.0	31.0	4.6	4.6
2025/07/17 16:28:27	1014.2	1.0	27.2	27.1	82.0	82.0	271.0	28.0	4.5	4.5
2025/07/17 16:28:28	1014.2	1.0	27.2	27.1	82.0	82.0	268.0	25.0	4.4	4.4
2025/07/17 16:28:29	1014.2	1.0	27.2	27.1	82.0	82.0	266.0	23.0	4.5	4.5
2025/07/17 16:28:30	1014.2	1.0	27.1	27.1	82.0	82.0	266.0	24.0	4.2	4.2
2025/07/17 16:28:31	1014.2	1.0	27.1	27.1	82.0	82.0	266.0	23.0	4.0	4.0
2025/07/17 16:28:32	1014.2	1.0	27.1	27.1	82.0	82.0	267.0	24.0	4.3	4.3
2025/07/17 16:28:33	1014.2	1.0	27.1	27.1	82.0	82.0	269.0	25.0	4.5	4.5
2025/07/17 16:28:34	1014.2	1.0	27.1	27.1	82.0	81.0	271.0	28.0	4.6	4.6
2025/07/17 16:28:35	1014.2	1.0	27.1	27.1	82.0	81.0	275.0	31.0	4.5	4.5
2025/07/17 16:28:36	1014.2	1.0	27.1	27.1	82.0	81.0	276.0	33.0	4.4	4.4
2025/07/17 16:28:37	1014.2	1.0	27.1	27.1	82.0	81.0	276.0	33.0	4.3	4.3
2025/07/17 16:28:38	1014.2	1.0	27.1	27.1	81.0	81.0	278.0	35.0	4.5	4.5
2025/07/17 16:28:39	1014.2	1.0	27.1	27.1	81.0	81.0	278.0	35.0	4.8	4.8
2025/07/17 16:28:40	1014.2	1.0	27.1	27.1	81.0	81.0	281.0	37.0	4.7	4.7
2025/07/17 16:28:41	1014.2	1.0	27.1	27.1	81.0	81.0	278.0	35.0	4.4	4.4
2025/07/17 16:28:42	1014.2	1.0	27.1	27.1	81.0	81.0	274.0	30.0	3.8	3.8
2025/07/17 16:28:43	1014.2	1.0	27.1	27.1	81.0	81.0	268.0	25.0	3.4	3.4
2025/07/17 16:28:44	1014.2	1.0	27.1	27.1	81.0	81.0	264.0	21.0	3.9	3.9
2025/07/17 16:28:45	1014.2	1.0	27.1	27.1	81.0	81.0	268.0	25.0	4.1	4.1
2025/07/17 16:28:46	1014.2	1.0	27.1	27.1	81.0	81.0	272.0	28.0	4.2	4.2
2025/07/17 16:28:47	1014.2	1.0	27.1	27.1	81.0	81.0	277.0	33.0	4.2	4.2
2025/07/17 16:28:48	1014.2	1.0	27.1	27.1	81.0	81.0	274.0	31.0	3.8	3.8
2025/07/17 16:28:49	1014.2	1.0	27.1	27.1	81.0	81.0	277.0	34.0	3.6	3.6
2025/07/17 16:28:50	1014.2	1.0	27.1	27.1	81.0	81.0	282.0	39.0	3.9	3.9
2025/07/17 16:28:51	1014.2	1.0	27.1	27.1	81.0	81.0	284.0	40.0	4.4	4.4
2025/07/17 16:28:52	1014.2	1.0	27.1	27.1	81.0	81.0	283.0	40.0	4.5	4.5
2025/07/17 16:28:53	1014.2	1.0	27.1	27.1	81.0	81.0	278.0	35.0	4.2	4.2
2025/07/17 16:28:54	1014.2	1.0	27.1	27.1	81.0	81.0	267.0	24.0	3.9	3.9
2025/07/17 16:28:55	1014.2	1.0	27.1	27.1	81.0	81.0	266.0	23.0	3.4	3.4
2025/07/17 16:28:56	1014.2	1.0	27.1	27.1	81.0	81.0	278.0	34.0	3.5	3.5
2025/07/17 16:28:57	1014.2	1.0	27.1	27.1	81.0	81.0	281.0	38.0	3.8	3.8
2025/07/17 16:28:58	1014.2	1.0	27.1	27.1	81.0	81.0	284.0	38.0	4.2	4.4
2025/07/17 16:28:59	1014.2	1.0	27.1	27.1	81.0	81.0	277.0	32.0	4.5	4.7
2025/07/17 16:29:00	1014.2	1.0	27.1	27.2	81.0	81.0	268.0	25.0	4.7	4.7
2025/07/17 16:29:01	1014.2	1.0	27.2	27.2	81.0	81.0	268.0	24.0	4.1	4.3
2025/07/17 16:29:02	1014.2	1.0	27.2	27.2	81.0	81.0	270.0	25.0	3.7	4.0
2025/07/17 16:29:03	1014.2	1.0	27.2	27.2	81.0	81.0	275.0	32.0	3.9	3.9
2025/07/17 16:29:04	1014.2	1.0	27.2	27.2	81.0	81.0	281.0	37.0	4.2	4.2
2025/07/17 16:29:05	1014.2	1.0	27.2	27.2	81.0	81.0	280.0	34.0	4.3	4.5
2025/07/17 16:29:06	1014.2	1.0	27.2	27.2	81.0	81.0	275.0	31.0	4.9	4.9
2025/07/17 16:29:07	1014.2	1.0	27.2	27.2	81.0	81.0	274.0	30.0	4.8	4.8
2025/07/17 16:29:08	1014.2	1.0	27.2	27.2	81.0	81.0	276.0	33.0	4.4	4.4
2025/07/17 16:29:09	1014.2	1.0	27.2	27.2	81.0	81.0	276.0	34.0	4.0	4.0
2025/07/17 16:29:10	1014.2	1.0	27.2	27.2	81.0	81.0	275.0	32.0	4.0	4.0
2025/07/17 16:29:11	1014.2	1.0	27.2	27.2	81.0	81.0	273.0	29.0	3.9	4.1
2025/07/17 16:29:12	1014.2	1.0	27.2	27.2	81.0	81.0	269.0	26.0	4.0	4.0
2025/07/17 16:29:13	1014.2	1.0	27.2	27.2	81.0	81.0	270.0	27.0	4.1	4.1
2025/07/17 16:29:14	1014.2	1.0	27.2	27.2	81.0	81.0	274.0	31.0	4.4	4.4
2025/07/17 16:29:15	1014.2	1.0	27.2	27.2	81.0	81.0	278.0	35.0	4.7	4.7
2025/07/17 16:29:16	1014.2	1.0	27.2	27.2	81.0	81.0	280.0	35.0	4.2	4.4
2025/07/17 16:29:17	1014.2	1.0	27.2	27.2	81.0	81.0	279.0	36.0	3.8	3.8
2025/07/17 16:29:18	1014.2	1.0	27.2	27.2	81.0	81.0	281.0	39.0	4.2	4.2
2025/07/17 16:29:19	1014.2	1.0	27.2	27.2	81.0	81.0	282.0	39.0	4.5	4.5
2025/07/17 16:29:20	1014.2	1.0	27.2	27.2	81.0	81.0	278.0	36.0	4.7	4.7
2025/07/17 16:29:21	1014.2	1.0	27.2	27.2	81.0	81.0	275.0	32.0	4.7	4.7
2025/07/17 16:29:22	1014.2	1.0	27.2	27.2	81.0	81.0	271.0	28.0	4.9	4.9
2025/07/17 16:29:23	1014.2	1.0	27.3	27.2	81.0	81.0	268.0	25.0	4.9	4.9
2025/07/17 16:29:24	1014.2	1.0	27.3	27.2	81.0	81.0	266.0	23.0	4.7	4.7
2025/07/17 16:29:25	1014.2	1.0	27.3	27.2	81.0	81.0	266.0	23.0	4.5	4.5
2025/07/17 16:29:26	1014.2	1.0	27.3	27.2	81.0	81.0	270.0	28.0	4.3	4.3
2025/07/17 16:29:27	1014.2	1.0	27.3	27.2	81.0	82.0	275.0	32.0	4.2	4.2
2025/07/17 16:29:28	1014.2	1.0	27.3	27.2	81.0	82.0	278.0	36.0	4.1	4.1
2025/07/17 16:29:29	1014.2	1.0	27.3	27.2	81.0	82.0	282.0	39.0	4.6	4.6
2025/07/17 16:29:30	1014.2	1.0	27.3	27.2	81.0	82.0	278.0	35.0	5.2	5.2
2025/07/17 16:29:31	1014.2	1.0	27.3	27.2	81.0	82.0	275.0	32.0	5.3	5.3
2025/07/17 16:29:32	1014.2	1.0	27.3	27.3	81.0	82.0	270.0	28.0	4.6	4.6
2025/07/17 16:29:33	1014.2	1.0	27.3	27.3	81.0	82.0	270.0	28.0	3.9	3.9
2025/07/17 16:29:34	1014.2	1.0	27.3	27.3	81.0	82.0	269.0	27.0	3.7	3.7
2025/07/17 16:29:35	1014.2	1.0	27.3	27.3	81.0	81.0	270.0	27.0	3.9	3.9
2025/07/17 16:29:36	1014.2	1.0	27.3	27.3	81.0	81.0	269.0	27.0	4.4	4.4
2025/07/17 16:29:37	1014.2	1.0	27.3	27.3	81.0	81.0	271.0	28.0	4.5	4.5
2025/07/17 16:29:38	1014.2	1.0	27.3	27.3	81.0	81.0	272.0	29.0	4.6	4.6
2025/07/17 16:29:39	1014.2	1.0	27.3	27.2	81.0	81.0	272.0	30.0	4.5	4.5
2025/07/17 16:29:40	1014.2	1.0	27.3	27.2	81.0	81.0	274.0	32.0	4.6	4.6
2025/07/17 16:29:41	1014.2	1.0	27.3	27.2	81.0	81.0	275.0	33.0	4.3	4.3
2025/07/17 16:29:42	1014.2	1.0	27.3	27.2	81.0	81.0	278.0	36.0	3.8	3.8
2025/07/17 16:29:43	1014.2	1.0	27.3	27.2	81.0	81.0	279.0	36.0	4.2	4.2
2025/07/17 16:29:44	1014.2	1.0	27.3	27.2	81.0	81.0	280.0	38.0	4.7	4.7
2025/07/17 16:29:45	1014.2	1.0	27.3	27.2	81.0	81.0	282.0	40.0	5.2	5.2
2025/07/17 16:29:46	1014.2	1.0	27.3	27.2	81.0	81.0	281.0	40.0	5.2	5.2
2025/07/17 16:29:47	1014.2	1.0	27.3	27.2	81.0	81.0	279.0	37.0	4.8	4.8
2025/07/17 16:29:48	1014.2	1.0	27.3	27.2	81.0	81.0	279.0	37.0	4.5	4.5
2025/07/17 16:29:49	1014.2	1.0	27.3	27.2	81.0	81.0	281.0	39.0	4.3	4.3
2025/07/17 16:29:50	1014.2	1.0	27.3	27.2	81.0	81.0	282.0	40.0	4.4	4.4
2025/07/17 16:29:51	1014.2	1.0	27.3	27.2	81.0	81.0	282.0	40.0	4.6	4.6
2025/07/17 16:29:52	1014.2	1.0	27.3	27.2	81.0	82.0	280.0	38.0	4.8	4.8
2025/07/17 16:29:53	1014.2	1.0	27.3	27.2	81.0	82.0	277.0	35.0	4.9	4.9
2025/07/17 16:29:54	1014.2	1.0	27.3	27.2	81.0	82.0	280.0	38.0	4.8	4.8
2025/07/17 16:29:55	1014.2	1.0	27.3	27.2	81.0	82.0	282.0	40.0	4.7	4.7
2025/07/17 16:29:56	1014.2	1.0	27.3	27.2	81.0	82.0	285.0	43.0	4.6	4.6
2025/07/17 16:29:57	1014.2	1.0	27.3	27.2	81.0	82.0	287.0	45.0	4.8	4.8
2025/07/17 16:29:58	1014.2	1.0	27.3	27.2	81.0	82.0	291.0	46.0	4.8	5.0
2025/07/17 16:29:59	1014.2	1.0	27.3	27.2	81.0	82.0	285.0	43.0	5.0	5.0
2025/07/17 16:30:00	1014.2	1.0	27.3	27.2	81.0	82.0	281.0	39.0	4.7	4.7
2025/07/17 16:30:01	1014.2	1.0	27.3	27.2	81.0	82.0	279.0	37.0	4.3	4.3
2025/07/17 16:30:02	1014.2	1.0	27.3	27.2	81.0	82.0	282.0	37.0	3.7	3.9
2025/07/17 16:30:03	1014.2	1.0	27.3	27.2	81.0	82.0	280.0	36.0	4.0	4.2
2025/07/17 16:30:04	1014.2	1.0	27.3	27.2	82.0	82.0	279.0	37.0	4.7	4.7
2025/07/17 16:30:05	1014.2	1.0	27.3	27.2	82.0	82.0	281.0	39.0	5.0	5.0
2025/07/17 16:30:06	1014.2	1.0	27.3	27.2	82.0	82.0	281.0	40.0	5.1	5.1
2025/07/17 16:30:07	1014.2	1.0	27.4	27.2	81.0	82.0	284.0	42.0	4.8	4.8
2025/07/17 16:30:08	1014.2	1.0	27.4	27.2	81.0	82.0	282.0	40.0	4.8	4.8
2025/07/17 16:30:09	1014.2	1.0	27.4	27.2	81.0	82.0	273.0	32.0	4.7	4.7
2025/07/17 16:30:10	1014.2	1.0	27.4	27.2	81.0	82.0	270.0	29.0	5.0	5.0
2025/07/17 16:30:11	1014.2	1.0	27.4	27.2	81.0	82.0	274.0	32.0	4.9	4.9
2025/07/17 16:30:12	1014.2	1.0	27.4	27.2	81.0	82.0	275.0	31.0	4.2	4.5
2025/07/17 16:30:13	1014.2	1.0	27.4	27.2	81.0	82.0	275.0	31.0	4.3	4.6
2025/07/17 16:30:14	1014.2	1.0	27.4	27.2	81.0	82.0	277.0	35.0	4.5	4.5
2025/07/17 16:30:15	1014.2	1.0	27.4	27.2	82.0	82.0	277.0	35.0	4.3	4.3
2025/07/17 16:30:16	1014.2	1.0	27.4	27.2	82.0	82.0	277.0	32.0	4.1	4.4
2025/07/17 16:30:17	1014.2	1.0	27.4	27.2	82.0	82.0	276.0	31.0	4.1	4.4
2025/07/17 16:30:18	1014.2	1.0	27.4	27.2	81.0	82.0	274.0	33.0	4.7	4.7
2025/07/17 16:30:19	1014.2	1.0	27.4	27.2	81.0	82.0	276.0	35.0	4.6	4.6
2025/07/17 16:30:20	1014.2	1.0	27.4	27.2	82.0	82.0	282.0	41.0	5.1	5.1
2025/07/17 16:30:21	1014.2	1.0	27.4	27.2	82.0	82.0	285.0	41.0	4.8	5.0
2025/07/17 16:30:22	1014.2	1.0	27.4	27.2	82.0	82.0	280.0	38.0	4.8	4.8
2025/07/17 16:30:23	1014.2	1.0	27.4	27.2	82.0	82.0	280.0	38.0	4.2	4.2
2025/07/17 16:30:24	1014.2	1.0	27.4	27.2	82.0	82.0	277.0	35.0	4.1	4.1
2025/07/17 16:30:25	1014.2	1.0	27.4	27.2	82.0	82.0	275.0	33.0	4.3	4.3
2025/07/17 16:30:26	1014.2	1.0	27.4	27.2	81.0	82.0	276.0	34.0	4.3	4.3
2025/07/17 16:30:27	1014.2	1.0	27.4	27.2	81.0	82.0	269.0	28.0	4.6	4.6
2025/07/17 16:30:28	1014.2	1.0	27.4	27.2	82.0	82.0	275.0	34.0	4.5	4.5
2025/07/17 16:30:29	1014.2	1.0	27.4	27.2	82.0	82.0	281.0	39.0	4.4	4.4
2025/07/17 16:30:30	1014.2	1.0	27.4	27.2	82.0	82.0	286.0	44.0	4.6	4.6
2025/07/17 16:30:31	1014.2	1.0	27.4	27.2	82.0	82.0	290.0	48.0	4.7	4.7
2025/07/17 16:30:32	1014.2	1.0	27.4	27.2	82.0	82.0	286.0	44.0	5.1	5.1
2025/07/17 16:30:33	1014.2	1.0	27.4	27.2	82.0	82.0	281.0	40.0	5.3	5.3
2025/07/17 16:30:34	1014.2	1.0	27.4	27.2	82.0	82.0	277.0	36.0	4.9	4.9
2025/07/17 16:30:35	1014.2	1.0	27.4	27.2	82.0	82.0	271.0	30.0	4.2	4.2
2025/07/17 16:30:36	1014.2	1.0	27.4	27.2	81.0	82.0	271.0	30.0	3.8	3.8
2025/07/17 16:30:37	1014.2	1.0	27.4	27.2	81.0	82.0	274.0	33.0	4.1	4.1
2025/07/17 16:30:38	1014.2	1.0	27.4	27.2	81.0	82.0	278.0	36.0	4.3	4.3
2025/07/17 16:30:39	1014.2	1.0	27.4	27.2	82.0	82.0	280.0	39.0	4.4	4.4
2025/07/17 16:30:40	1014.2	1.0	27.4	27.2	82.0	82.0	284.0	42.0	4.7	4.7
2025/07/17 16:30:41	1014.2	1.0	27.4	27.2	81.0	82.0	288.0	47.0	5.2	5.2
2025/07/17 16:30:42	1014.2	1.0	27.4	27.2	81.0	82.0	290.0	49.0	5.4	5.4
2025/07/17 16:30:43	1014.2	1.0	27.4	27.2	81.0	82.0	292.0	49.0	5.0	5.2
2025/07/17 16:30:44	1014.2	1.0	27.4	27.2	82.0	82.0	291.0	49.0	5.1	5.1
2025/07/17 16:30:45	1014.2	1.0	27.4	27.2	82.0	82.0	286.0	45.0	4.5	4.5
2025/07/17 16:30:46	1014.2	1.0	27.4	27.2	81.0	82.0	284.0	40.0	4.0	4.2
2025/07/17 16:30:47	1014.2	1.0	27.4	27.2	81.0	82.0	283.0	38.0	4.2	4.5
2025/07/17 16:30:48	1014.2	1.0	27.4	27.2	81.0	82.0	280.0	36.0	4.7	4.9
2025/07/17 16:30:49	1014.2	1.0	27.4	27.2	82.0	82.0	280.0	39.0	5.3	5.3
2025/07/17 16:30:50	1014.2	1.0	27.4	27.1	82.0	82.0	288.0	45.0	4.8	5.0
2025/07/17 16:30:51	1014.2	1.0	27.4	27.1	82.0	82.0	287.0	43.0	4.6	4.8
2025/07/17 16:30:52	1014.2	1.0	27.4	27.1	82.0	82.0	285.0	41.0	4.6	4.8
2025/07/17 16:30:53	1014.2	1.0	27.4	27.1	82.0	82.0	283.0	41.0	4.7	4.7
2025/07/17 16:30:54	1014.2	1.0	27.4	27.1	81.0	82.0	287.0	43.0	4.5	4.7
2025/07/17 16:30:55	1014.2	1.0	27.4	27.1	81.0	82.0	291.0	46.0	4.8	5.0
2025/07/17 16:30:56	1014.2	1.0	27.4	27.1	81.0	82.0	289.0	48.0	5.3	5.3
2025/07/17 16:30:57	1014.2	1.0	27.3	27.1	82.0	82.0	289.0	47.0	5.4	5.4
2025/07/17 16:30:58	1014.2	1.0	27.3	27.1	82.0	82.0	289.0	45.0	4.8	5.0
2025/07/17 16:30:59	1014.2	1.0	27.3	27.1	82.0	82.0	283.0	41.0	4.8	4.8
2025/07/17 16:31:00	1014.2	1.0	27.3	27.1	82.0	82.0	282.0	40.0	4.8	4.8
2025/07/17 16:31:01	1014.2	1.0	27.3	27.1	82.0	82.0	281.0	39.0	4.7	4.7
2025/07/17 16:31:02	1014.2	1.0	27.3	27.1	82.0	82.0	279.0	37.0	4.5	4.5
2025/07/17 16:31:03	1014.2	1.0	27.3	27.1	82.0	82.0	285.0	43.0	4.9	4.9
2025/07/17 16:31:04	1014.2	1.0	27.3	27.1	82.0	82.0	289.0	48.0	4.9	4.9
2025/07/17 16:31:05	1014.2	1.0	27.3	27.1	81.0	82.0	294.0	53.0	5.1	5.1
2025/07/17 16:31:06	1014.1	1.0	27.3	27.1	81.0	83.0	295.0	51.0	5.3	5.5
2025/07/17 16:31:07	1014.1	1.0	27.3	27.1	81.0	83.0	290.0	49.0	5.3	5.3
2025/07/17 16:31:08	1014.1	1.0	27.3	27.1	81.0	83.0	285.0	43.0	5.1	5.1
2025/07/17 16:31:09	1014.1	1.0	27.3	27.1	81.0	83.0	284.0	42.0	4.9	4.9
2025/07/17 16:31:10	1014.1	1.0	27.3	27.1	82.0	83.0	288.0	46.0	4.6	4.6
2025/07/17 16:31:11	1014.1	1.0	27.3	27.0	82.0	83.0	290.0	48.0	4.4	4.4
2025/07/17 16:31:12	1014.1	1.0	27.3	27.0	82.0	83.0	287.0	45.0	4.8	4.8
2025/07/17 16:31:13	1014.1	1.0	27.3	27.0	82.0	83.0	284.0	43.0	5.4	5.4
2025/07/17 16:31:14	1014.1	1.0	27.3	27.0	82.0	83.0	283.0	42.0	5.5	5.5
2025/07/17 16:31:15	1014.2	1.0	27.3	27.0	82.0	83.0	282.0	40.0	4.9	4.9
2025/07/17 16:31:16	1014.2	1.0	27.3	27.0	82.0	83.0	284.0	42.0	4.8	4.8
2025/07/17 16:31:17	1014.2	1.0	27.3	27.0	82.0	83.0	283.0	41.0	4.6	4.6
2025/07/17 16:31:18	1014.2	1.0	27.3	27.0	82.0	83.0	283.0	41.0	4.7	4.7
2025/07/17 16:31:19	1014.2	1.0	27.3	27.0	82.0	83.0	284.0	42.0	4.6	4.6
2025/07/17 16:31:20	1014.2	1.0	27.3	27.0	82.0	83.0	287.0	45.0	5.0	5.0
2025/07/17 16:31:21	1014.2	1.0	27.3	27.0	82.0	83.0	288.0	47.0	5.2	5.2
2025/07/17 16:31:22	1014.2	1.0	27.3	27.0	82.0	83.0	289.0	47.0	5.3	5.3
2025/07/17 16:31:23	1014.2	1.0	27.3	27.0	82.0	83.0	290.0	48.0	5.2	5.2
2025/07/17 16:31:24	1014.2	1.0	27.3	27.0	82.0	83.0	290.0	48.0	5.2	5.2
2025/07/17 16:31:25	1014.2	1.0	27.3	27.0	82.0	83.0	290.0	48.0	5.1	5.1
2025/07/17 16:31:26	1014.2	1.0	27.3	27.0	82.0	83.0	286.0	44.0	4.9	4.9
2025/07/17 16:31:27	1014.2	1.0	27.3	27.0	82.0	83.0	283.0	41.0	4.8	4.8
2025/07/17 16:31:28	1014.2	1.0	27.3	27.0	82.0	83.0	287.0	45.0	4.6	4.6
2025/07/17 16:31:29	1014.2	1.0	27.3	27.0	82.0	83.0	292.0	50.0	4.8	4.8
2025/07/17 16:31:30	1014.2	1.0	27.3	27.0	82.0	83.0	293.0	51.0	5.1	5.1
2025/07/17 16:31:31	1014.2	1.0	27.3	27.0	82.0	83.0	289.0	47.0	5.4	5.4
2025/07/17 16:31:32	1014.2	1.0	27.3	27.0	82.0	83.0	288.0	46.0	5.3	5.3
2025/07/17 16:31:33	1014.2	1.0	27.3	27.0	82.0	83.0	288.0	46.0	5.2	5.2
2025/07/17 16:31:34	1014.2	1.0	27.3	27.0	82.0	83.0	288.0	47.0	5.0	5.0
2025/07/17 16:31:35	1014.2	1.0	27.3	27.0	82.0	83.0	290.0	48.0	5.2	5.2
2025/07/17 16:31:36	1014.2	1.0	27.3	27.0	82.0	83.0	291.0	48.0	5.3	5.3
2025/07/17 16:31:37	1014.2	1.0	27.3	27.0	82.0	83.0	293.0	51.0	5.5	5.5
2025/07/17 16:31:38	1014.2	1.0	27.3	26.9	82.0	83.0	297.0	53.0	5.3	5.5
2025/07/17 16:31:39	1014.2	1.0	27.3	26.9	82.0	83.0	291.0	49.0	5.4	5.4
2025/07/17 16:31:40	1014.2	1.0	27.3	26.9	82.0	83.0	286.0	44.0	5.0	5.0
2025/07/17 16:31:41	1014.2	1.0	27.3	26.9	82.0	83.0	282.0	41.0	4.6	4.6
2025/07/17 16:31:42	1014.1	1.0	27.3	26.9	82.0	83.0	280.0	38.0	4.6	4.6
2025/07/17 16:31:43	1014.1	1.0	27.3	26.9	82.0	83.0	282.0	40.0	5.1	5.1
2025/07/17 16:31:44	1014.1	1.0	27.3	26.9	82.0	83.0	287.0	45.0	5.3	5.3
2025/07/17 16:31:45	1014.1	1.0	27.3	26.9	82.0	83.0	292.0	50.0	5.2	5.2
2025/07/17 16:31:46	1014.1	1.0	27.3	26.9	82.0	83.0	296.0	54.0	5.0	5.0
2025/07/17 16:31:47	1014.1	1.0	27.3	26.9	82.0	83.0	295.0	54.0	5.0	5.0
2025/07/17 16:31:48	1014.1	1.0	27.3	26.9	82.0	83.0	291.0	50.0	5.1	5.1
2025/07/17 16:31:49	1014.1	1.0	27.2	26.9	82.0	83.0	287.0	46.0	5.4	5.4
2025/07/17 16:31:50	1014.1	1.0	27.2	26.9	82.0	83.0	288.0	44.0	5.2	5.4
2025/07/17 16:31:51	1014.1	1.0	27.2	26.9	82.0	83.0	287.0	45.0	5.3	5.3
2025/07/17 16:31:52	1014.1	1.0	27.2	26.9	82.0	83.0	287.0	45.0	5.1	5.1
2025/07/17 16:31:53	1014.1	1.0	27.2	26.9	82.0	83.0	288.0	44.0	4.5	4.7
2025/07/17 16:31:54	1014.1	1.0	27.2	26.9	82.0	83.0	288.0	44.0	4.3	4.5
2025/07/17 16:31:55	1014.1	1.0	27.2	26.9	82.0	83.0	283.0	42.0	4.6	4.6
2025/07/17 16:31:56	1014.1	1.0	27.2	26.9	82.0	83.0	281.0	40.0	5.1	5.1
2025/07/17 16:31:57	1014.1	1.0	27.2	26.9	82.0	83.0	283.0	41.0	5.5	5.5
2025/07/17 16:31:58	1014.1	1.0	27.2	26.9	82.0	83.0	290.0	46.0	5.5	5.7
2025/07/17 16:31:59	1014.1	1.0	27.2	26.9	82.0	83.0	293.0	51.0	5.6	5.6
2025/07/17 16:32:00	1014.1	1.0	27.2	26.9	82.0	83.0	295.0	54.0	5.5	5.5
2025/07/17 16:32:01	1014.1	1.0	27.2	26.9	82.0	83.0	294.0	53.0	5.4	5.4
2025/07/17 16:32:02	1014.1	1.0	27.2	26.9	82.0	83.0	291.0	50.0	5.1	5.1
2025/07/17 16:32:03	1014.1	1.0	27.2	26.9	82.0	83.0	284.0	43.0	5.2	5.2
2025/07/17 16:32:04	1014.1	1.0	27.2	26.9	82.0	82.0	282.0	41.0	5.6	5.6
2025/07/17 16:32:05	1014.1	1.0	27.2	26.9	81.0	82.0	280.0	39.0	5.7	5.7
2025/07/17 16:32:06	1014.1	1.0	27.2	26.8	81.0	82.0	282.0	40.0	5.5	5.5
2025/07/17 16:32:07	1014.1	1.0	27.2	26.8	81.0	82.0	287.0	45.0	5.1	5.1
2025/07/17 16:32:08	1014.1	1.0	27.2	26.8	82.0	82.0	290.0	49.0	4.9	4.9
2025/07/17 16:32:09	1014.2	1.0	27.2	26.8	82.0	82.0	289.0	48.0	5.0	5.0
2025/07/17 16:32:10	1014.2	1.0	27.2	26.8	81.0	82.0	286.0	44.0	5.2	5.2
2025/07/17 16:32:11	1014.2	1.0	27.2	26.8	81.0	82.0	286.0	44.0	5.6	5.6
2025/07/17 16:32:12	1014.2	1.0	27.2	26.8	81.0	82.0	285.0	43.0	5.8	5.8
2025/07/17 16:32:13	1014.2	1.0	27.1	26.8	81.0	82.0	288.0	46.0	5.5	5.5
2025/07/17 16:32:14	1014.2	1.0	27.1	26.8	81.0	82.0	290.0	48.0	5.1	5.1
2025/07/17 16:32:15	1014.2	1.0	27.1	26.8	81.0	82.0	291.0	50.0	4.9	4.9
2025/07/17 16:32:16	1014.2	1.0	27.1	26.8	82.0	82.0	287.0	46.0	4.9	4.9
2025/07/17 16:32:17	1014.2	1.0	27.1	26.8	82.0	83.0	283.0	41.0	5.1	5.1
2025/07/17 16:32:18	1014.1	1.0	27.1	26.8	81.0	83.0	283.0	41.0	5.2	5.2
2025/07/17 16:32:19	1014.1	1.0	27.1	26.8	81.0	83.0	286.0	44.0	4.9	4.9
2025/07/17 16:32:20	1014.1	1.0	27.1	26.8	81.0	82.0	289.0	47.0	4.5	4.5
2025/07/17 16:32:21	1014.1	1.0	27.1	26.8	82.0	82.0	289.0	47.0	4.2	4.2
2025/07/17 16:32:22	1014.1	1.0	27.1	26.8	82.0	83.0	289.0	47.0	4.6	4.6
2025/07/17 16:32:23	1014.1	1.0	27.1	26.8	82.0	83.0	291.0	49.0	5.3	5.3
2025/07/17 16:32:24	1014.1	1.0	27.1	26.8	82.0	83.0	292.0	50.0	6.0	6.0
2025/07/17 16:32:25	1014.1	1.0	27.1	26.8	82.0	83.0	295.0	54.0	5.8	5.8
2025/07/17 16:32:26	1014.1	1.0	27.1	26.8	82.0	83.0	298.0	57.0	5.1	5.1
2025/07/17 16:32:27	1014.2	1.0	27.1	26.8	82.0	83.0	298.0	56.0	4.8	4.8
2025/07/17 16:32:28	1014.2	1.0	27.1	26.9	82.0	83.0	292.0	50.0	4.9	4.9
2025/07/17 16:32:29	1014.2	1.0	27.1	26.9	81.0	83.0	287.0	45.0	5.1	5.1
2025/07/17 16:32:30	1014.2	1.0	27.1	26.9	81.0	83.0	283.0	41.0	5.1	5.1
2025/07/17 16:32:31	1014.2	1.0	27.1	26.9	81.0	83.0	285.0	43.0	4.8	4.8
2025/07/17 16:32:32	1014.2	1.0	27.1	26.9	82.0	83.0	287.0	46.0	4.7	4.7
2025/07/17 16:32:33	1014.2	1.0	27.1	26.9	82.0	83.0	289.0	48.0	4.7	4.7
2025/07/17 16:32:34	1014.2	1.0	27.1	26.9	82.0	83.0	290.0	49.0	4.8	4.8
2025/07/17 16:32:35	1014.2	1.0	27.1	26.9	82.0	83.0	292.0	51.0	4.9	4.9
2025/07/17 16:32:36	1014.2	1.0	27.1	26.9	82.0	83.0	295.0	53.0	4.9	4.9
2025/07/17 16:32:37	1014.2	1.0	27.1	26.9	82.0	83.0	299.0	57.0	5.1	5.1
2025/07/17 16:32:38	1014.2	1.0	27.1	26.9	82.0	83.0	303.0	59.0	5.5	5.6
2025/07/17 16:32:39	1014.2	1.0	27.1	26.9	82.0	83.0	301.0	56.0	5.5	5.7
2025/07/17 16:32:40	1014.2	1.0	27.1	26.9	82.0	83.0	293.0	51.0	5.5	5.5
2025/07/17 16:32:41	1014.2	1.0	27.1	26.9	82.0	83.0	290.0	48.0	4.8	4.8
2025/07/17 16:32:42	1014.2	1.0	27.1	26.9	81.0	83.0	292.0	47.0	3.9	4.1
2025/07/17 16:32:43	1014.2	1.0	27.1	26.9	81.0	83.0	293.0	48.0	3.7	3.9
2025/07/17 16:32:44	1014.2	1.0	27.1	26.9	81.0	83.0	290.0	49.0	4.2	4.2
2025/07/17 16:32:45	1014.1	1.0	27.1	26.9	82.0	83.0	294.0	50.0	4.6	4.8
2025/07/17 16:32:46	1014.1	1.0	27.1	26.9	82.0	83.0	296.0	51.0	5.3	5.5
2025/07/17 16:32:47	1014.1	1.0	27.1	26.9	81.0	83.0	293.0	49.0	5.3	5.5
2025/07/17 16:32:48	1014.1	1.0	27.1	26.9	81.0	83.0	291.0	49.0	5.1	5.1
2025/07/17 16:32:49	1014.1	1.0	27.1	26.9	81.0	83.0	293.0	49.0	4.9	5.1
2025/07/17 16:32:50	1014.1	1.0	27.1	26.9	81.0	83.0	294.0	52.0	5.2	5.2
2025/07/17 16:32:51	1014.1	1.0	27.1	26.9	81.0	83.0	297.0	55.0	5.2	5.2
2025/07/17 16:32:52	1014.1	1.0	27.1	26.9	82.0	83.0	296.0	54.0	5.5	5.5
2025/07/17 16:32:53	1014.1	1.0	27.1	26.8	82.0	83.0	294.0	52.0	5.5	5.5
2025/07/17 16:32:54	1014.1	1.0	27.1	26.8	82.0	83.0	294.0	52.0	5.6	5.6
2025/07/17 16:32:55	1014.1	1.0	27.1	26.8	81.0	83.0	293.0	51.0	5.9	5.9
2025/07/17 16:32:56	1014.1	1.0	27.1	26.8	81.0	83.0	294.0	52.0	5.5	5.5
2025/07/17 16:32:57	1014.1	1.0	27.1	26.8	81.0	83.0	291.0	50.0	4.9	4.9
2025/07/17 16:32:58	1014.1	1.0	27.1	26.8	81.0	83.0	285.0	44.0	4.6	4.6
2025/07/17 16:32:59	1014.1	1.0	27.1	26.8	81.0	83.0	282.0	40.0	4.6	4.6
2025/07/17 16:33:00	1014.1	1.0	27.1	26.8	82.0	83.0	286.0	43.0	4.8	5.0
2025/07/17 16:33:01	1014.1	1.0	27.1	26.8	82.0	83.0	289.0	47.0	5.5	5.5
2025/07/17 16:33:02	1014.1	1.0	27.1	26.8	82.0	83.0	291.0	50.0	5.6	5.6
2025/07/17 16:33:03	1014.2	1.0	27.1	26.8	81.0	83.0	293.0	52.0	5.6	5.6
2025/07/17 16:33:04	1014.2	1.0	27.1	26.8	81.0	83.0	291.0	50.0	5.2	5.2
2025/07/17 16:33:05	1014.2	1.0	27.1	26.8	81.0	83.0	286.0	45.0	5.3	5.3
2025/07/17 16:33:06	1014.2	1.0	27.1	26.8	81.0	83.0	281.0	40.0	4.8	4.8
2025/07/17 16:33:07	1014.2	1.0	27.1	26.9	81.0	83.0	284.0	42.0	5.1	5.1
2025/07/17 16:33:08	1014.2	1.0	27.1	26.9	81.0	83.0	283.0	41.0	5.2	5.2
2025/07/17 16:33:09	1014.2	1.0	27.1	26.9	81.0	83.0	287.0	45.0	5.5	5.5
2025/07/17 16:33:10	1014.2	1.0	27.1	26.9	81.0	83.0	283.0	42.0	5.1	5.1
2025/07/17 16:33:11	1014.2	1.0	27.1	26.9	81.0	83.0	281.0	40.0	4.8	4.8
2025/07/17 16:33:12	1014.2	1.0	27.1	26.9	81.0	83.0	286.0	44.0	5.3	5.3
2025/07/17 16:33:13	1014.2	1.0	27.2	26.9	82.0	83.0	286.0	43.0	5.3	5.5
2025/07/17 16:33:14	1014.2	1.0	27.2	26.9	82.0	83.0	281.0	39.0	5.1	5.1
2025/07/17 16:33:15	1014.2	1.0	27.2	26.9	82.0	83.0	285.0	43.0	5.3	5.3
2025/07/17 16:33:16	1014.2	1.0	27.2	26.9	82.0	83.0	289.0	48.0	5.2	5.2
2025/07/17 16:33:17	1014.2	1.0	27.2	26.9	82.0	83.0	292.0	50.0	5.2	5.2
2025/07/17 16:33:18	1014.2	1.0	27.2	26.9	82.0	83.0	294.0	52.0	5.3	5.3
2025/07/17 16:33:19	1014.2	1.0	27.2	26.9	82.0	83.0	294.0	52.0	5.3	5.3
2025/07/17 16:33:20	1014.2	1.0	27.2	26.9	82.0	83.0	292.0	51.0	5.5	5.5
2025/07/17 16:33:21	1014.2	1.0	27.2	26.9	82.0	83.0	289.0	47.0	5.6	5.6
2025/07/17 16:33:22	1014.2	1.0	27.2	26.9	82.0	83.0	286.0	44.0	5.0	5.0
2025/07/17 16:33:23	1014.2	1.0	27.2	26.9	82.0	83.0	286.0	44.0	4.4	4.4
2025/07/17 16:33:24	1014.2	1.0	27.2	26.9	81.0	83.0	288.0	46.0	4.7	4.7
2025/07/17 16:33:25	1014.2	1.0	27.2	26.9	81.0	83.0	290.0	48.0	5.1	5.1
2025/07/17 16:33:26	1014.2	1.0	27.2	26.9	81.0	83.0	291.0	49.0	5.4	5.4
2025/07/17 16:33:27	1014.2	1.0	27.2	26.9	81.0	83.0	293.0	51.0	5.5	5.5
2025/07/17 16:33:28	1014.2	1.0	27.2	26.9	81.0	83.0	294.0	52.0	5.1	5.1
2025/07/17 16:33:29	1014.2	1.0	27.2	26.9	82.0	83.0	295.0	53.0	5.2	5.2
2025/07/17 16:33:30	1014.2	1.0	27.2	26.9	82.0	83.0	293.0	51.0	5.4	5.4
2025/07/17 16:33:31	1014.2	1.0	27.2	26.9	82.0	83.0	288.0	46.0	5.7	5.7
2025/07/17 16:33:32	1014.2	1.0	27.2	26.9	82.0	83.0	283.0	41.0	5.5	5.5
2025/07/17 16:33:33	1014.2	1.0	27.2	26.9	82.0	83.0	285.0	43.0	5.2	5.2
2025/07/17 16:33:34	1014.2	1.0	27.2	26.9	82.0	83.0	288.0	45.0	4.9	4.9
2025/07/17 16:33:35	1014.2	1.0	27.1	26.9	81.0	83.0	289.0	47.0	4.9	4.9
2025/07/17 16:33:36	1014.2	1.0	27.1	26.8	81.0	83.0	287.0	45.0	4.9	4.9
2025/07/17 16:33:37	1014.2	1.0	27.1	26.8	81.0	83.0	284.0	42.0	4.9	4.9
2025/07/17 16:33:38	1014.2	1.0	27.1	26.8	81.0	83.0	281.0	39.0	5.0	5.0
2025/07/17 16:33:39	1014.1	1.0	27.1	26.8	81.0	83.0	287.0	44.0	5.3	5.3
2025/07/17 16:33:40	1014.1	1.0	27.1	26.8	81.0	83.0	292.0	50.0	5.7	5.7
2025/07/17 16:33:41	1014.1	1.0	27.1	26.8	81.0	83.0	294.0	52.0	6.0	6.0
2025/07/17 16:33:42	1014.1	1.0	27.1	26.8	81.0	83.0	295.0	51.0	5.7	5.9
2025/07/17 16:33:43	1014.1	1.0	27.1	26.8	81.0	83.0	292.0	49.0	5.4	5.6
2025/07/17 16:33:44	1014.1	1.0	27.1	26.8	81.0	83.0	290.0	48.0	5.4	5.4
2025/07/17 16:33:45	1014.1	1.0	27.1	26.8	81.0	83.0	291.0	49.0	5.0	5.0
2025/07/17 16:33:46	1014.1	1.0	27.1	26.8	81.0	83.0	290.0	48.0	4.7	4.7
2025/07/17 16:33:47	1014.1	1.0	27.1	26.8	81.0	83.0	287.0	45.0	4.9	4.9
2025/07/17 16:33:48	1014.1	1.0	27.1	26.8	81.0	83.0	284.0	42.0	5.0	5.0
2025/07/17 16:33:49	1014.1	1.0	27.1	26.8	81.0	83.0	285.0	43.0	5.2	5.2
2025/07/17 16:33:50	1014.1	1.0	27.1	26.8	82.0	83.0	288.0	46.0	5.4	5.4
2025/07/17 16:33:51	1014.1	1.0	27.1	26.8	82.0	83.0	290.0	48.0	5.4	5.4
2025/07/17 16:33:52	1014.1	1.0	27.1	26.8	82.0	83.0	293.0	51.0	5.3	5.3
2025/07/17 16:33:53	1014.1	1.0	27.1	26.8	82.0	83.0	295.0	53.0	5.3	5.3
2025/07/17 16:33:54	1014.1	1.0	27.1	26.8	82.0	83.0	295.0	53.0	5.3	5.3
2025/07/17 16:33:55	1014.1	1.0	27.1	26.8	81.0	83.0	294.0	52.0	5.6	5.6
2025/07/17 16:33:56	1014.1	1.0	27.1	26.8	81.0	83.0	292.0	50.0	5.7	5.7
2025/07/17 16:33:57	1014.1	1.0	27.1	26.8	81.0	83.0	290.0	48.0	5.4	5.4
2025/07/17 16:33:58	1014.1	1.0	27.1	26.8	82.0	83.0	291.0	48.0	5.1	5.1
2025/07/17 16:33:59	1014.1	1.0	27.1	26.9	82.0	83.0	290.0	47.0	4.9	4.9
2025/07/17 16:34:00	1014.1	1.0	27.1	26.9	82.0	83.0	287.0	44.0	4.8	4.8
2025/07/17 16:34:01	1014.1	1.0	27.1	26.9	82.0	83.0	288.0	46.0	5.2	5.2
2025/07/17 16:34:02	1014.1	1.0	27.1	26.9	82.0	83.0	287.0	45.0	5.3	5.3
2025/07/17 16:34:03	1014.1	1.0	27.1	26.9	82.0	83.0	289.0	47.0	5.3	5.3
2025/07/17 16:34:04	1014.1	1.0	27.1	26.9	82.0	83.0	290.0	48.0	5.0	5.0
2025/07/17 16:34:05	1014.1	1.0	27.1	26.9	82.0	83.0	289.0	47.0	4.8	4.8
2025/07/17 16:34:06	1014.2	1.0	27.1	26.9	82.0	83.0	290.0	47.0	5.0	5.0
2025/07/17 16:34:07	1014.2	1.0	27.1	26.9	82.0	83.0	288.0	45.0	5.4	5.4
2025/07/17 16:34:08	1014.2	1.0	27.1	26.9	82.0	83.0	288.0	45.0	5.8	5.8
2025/07/17 16:34:09	1014.2	1.0	27.1	26.9	82.0	83.0	288.0	46.0	5.7	5.7
2025/07/17 16:34:10	1014.2	1.0	27.1	26.9	82.0	83.0	289.0	47.0	5.1	5.1
2025/07/17 16:34:11	1014.2	1.0	27.1	26.9	82.0	83.0	289.0	47.0	4.7	4.7
2025/07/17 16:34:12	1014.2	1.0	27.1	26.9	82.0	83.0	283.0	40.0	4.9	4.9
2025/07/17 16:34:13	1014.2	1.0	27.1	26.9	82.0	83.0	277.0	35.0	5.2	5.2
2025/07/17 16:34:14	1014.2	1.0	27.1	26.9	82.0	83.0	280.0	37.0	5.2	5.2
2025/07/17 16:34:15	1014.1	1.0	27.1	26.9	82.0	83.0	287.0	45.0	4.7	4.7
2025/07/17 16:34:16	1014.1	1.0	27.1	26.9	82.0	83.0	293.0	51.0	4.6	4.6
2025/07/17 16:34:17	1014.1	1.0	27.1	26.9	82.0	83.0	296.0	53.0	4.9	4.9
2025/07/17 16:34:18	1014.1	1.0	27.1	26.9	82.0	83.0	295.0	52.0	5.3	5.3
2025/07/17 16:34:19	1014.1	1.0	27.1	26.9	81.0	83.0	293.0	51.0	5.4	5.4
2025/07/17 16:34:20	1014.1	1.0	27.1	26.9	81.0	83.0	290.0	48.0	5.4	5.4
2025/07/17 16:34:21	1014.1	1.0	27.1	26.9	81.0	83.0	288.0	46.0	5.2	5.2
2025/07/17 16:34:22	1014.1	1.0	27.1	26.9	81.0	83.0	288.0	45.0	4.8	4.8
2025/07/17 16:34:23	1014.1	1.0	27.1	26.9	81.0	83.0	293.0	51.0	4.5	4.5
2025/07/17 16:34:24	1014.1	1.0	27.1	26.9	82.0	83.0	296.0	54.0	4.5	4.5
2025/07/17 16:34:25	1014.1	1.0	27.1	26.9	82.0	83.0	293.0	50.0	4.7	4.7
2025/07/17 16:34:26	1014.1	1.0	27.1	26.9	82.0	83.0	289.0	47.0	5.0	5.0
2025/07/17 16:34:27	1014.1	1.0	27.2	26.9	81.0	83.0	286.0	44.0	4.9	4.9
2025/07/17 16:34:28	1014.1	1.0	27.2	26.9	81.0	83.0	284.0	41.0	4.6	4.6
2025/07/17 16:34:29	1014.1	1.0	27.2	26.9	81.0	83.0	284.0	42.0	4.2	4.2
2025/07/17 16:34:30	1014.1	1.0	27.2	26.9	81.0	83.0	287.0	45.0	4.4	4.4
2025/07/17 16:34:31	1014.1	1.0	27.2	26.9	81.0	83.0	289.0	47.0	4.7	4.7
2025/07/17 16:34:32	1014.1	1.0	27.1	26.9	82.0	83.0	290.0	48.0	4.9	4.9
2025/07/17 16:34:33	1014.1	1.0	27.1	26.9	82.0	83.0	293.0	51.0	5.0	5.0
2025/07/17 16:34:34	1014.1	1.0	27.1	26.9	82.0	83.0	293.0	51.0	5.1	5.1
2025/07/17 16:34:35	1014.1	1.0	27.1	26.9	81.0	83.0	291.0	49.0	5.0	5.0
2025/07/17 16:34:36	1014.1	1.0	27.1	26.9	81.0	82.0	287.0	45.0	4.8	4.8
2025/07/17 16:34:37	1014.1	1.0	27.1	26.9	81.0	82.0	287.0	45.0	4.8	4.8
2025/07/17 16:34:38	1014.1	1.0	27.1	26.9	82.0	82.0	291.0	49.0	4.8	4.8
2025/07/17 16:34:39	1014.1	1.0	27.1	26.9	82.0	82.0	292.0	50.0	5.1	5.1
2025/07/17 16:34:40	1014.1	1.0	27.1	26.9	81.0	82.0	289.0	47.0	5.2	5.2
2025/07/17 16:34:41	1014.1	1.0	27.1	26.9	81.0	82.0	287.0	45.0	5.0	5.0
2025/07/17 16:34:42	1014.1	1.0	27.1	26.9	81.0	82.0	284.0	43.0	4.5	4.5
2025/07/17 16:34:43	1014.1	1.0	27.1	26.9	81.0	82.0	285.0	43.0	4.5	4.5
2025/07/17 16:34:44	1014.1	1.0	27.1	26.9	81.0	82.0	288.0	46.0	4.8	4.8
2025/07/17 16:34:45	1014.1	1.0	27.1	26.9	81.0	82.0	291.0	49.0	5.4	5.4
2025/07/17 16:34:46	1014.1	1.0	27.1	26.9	81.0	82.0	294.0	52.0	5.6	5.6
2025/07/17 16:34:47	1014.1	1.0	27.1	26.8	81.0	82.0	297.0	55.0	5.4	5.4
2025/07/17 16:34:48	1014.1	1.0	27.1	26.8	81.0	82.0	297.0	56.0	5.2	5.2
2025/07/17 16:34:49	1014.1	1.0	27.1	26.8	81.0	82.0	292.0	51.0	5.0	5.0
2025/07/17 16:34:50	1014.1	1.0	27.1	26.8	81.0	82.0	288.0	46.0	4.7	4.7
2025/07/17 16:34:51	1014.2	1.0	27.1	26.8	81.0	82.0	284.0	43.0	4.3	4.3
2025/07/17 16:34:52	1014.2	1.0	27.1	26.8	81.0	82.0	285.0	43.0	4.3	4.3
2025/07/17 16:34:53	1014.2	1.0	27.1	26.8	81.0	82.0	286.0	45.0	4.4	4.4
2025/07/17 16:34:54	1014.2	1.0	27.1	26.8	81.0	82.0	284.0	43.0	4.6	4.6
2025/07/17 16:34:55	1014.2	1.0	27.1	26.8	81.0	82.0	285.0	44.0	4.7	4.7
2025/07/17 16:34:56	1014.2	1.0	27.1	26.8	81.0	82.0	288.0	47.0	4.4	4.4
2025/07/17 16:34:57	1014.2	1.0	27.1	26.8	81.0	82.0	294.0	52.0	4.2	4.2
2025/07/17 16:34:58	1014.2	1.0	27.1	26.8	81.0	82.0	299.0	58.0	4.3	4.3
2025/07/17 16:34:59	1014.2	1.0	27.1	26.8	81.0	82.0	299.0	57.0	4.7	4.7
2025/07/17 16:35:00	1014.1	1.0	27.1	26.8	81.0	82.0	294.0	52.0	5.3	5.3
2025/07/17 16:35:01	1014.1	1.0	27.1	26.8	81.0	82.0	290.0	49.0	5.6	5.6
2025/07/17 16:35:02	1014.1	1.0	27.1	26.8	81.0	82.0	290.0	49.0	5.3	5.3
2025/07/17 16:35:03	1014.1	1.0	27.1	26.8	81.0	82.0	295.0	51.0	4.5	4.7
2025/07/17 16:35:04	1014.1	1.0	27.1	26.8	81.0	82.0	294.0	53.0	4.3	4.3
2025/07/17 16:35:05	1014.1	1.0	27.1	26.8	81.0	82.0	290.0	48.0	4.3	4.3
2025/07/17 16:35:06	1014.1	1.0	27.1	26.8	81.0	82.0	286.0	44.0	4.6	4.6
2025/07/17 16:35:07	1014.1	1.0	27.1	26.8	81.0	82.0	285.0	43.0	4.9	4.9
2025/07/17 16:35:08	1014.1	1.0	27.1	26.8	81.0	82.0	288.0	47.0	5.1	5.1
2025/07/17 16:35:09	1014.1	1.0	27.1	26.8	81.0	82.0	292.0	51.0	5.2	5.2
2025/07/17 16:35:10	1014.1	1.0	27.1	26.8	81.0	82.0	293.0	52.0	5.2	5.2
2025/07/17 16:35:11	1014.1	1.0	27.1	26.8	81.0	82.0	294.0	53.0	5.1	5.1
2025/07/17 16:35:12	1014.1	1.0	27.1	26.8	81.0	82.0	292.0	51.0	4.8	4.8
2025/07/17 16:35:13	1014.1	1.0	27.1	26.8	81.0	82.0	291.0	50.0	4.8	4.8
2025/07/17 16:35:14	1014.1	1.0	27.1	26.8	81.0	82.0	289.0	47.0	5.0	5.0
2025/07/17 16:35:15	1014.1	1.0	27.1	26.8	81.0	82.0	290.0	48.0	4.9	4.9
2025/07/17 16:35:16	1014.1	1.0	27.1	26.8	81.0	82.0	292.0	50.0	4.7	4.7
2025/07/17 16:35:17	1014.1	1.0	27.1	26.8	81.0	82.0	293.0	52.0	4.7	4.7
2025/07/17 16:35:18	1014.1	1.0	27.1	26.9	81.0	82.0	297.0	56.0	4.6	4.6
2025/07/17 16:35:19	1014.1	1.0	27.1	26.9	81.0	82.0	296.0	54.0	4.5	4.5
2025/07/17 16:35:20	1014.1	1.0	27.1	26.9	81.0	82.0	290.0	49.0	4.7	4.7
2025/07/17 16:35:21	1014.1	1.0	27.1	26.9	81.0	82.0	287.0	45.0	4.9	4.9
2025/07/17 16:35:22	1014.1	1.0	27.1	26.9	81.0	82.0	289.0	48.0	4.9	4.9
2025/07/17 16:35:23	1014.1	1.0	27.1	26.9	81.0	82.0	294.0	52.0	4.9	4.9
2025/07/17 16:35:24	1014.1	1.0	27.1	26.9	81.0	82.0	295.0	54.0	4.9	4.9
2025/07/17 16:35:25	1014.1	1.0	27.1	26.9	81.0	82.0	293.0	52.0	4.9	4.9
2025/07/17 16:35:26	1014.1	1.0	27.1	26.9	81.0	82.0	290.0	49.0	5.0	5.0
2025/07/17 16:35:27	1014.2	1.0	27.1	26.9	81.0	82.0	291.0	50.0	4.8	4.8
2025/07/17 16:35:28	1014.2	1.0	27.1	26.9	81.0	82.0	290.0	48.0	5.0	5.0
2025/07/17 16:35:29	1014.2	1.0	27.1	26.9	81.0	82.0	292.0	50.0	5.1	5.1
2025/07/17 16:35:30	1014.2	1.0	27.1	26.9	81.0	82.0	291.0	50.0	4.8	4.8
2025/07/17 16:35:31	1014.2	1.0	27.1	26.9	81.0	82.0	292.0	51.0	4.7	4.7
2025/07/17 16:35:32	1014.2	1.0	27.1	26.9	81.0	82.0	293.0	52.0	4.8	4.8
2025/07/17 16:35:33	1014.2	1.0	27.1	26.9	81.0	82.0	295.0	54.0	4.8	4.8
2025/07/17 16:35:34	1014.2	1.0	27.1	26.9	81.0	82.0	294.0	52.0	4.9	4.9
2025/07/17 16:35:35	1014.2	1.0	27.1	26.9	81.0	82.0	293.0	50.0	4.5	4.7
2025/07/17 16:35:36	1014.2	1.0	27.1	26.9	81.0	82.0	289.0	47.0	4.3	4.3
2025/07/17 16:35:37	1014.2	1.0	27.1	26.9	81.0	82.0	286.0	45.0	4.3	4.3
2025/07/17 16:35:38	1014.2	1.0	27.1	26.9	81.0	82.0	285.0	44.0	4.5	4.5
2025/07/17 16:35:39	1014.2	1.0	27.1	26.9	81.0	82.0	286.0	44.0	5.0	5.0
2025/07/17 16:35:40	1014.2	1.0	27.1	26.9	81.0	82.0	288.0	47.0	5.2	5.2
2025/07/17 16:35:41	1014.2	1.0	27.1	26.9	81.0	82.0	292.0	51.0	4.9	4.9
2025/07/17 16:35:42	1014.2	1.0	27.1	26.9	81.0	82.0	293.0	52.0	4.4	4.4
2025/07/17 16:35:43	1014.2	1.0	27.1	26.9	81.0	82.0	292.0	51.0	4.6	4.6
2025/07/17 16:35:44	1014.2	1.0	27.1	26.9	81.0	82.0	287.0	45.0	5.1	5.1
2025/07/17 16:35:45	1014.1	1.0	27.1	26.9	81.0	81.0	283.0	39.0	5.2	5.4
2025/07/17 16:35:46	1014.1	1.0	27.1	26.9	81.0	81.0	279.0	38.0	4.9	4.9
2025/07/17 16:35:47	1014.1	1.0	27.1	26.9	81.0	81.0	287.0	43.0	3.9	4.1
2025/07/17 16:35:48	1014.1	1.0	27.1	26.9	81.0	81.0	294.0	53.0	3.7	3.7
2025/07/17 16:35:49	1014.1	1.0	27.1	26.9	81.0	81.0	295.0	54.0	4.5	4.5
2025/07/17 16:35:50	1014.1	1.0	27.1	26.9	81.0	81.0	291.0	49.0	5.2	5.2
2025/07/17 16:35:51	1014.1	1.0	27.1	26.9	81.0	81.0	291.0	47.0	5.1	5.3
2025/07/17 16:35:52	1014.1	1.0	27.1	26.9	81.0	81.0	288.0	44.0	4.5	4.7
2025/07/17 16:35:53	1014.1	1.0	27.1	26.9	81.0	81.0	287.0	46.0	4.1	4.1
2025/07/17 16:35:54	1014.1	1.0	27.1	26.9	81.0	81.0	290.0	46.0	4.0	4.2
2025/07/17 16:35:55	1014.1	1.0	27.1	26.9	81.0	81.0	294.0	49.0	4.4	4.6
2025/07/17 16:35:56	1014.1	1.0	27.1	26.9	81.0	81.0	297.0	53.0	5.1	5.3
2025/07/17 16:35:57	1014.1	1.0	27.1	26.9	81.0	81.0	295.0	55.0	5.3	5.3
2025/07/17 16:35:58	1014.1	1.0	27.1	26.9	81.0	81.0	296.0	53.0	5.1	5.3
2025/07/17 16:35:59	1014.1	1.0	27.1	26.9	81.0	81.0	294.0	49.0	4.5	4.8
2025/07/17 16:36:00	1014.1	1.0	27.1	26.9	81.0	81.0	289.0	45.0	4.5	4.7
2025/07/17 16:36:01	1014.1	1.0	27.1	26.9	81.0	81.0	283.0	42.0	4.6	4.6
2025/07/17 16:36:02	1014.1	1.0	27.1	26.9	81.0	81.0	284.0	43.0	4.6	4.6
2025/07/17 16:36:03	1014.1	1.0	27.1	26.9	81.0	81.0	287.0	46.0	4.7	4.7
2025/07/17 16:36:04	1014.1	1.0	27.1	26.9	81.0	81.0	287.0	47.0	4.6	4.6
2025/07/17 16:36:05	1014.1	1.0	27.1	26.9	81.0	81.0	288.0	48.0	4.3	4.3
2025/07/17 16:36:06	1014.1	1.0	27.1	26.9	81.0	81.0	289.0	48.0	4.6	4.6
2025/07/17 16:36:07	1014.1	1.0	27.1	26.9	81.0	81.0	291.0	51.0	4.8	4.8
2025/07/17 16:36:08	1014.1	1.0	27.1	26.9	81.0	81.0	295.0	55.0	5.1	5.1
2025/07/17 16:36:09	1014.1	1.0	27.1	26.9	81.0	81.0	298.0	57.0	5.2	5.2
2025/07/17 16:36:10	1014.1	1.0	27.1	26.9	81.0	81.0	299.0	59.0	5.0	5.0
2025/07/17 16:36:11	1014.1	1.0	27.1	26.9	81.0	81.0	301.0	57.0	5.1	5.2
2025/07/17 16:36:12	1014.1	1.0	27.1	26.9	81.0	81.0	293.0	52.0	5.1	5.1
2025/07/17 16:36:13	1014.1	1.0	27.1	26.9	81.0	81.0	288.0	48.0	4.9	4.9
2025/07/17 16:36:14	1014.1	1.0	27.1	26.9	81.0	81.0	286.0	46.0	4.7	4.7
2025/07/17 16:36:15	1014.1	1.0	27.1	26.9	81.0	81.0	289.0	49.0	4.2	4.2
2025/07/17 16:36:16	1014.1	1.0	27.1	26.9	81.0	81.0	292.0	52.0	4.1	4.1
2025/07/17 16:36:17	1014.1	1.0	27.1	26.9	80.0	81.0	291.0	50.0	4.7	4.7
2025/07/17 16:36:18	1014.1	1.0	27.1	26.9	80.0	81.0	288.0	47.0	5.0	5.0
2025/07/17 16:36:19	1014.1	1.0	27.1	26.9	80.0	81.0	287.0	46.0	5.1	5.1
2025/07/17 16:36:20	1014.1	1.0	27.1	26.9	81.0	81.0	290.0	50.0	5.1	5.1
2025/07/17 16:36:21	1014.2	1.0	27.1	26.9	81.0	81.0	295.0	54.0	5.0	5.0
2025/07/17 16:36:22	1014.2	1.0	27.1	26.9	81.0	81.0	300.0	60.0	4.9	4.9
2025/07/17 16:36:23	1014.2	1.0	27.1	26.9	81.0	81.0	297.0	57.0	4.8	4.8
2025/07/17 16:36:24	1014.2	1.0	27.1	26.9	81.0	81.0	292.0	52.0	5.0	5.0
2025/07/17 16:36:25	1014.2	1.0	27.1	26.9	81.0	81.0	291.0	48.0	5.0	5.2
2025/07/17 16:36:26	1014.2	1.0	27.1	26.9	81.0	81.0	284.0	44.0	4.9	4.9
2025/07/17 16:36:27	1014.2	1.0	27.1	26.9	81.0	81.0	280.0	40.0	4.3	4.3
2025/07/17 16:36:28	1014.2	1.0	27.1	26.9	80.0	81.0	276.0	36.0	3.8	3.8
2025/07/17 16:36:29	1014.2	1.0	27.1	26.9	80.0	81.0	274.0	33.0	3.8	3.8
2025/07/17 16:36:30	1014.1	1.0	27.1	26.9	80.0	81.0	279.0	39.0	4.0	4.0
2025/07/17 16:36:31	1014.1	1.0	27.1	26.9	80.0	81.0	286.0	45.0	4.4	4.4
2025/07/17 16:36:32	1014.1	1.0	27.1	26.9	80.0	81.0	289.0	48.0	4.8	4.8
2025/07/17 16:36:33	1014.1	1.0	27.1	26.9	80.0	81.0	291.0	51.0	4.8	4.8
2025/07/17 16:36:34	1014.1	1.0	27.1	26.9	80.0	80.0	293.0	54.0	4.6	4.6
2025/07/17 16:36:35	1014.1	1.0	27.1	26.9	80.0	80.0	295.0	55.0	4.5	4.5
2025/07/17 16:36:36	1014.1	1.0	27.1	26.9	80.0	80.0	292.0	52.0	4.3	4.3
2025/07/17 16:36:37	1014.1	1.0	27.1	26.9	80.0	80.0	288.0	48.0	4.6	4.6
2025/07/17 16:36:38	1014.1	1.0	27.1	26.9	80.0	80.0	283.0	42.0	4.9	4.9
2025/07/17 16:36:39	1014.1	1.0	27.1	26.9	80.0	80.0	278.0	38.0	4.6	4.6
2025/07/17 16:36:40	1014.1	1.0	27.1	26.9	80.0	80.0	277.0	37.0	3.9	3.9
2025/07/17 16:36:41	1014.1	1.0	27.1	26.9	80.0	80.0	284.0	40.0	3.2	3.5
2025/07/17 16:36:42	1014.1	1.0	27.1	26.9	80.0	80.0	289.0	46.0	3.6	3.8
2025/07/17 16:36:43	1014.1	1.0	27.1	26.9	80.0	80.0	291.0	51.0	4.6	4.6
2025/07/17 16:36:44	1014.1	1.0	27.1	26.9	80.0	80.0	292.0	52.0	5.4	5.4
2025/07/17 16:36:45	1014.1	1.0	27.1	26.9	80.0	80.0	296.0	53.0	5.2	5.4
2025/07/17 16:36:46	1014.1	1.0	27.1	26.9	80.0	80.0	294.0	54.0	4.9	4.9
2025/07/17 16:36:47	1014.1	1.0	27.1	26.9	80.0	79.0	292.0	52.0	4.4	4.4
2025/07/17 16:36:48	1014.1	1.0	27.1	26.9	80.0	79.0	288.0	48.0	4.2	4.2
2025/07/17 16:36:49	1014.1	1.0	27.1	26.9	80.0	79.0	282.0	42.0	4.3	4.3
2025/07/17 16:36:50	1014.1	1.0	27.1	26.9	80.0	79.0	284.0	44.0	4.4	4.4
2025/07/17 16:36:51	1014.1	1.0	27.1	26.9	80.0	79.0	287.0	47.0	4.5	4.5
2025/07/17 16:36:52	1014.1	1.0	27.1	26.9	80.0	79.0	290.0	50.0	4.7	4.7
2025/07/17 16:36:53	1014.1	1.0	27.1	26.9	80.0	79.0	290.0	47.0	4.3	4.5
2025/07/17 16:36:54	1014.1	1.0	27.1	26.9	80.0	79.0	283.0	44.0	4.4	4.4
2025/07/17 16:36:55	1014.1	1.0	27.1	26.9	80.0	79.0	281.0	41.0	4.4	4.4
2025/07/17 16:36:56	1014.1	1.0	27.1	26.9	80.0	79.0	282.0	42.0	4.4	4.4
2025/07/17 16:36:57	1014.1	1.0	27.1	26.9	80.0	79.0	290.0	48.0	4.1	4.3
2025/07/17 16:36:58	1014.1	1.0	27.1	26.9	80.0	79.0	293.0	53.0	4.3	4.3
2025/07/17 16:36:59	1014.1	1.0	27.1	26.9	80.0	79.0	293.0	53.0	4.3	4.3
2025/07/17 16:37:00	1014.1	1.0	27.1	26.9	80.0	79.0	288.0	48.0	4.5	4.5
2025/07/17 16:37:01	1014.1	1.0	27.1	26.9	80.0	79.0	282.0	42.0	4.8	4.8
2025/07/17 16:37:02	1014.1	1.0	27.1	26.9	80.0	79.0	283.0	43.0	4.9	4.9
2025/07/17 16:37:03	1014.1	1.0	27.1	26.9	80.0	79.0	288.0	48.0	4.5	4.5
2025/07/17 16:37:04	1014.1	1.0	27.1	26.9	80.0	79.0	290.0	50.0	4.3	4.3
2025/07/17 16:37:05	1014.1	1.0	27.1	26.9	80.0	79.0	291.0	51.0	4.2	4.2
2025/07/17 16:37:06	1014.1	1.0	27.1	26.9	80.0	79.0	289.0	49.0	4.4	4.4
2025/07/17 16:37:07	1014.1	1.0	27.1	26.9	80.0	79.0	287.0	45.0	4.2	4.4
2025/07/17 16:37:08	1014.1	1.0	27.1	26.9	80.0	79.0	284.0	41.0	4.2	4.5
2025/07/17 16:37:09	1014.1	1.0	27.1	26.9	80.0	79.0	282.0	42.0	4.5	4.5
2025/07/17 16:37:10	1014.1	1.0	27.1	26.9	80.0	79.0	284.0	44.0	4.4	4.4
2025/07/17 16:37:11	1014.1	1.0	27.1	27.0	80.0	79.0	288.0	45.0	4.1	4.3
2025/07/17 16:37:12	1014.1	1.0	27.1	27.0	80.0	79.0	292.0	49.0	4.5	4.7
2025/07/17 16:37:13	1014.1	1.0	27.1	27.0	80.0	79.0	297.0	54.0	4.6	4.7
2025/07/17 16:37:14	1014.1	1.0	27.1	27.0	80.0	79.0	300.0	60.0	4.8	4.8
2025/07/17 16:37:15	1014.1	1.0	27.1	27.0	80.0	79.0	303.0	60.0	4.7	4.8
2025/07/17 16:37:16	1014.1	1.0	27.1	27.0	80.0	80.0	299.0	55.0	4.9	5.1
2025/07/17 16:37:17	1014.1	1.0	27.1	27.0	80.0	80.0	292.0	48.0	5.0	5.2
2025/07/17 16:37:18	1014.1	1.0	27.1	27.0	80.0	80.0	282.0	42.0	4.8	4.8
2025/07/17 16:37:19	1014.1	1.0	27.1	27.0	80.0	80.0	285.0	42.0	3.9	4.1
2025/07/17 16:37:20	1014.1	1.0	27.1	27.0	80.0	80.0	291.0	47.0	3.6	3.8
2025/07/17 16:37:21	1014.1	1.0	27.1	27.0	80.0	80.0	290.0	50.0	4.0	4.0
2025/07/17 16:37:22	1014.1	1.0	27.1	27.0	80.0	80.0	292.0	49.0	4.2	4.4
2025/07/17 16:37:23	1014.1	1.0	27.1	27.0	80.0	80.0	295.0	51.0	4.5	4.7
2025/07/17 16:37:24	1014.1	1.0	27.1	27.0	80.0	81.0	292.0	51.0	4.7	4.7
2025/07/17 16:37:25	1014.1	1.0	27.2	27.0	80.0	81.0	290.0	50.0	4.6	4.6
2025/07/17 16:37:26	1014.1	1.0	27.2	27.0	80.0	81.0	290.0	49.0	4.4	4.4
2025/07/17 16:37:27	1014.1	1.0	27.2	27.1	80.0	81.0	292.0	52.0	4.4	4.4
2025/07/17 16:37:28	1014.1	1.0	27.2	27.1	80.0	81.0	296.0	55.0	4.4	4.4
2025/07/17 16:37:29	1014.1	1.0	27.2	27.1	80.0	81.0	294.0	53.0	4.6	4.6
2025/07/17 16:37:30	1014.1	1.0	27.2	27.1	80.0	81.0	291.0	50.0	4.8	4.8
2025/07/17 16:37:31	1014.1	1.0	27.2	27.1	80.0	81.0	283.0	43.0	4.7	4.7
2025/07/17 16:37:32	1014.1	1.0	27.2	27.1	80.0	81.0	278.0	37.0	4.3	4.3
2025/07/17 16:37:33	1014.1	1.0	27.2	27.1	80.0	81.0	279.0	38.0	4.0	4.0
2025/07/17 16:37:34	1014.1	1.0	27.2	27.1	80.0	81.0	285.0	44.0	3.9	3.9
2025/07/17 16:37:35	1014.1	1.0	27.2	27.1	80.0	81.0	288.0	47.0	4.3	4.3
2025/07/17 16:37:36	1014.1	1.0	27.2	27.1	80.0	81.0	291.0	50.0	4.6	4.6
2025/07/17 16:37:37	1014.1	1.0	27.2	27.1	80.0	81.0	289.0	47.0	4.9	4.9
2025/07/17 16:37:38	1014.1	1.0	27.2	27.1	80.0	81.0	286.0	45.0	4.9	4.9
2025/07/17 16:37:39	1014.1	1.0	27.2	27.1	80.0	81.0	286.0	44.0	4.6	4.6
2025/07/17 16:37:40	1014.1	1.0	27.2	27.1	80.0	80.0	285.0	44.0	4.4	4.4
2025/07/17 16:37:41	1014.1	1.0	27.2	27.1	80.0	80.0	285.0	44.0	4.5	4.5
2025/07/17 16:37:42	1014.1	1.0	27.2	27.1	80.0	80.0	285.0	44.0	4.4	4.4
2025/07/17 16:37:43	1014.1	1.0	27.2	27.1	80.0	80.0	283.0	41.0	4.3	4.3
2025/07/17 16:37:44	1014.1	1.0	27.2	27.1	80.0	80.0	281.0	39.0	4.4	4.4
2025/07/17 16:37:45	1014.1	1.0	27.2	27.1	80.0	80.0	281.0	39.0	4.3	4.3
2025/07/17 16:37:46	1014.1	1.0	27.2	27.1	80.0	80.0	281.0	39.0	4.1	4.1
2025/07/17 16:37:47	1014.1	1.0	27.2	27.1	80.0	80.0	283.0	42.0	4.1	4.1
2025/07/17 16:37:48	1014.1	1.0	27.2	27.0	80.0	80.0	285.0	44.0	4.3	4.3
2025/07/17 16:37:49	1014.1	1.0	27.2	27.0	80.0	80.0	288.0	46.0	4.5	4.5
2025/07/17 16:37:50	1014.1	1.0	27.2	27.0	80.0	80.0	287.0	45.0	4.5	4.5
2025/07/17 16:37:51	1014.1	1.0	27.2	27.0	80.0	80.0	285.0	43.0	4.2	4.2
2025/07/17 16:37:52	1014.1	1.0	27.2	27.0	80.0	80.0	284.0	42.0	3.9	3.9
2025/07/17 16:37:53	1014.1	1.0	27.2	27.0	80.0	80.0	284.0	42.0	3.7	3.7
2025/07/17 16:37:54	1014.1	1.0	27.2	27.0	80.0	80.0	285.0	43.0	3.8	3.8
2025/07/17 16:37:55	1014.1	1.0	27.2	27.0	80.0	80.0	286.0	44.0	4.0	4.0
2025/07/17 16:37:56	1014.1	1.0	27.2	27.0	80.0	80.0	289.0	47.0	4.5	4.5
2025/07/17 16:37:57	1014.1	1.0	27.2	27.0	80.0	80.0	292.0	50.0	4.4	4.4
2025/07/17 16:37:58	1014.1	1.0	27.2	27.0	80.0	80.0	295.0	53.0	4.5	4.5
2025/07/17 16:37:59	1014.1	1.0	27.2	27.0	80.0	80.0	296.0	54.0	4.3	4.3
2025/07/17 16:38:00	1014.1	1.0	27.2	27.0	80.0	80.0	290.0	49.0	4.4	4.4
2025/07/17 16:38:01	1014.1	1.0	27.2	27.0	80.0	80.0	285.0	43.0	4.3	4.3
2025/07/17 16:38:02	1014.1	1.0	27.2	27.0	80.0	80.0	278.0	36.0	4.3	4.3
2025/07/17 16:38:03	1014.1	1.0	27.2	27.0	80.0	80.0	278.0	36.0	4.4	4.4
2025/07/17 16:38:04	1014.1	1.0	27.2	27.0	80.0	80.0	282.0	40.0	4.5	4.5
2025/07/17 16:38:05	1014.1	1.0	27.2	27.0	80.0	80.0	283.0	41.0	4.6	4.6
2025/07/17 16:38:06	1014.1	1.0	27.2	27.0	80.0	80.0	285.0	43.0	4.5	4.5
2025/07/17 16:38:07	1014.1	1.0	27.2	27.0	80.0	80.0	283.0	41.0	4.6	4.6
2025/07/17 16:38:08	1014.1	1.0	27.2	27.0	80.0	80.0	282.0	41.0	4.4	4.4
2025/07/17 16:38:09	1014.1	1.0	27.2	27.0	80.0	80.0	283.0	42.0	4.0	4.0
2025/07/17 16:38:10	1014.1	1.0	27.2	27.0	80.0	80.0	285.0	43.0	3.7	3.7
2025/07/17 16:38:11	1014.1	1.0	27.2	27.0	80.0	80.0	287.0	44.0	4.0	4.0
2025/07/17 16:38:12	1014.1	1.0	27.2	27.0	79.0	80.0	287.0	45.0	4.3	4.3
2025/07/17 16:38:13	1014.1	1.0	27.2	27.0	79.0	80.0	285.0	43.0	4.5	4.5
2025/07/17 16:38:14	1014.1	1.0	27.2	27.0	79.0	80.0	282.0	41.0	4.2	4.2
2025/07/17 16:38:15	1014.1	1.0	27.2	27.0	79.0	80.0	279.0	37.0	3.9	3.9
2025/07/17 16:38:16	1014.1	1.0	27.2	27.0	79.0	80.0	275.0	33.0	3.6	3.6
2025/07/17 16:38:17	1014.1	1.0	27.2	27.0	79.0	80.0	276.0	33.0	3.3	3.5
2025/07/17 16:38:18	1014.1	1.0	27.2	27.0	80.0	80.0	279.0	37.0	3.5	3.5
2025/07/17 16:38:19	1014.1	1.0	27.2	27.0	80.0	79.0	282.0	40.0	3.9	3.9
2025/07/17 16:38:20	1014.1	1.0	27.2	27.0	80.0	79.0	292.0	50.0	4.5	4.5
2025/07/17 16:38:21	1014.1	1.0	27.2	27.0	80.0	79.0	297.0	56.0	4.6	4.6
2025/07/17 16:38:22	1014.1	1.0	27.2	27.0	80.0	80.0	295.0	54.0	4.5	4.5
2025/07/17 16:38:23	1014.1	1.0	27.2	27.0	79.0	80.0	289.0	48.0	4.2	4.2
2025/07/17 16:38:24	1014.1	1.0	27.2	27.0	79.0	80.0	288.0	47.0	3.7	3.7
2025/07/17 16:38:25	1014.1	1.0	27.2	27.0	79.0	80.0	286.0	45.0	3.4	3.4
2025/07/17 16:38:26	1014.1	1.0	27.2	27.0	79.0	80.0	287.0	46.0	3.5	3.5
2025/07/17 16:38:27	1014.1	1.0	27.2	27.0	79.0	80.0	287.0	45.0	4.0	4.0
2025/07/17 16:38:28	1014.1	1.0	27.2	27.0	80.0	80.0	286.0	44.0	4.4	4.4
2025/07/17 16:38:29	1014.1	1.0	27.2	27.0	80.0	80.0	286.0	45.0	4.6	4.6
2025/07/17 16:38:30	1014.1	1.0	27.2	27.0	80.0	80.0	289.0	47.0	4.5	4.5
2025/07/17 16:38:31	1014.1	1.0	27.2	27.0	80.0	80.0	293.0	52.0	4.5	4.5
2025/07/17 16:38:32	1014.1	1.0	27.2	27.1	80.0	80.0	298.0	52.0	4.2	4.4
2025/07/17 16:38:33	1014.1	1.0	27.2	27.1	80.0	80.0	291.0	49.0	4.6	4.6
2025/07/17 16:38:34	1014.1	1.0	27.3	27.1	79.0	80.0	289.0	47.0	4.6	4.6
2025/07/17 16:38:35	1014.1	1.0	27.3	27.1	79.0	80.0	294.0	48.0	3.8	4.1
2025/07/17 16:38:36	1014.1	1.0	27.3	27.1	80.0	80.0	297.0	51.0	3.9	4.1
2025/07/17 16:38:37	1014.1	1.0	27.3	27.1	80.0	80.0	291.0	50.0	4.5	4.5
2025/07/17 16:38:38	1014.1	1.0	27.3	27.1	80.0	80.0	286.0	42.0	4.7	4.9
2025/07/17 16:38:39	1014.1	1.0	27.3	27.1	80.0	80.0	283.0	38.0	4.7	5.1
2025/07/17 16:38:40	1014.1	1.0	27.3	27.1	80.0	80.0	278.0	36.0	4.7	4.7
2025/07/17 16:38:41	1014.1	1.0	27.3	27.1	80.0	80.0	284.0	39.0	3.5	3.7
2025/07/17 16:38:42	1014.1	1.0	27.3	27.1	79.0	80.0	292.0	45.0	3.1	3.3
2025/07/17 16:38:43	1014.1	1.0	27.3	27.1	79.0	80.0	294.0	49.0	3.3	3.5
2025/07/17 16:38:44	1014.1	1.0	27.3	27.1	79.0	80.0	293.0	48.0	3.9	4.1
2025/07/17 16:38:45	1014.1	1.0	27.3	27.1	79.0	80.0	290.0	45.0	4.6	4.9
2025/07/17 16:38:46	1014.1	1.0	27.3	27.1	79.0	79.0	286.0	41.0	4.9	5.2
2025/07/17 16:38:47	1014.1	1.0	27.3	27.1	79.0	79.0	283.0	41.0	4.8	4.8
2025/07/17 16:38:48	1014.1	1.0	27.3	27.1	79.0	79.0	286.0	43.0	4.1	4.1
2025/07/17 16:38:49	1014.1	1.0	27.3	27.1	79.0	79.0	292.0	47.0	3.4	3.6
2025/07/17 16:38:50	1014.1	1.0	27.3	27.1	79.0	79.0	297.0	51.0	3.5	3.7
2025/07/17 16:38:51	1014.1	1.0	27.3	27.1	79.0	79.0	293.0	48.0	4.1	4.3
2025/07/17 16:38:52	1014.1	1.0	27.2	27.1	79.0	79.0	287.0	43.0	4.4	4.6
2025/07/17 16:38:53	1014.1	1.0	27.2	27.1	79.0	79.0	281.0	39.0	4.7	4.7
2025/07/17 16:38:54	1014.1	1.0	27.2	27.1	79.0	79.0	281.0	39.0	4.6	4.6
2025/07/17 16:38:55	1014.1	1.0	27.2	27.1	79.0	79.0	287.0	43.0	4.1	4.3
2025/07/17 16:38:56	1014.1	1.0	27.2	27.1	79.0	79.0	286.0	44.0	4.0	4.0
2025/07/17 16:38:57	1014.1	1.0	27.2	27.1	79.0	79.0	284.0	43.0	3.8	3.8
2025/07/17 16:38:58	1014.1	1.0	27.2	27.1	79.0	79.0	289.0	43.0	3.4	3.7
2025/07/17 16:38:59	1014.1	1.0	27.2	27.1	79.0	79.0	293.0	46.0	3.8	4.1
