date time	WEATHER.PBWWI.AirPress	WEATHER.PBWWI.AirPressureBar	WEATHER.PBWWI.AirTempPort	WEATHER.PBWWI.AirTempStarboard	WEATHER.PBWWI.HumidityPort	WEATHER.PBWWI.HumidityStarboard	WEATHER.PBWWI.TrueWindDir	WEATHER.PBWWI.RealWindDir	WEATHER.PBWWI.TrueWindSpeed	WEATHER.PBWWI.RelWindSpeed
	spot	spot	spot	spot	spot	spot	spot	spot	spot	spot
	hPa	bar	°C	°C	%	%	°	°	m/s	m/s
2025/07/16 09:40:00	1014.3	1.0	26.9	27.0	78.0	78.0	181.0	333.0	3.3	3.3
2025/07/16 09:40:01	1014.3	1.0	26.9	27.0	78.0	78.0	180.0	332.0	3.1	3.1
2025/07/16 09:40:02	1014.3	1.0	26.9	27.0	78.0	78.0	179.0	331.0	2.9	2.9
2025/07/16 09:40:03	1014.3	1.0	26.9	27.0	78.0	78.0	178.0	330.0	3.0	3.0
2025/07/16 09:40:04	1014.3	1.0	26.9	27.0	78.0	78.0	178.0	333.0	2.8	3.1
2025/07/16 09:40:05	1014.3	1.0	26.9	27.0	78.0	78.0	181.0	337.0	2.8	3.2
2025/07/16 09:40:06	1014.3	1.0	26.9	27.0	78.0	78.0	182.0	339.0	2.6	3.1
2025/07/16 09:40:07	1014.3	1.0	26.9	27.0	78.0	78.0	179.0	337.0	2.5	3.0
2025/07/16 09:40:08	#	#	#	#	#	#	#	#	#	#
2025/07/16 09:40:09	1014.4	1.0	26.9	27.0	78.0	78.0	179.0	337.0	2.4	2.9
2025/07/16 09:40:10	1014.4	1.0	26.9	27.0	78.0	78.0	190.0	341.0	3.0	3.0
2025/07/16 09:40:11	1014.4	1.0	26.9	27.0	78.0	78.0	195.0	346.0	3.3	3.3
2025/07/16 09:40:12	1014.4	1.0	26.9	27.0	78.0	78.0	196.0	347.0	3.4	3.4
2025/07/16 09:40:13	1014.4	1.0	26.9	27.0	78.0	78.0	182.0	334.0	2.8	2.8
2025/07/16 09:40:14	1014.4	1.0	26.9	27.0	78.0	78.0	176.0	330.0	2.9	3.1
2025/07/16 09:40:15	1014.4	1.0	26.9	27.0	78.0	78.0	176.0	331.0	3.3	3.6
2025/07/16 09:40:16	1014.4	1.0	26.9	27.0	78.0	78.0	178.0	333.0	3.5	3.9
2025/07/16 09:40:17	1014.3	1.0	26.9	27.0	78.0	78.0	182.0	337.0	3.5	3.9
2025/07/16 09:40:18	1014.3	1.0	26.9	27.0	78.0	78.0	186.0	341.0	3.0	3.4
2025/07/16 09:40:19	1014.3	1.0	26.9	27.0	78.0	78.0	189.0	343.0	2.9	3.1
2025/07/16 09:40:20	1014.3	1.0	26.9	27.0	78.0	78.0	190.0	343.0	2.7	2.9
2025/07/16 09:40:21	1014.3	1.0	26.9	27.0	78.0	78.0	188.0	342.0	2.8	3.1
2025/07/16 09:40:22	1014.3	1.0	26.9	27.0	78.0	78.0	184.0	339.0	2.9	3.3
2025/07/16 09:40:23	1014.3	1.0	26.9	27.0	78.0	78.0	186.0	340.0	2.9	3.2
2025/07/16 09:40:24	1014.3	1.0	26.9	27.0	78.0	78.0	189.0	341.0	3.1	3.3
2025/07/16 09:40:25	1014.3	1.0	26.9	27.0	78.0	78.0	188.0	341.0	2.9	3.2
2025/07/16 09:40:26	1014.4	1.0	26.9	27.0	78.0	78.0	189.0	342.0	2.9	3.2
2025/07/16 09:40:27	1014.4	1.0	26.9	27.0	78.0	78.0	191.0	342.0	3.0	3.0
2025/07/16 09:40:28	1014.4	1.0	26.9	27.0	78.0	78.0	185.0	339.0	2.7	2.9
2025/07/16 09:40:29	1014.4	1.0	26.9	27.0	78.0	78.0	178.0	333.0	2.8	3.1
2025/07/16 09:40:30	1014.4	1.0	26.9	27.0	78.0	78.0	174.0	329.0	3.2	3.5
2025/07/16 09:40:31	1014.4	1.0	26.9	27.0	78.0	78.0	174.0	329.0	3.6	3.9
2025/07/16 09:40:32	1014.4	1.0	26.9	27.0	78.0	78.0	178.0	332.0	3.3	3.7
2025/07/16 09:40:33	1014.4	1.0	26.9	27.0	78.0	78.0	179.0	333.0	3.4	3.7
2025/07/16 09:40:34	1014.4	1.0	26.9	27.0	78.0	78.0	180.0	333.0	3.4	3.6
2025/07/16 09:40:35	#	#	#	#	#	#	#	#	#	#
2025/07/16 09:40:36	1014.4	1.0	26.9	27.0	78.0	78.0	182.0	336.0	3.4	3.7
2025/07/16 09:40:37	1014.4	1.0	26.9	27.0	78.0	78.0	189.0	342.0	3.6	3.9
2025/07/16 09:40:38	1014.4	1.0	26.9	27.0	78.0	78.0	193.0	346.0	3.4	3.7
2025/07/16 09:40:39	1014.4	1.0	26.9	27.0	78.0	78.0	195.0	348.0	2.9	3.3
2025/07/16 09:40:40	1014.4	1.0	26.9	27.0	78.0	78.0	190.0	344.0	2.7	3.0
2025/07/16 09:40:41	1014.4	1.0	27.0	27.0	78.0	78.0	177.0	332.0	3.6	3.9
2025/07/16 09:40:42	1014.4	1.0	27.0	27.0	78.0	78.0	175.0	328.0	3.9	4.2
2025/07/16 09:40:43	#	#	#	#	#	#	#	#	#	#
2025/07/16 09:40:44	1014.4	1.0	27.0	27.0	78.0	78.0	173.0	327.0	3.9	4.2
2025/07/16 09:40:45	1014.4	1.0	27.0	27.0	78.0	78.0	174.0	328.0	3.5	3.8
2025/07/16 09:40:46	1014.4	1.0	27.0	27.0	78.0	78.0	178.0	332.0	3.0	3.3
2025/07/16 09:40:47	1014.4	1.0	27.0	27.0	78.0	78.0	182.0	335.0	3.1	3.4
2025/07/16 09:40:48	1014.4	1.0	27.0	27.1	78.0	78.0	184.0	337.0	3.4	3.6
2025/07/16 09:40:49	1014.4	1.0	27.0	27.1	78.0	78.0	185.0	338.0	3.9	4.1
2025/07/16 09:40:50	1014.4	1.0	27.0	27.1	78.0	78.0	184.0	337.0	3.8	4.1
2025/07/16 09:40:51	1014.4	1.0	27.0	27.1	78.0	78.0	181.0	334.0	3.4	3.7
2025/07/16 09:40:52	1014.4	1.0	27.0	27.1	78.0	78.0	179.0	334.0	2.9	3.3
2025/07/16 09:40:53	1014.4	1.0	27.0	27.1	78.0	78.0	179.0	335.0	2.8	3.3
2025/07/16 09:40:54	1014.4	1.0	27.0	27.1	78.0	78.0	178.0	331.0	4.2	4.5
2025/07/16 09:40:55	1014.4	1.0	27.0	27.1	78.0	78.0	179.0	332.0	4.8	5.0
2025/07/16 09:40:56	#	#	#	#	#	#	#	#	#	#
2025/07/16 09:40:57	1014.4	1.0	26.9	27.1	78.0	78.0	179.0	330.0	4.9	4.9
2025/07/16 09:40:58	1014.4	1.0	26.9	27.1	78.0	78.0	175.0	328.0	4.1	4.3
2025/07/16 09:40:59	1014.4	1.0	26.9	27.1	78.0	78.0	177.0	330.0	3.7	4.0
2025/07/16 09:41:00	#	#	#	#	#	#	#	#	#	#
2025/07/16 09:41:01	1014.4	1.0	26.9	27.1	78.0	78.0	189.0	341.0	3.7	4.0
2025/07/16 09:41:02	1014.4	1.0	26.9	27.1	78.0	78.0	189.0	342.0	4.4	4.8
2025/07/16 09:41:03	1014.4	1.0	26.9	27.1	78.0	78.0	191.0	344.0	3.7	4.1
2025/07/16 09:41:04	1014.4	1.0	26.9	27.1	78.0	78.0	189.0	342.0	3.6	3.9
2025/07/16 09:41:05	1014.4	1.0	26.9	27.1	78.0	78.0	188.0	341.0	3.5	3.8
2025/07/16 09:41:06	1014.4	1.0	26.9	27.1	78.0	78.0	186.0	338.0	3.8	4.0
2025/07/16 09:41:07	1014.4	1.0	26.9	27.1	78.0	78.0	188.0	339.0	4.3	4.3
2025/07/16 09:41:08	1014.4	1.0	26.9	27.1	78.0	78.0	188.0	340.0	4.1	4.3
2025/07/16 09:41:09	1014.4	1.0	26.9	27.1	78.0	78.0	186.0	339.0	3.7	4.0
2025/07/16 09:41:10	1014.4	1.0	26.9	27.1	78.0	78.0	186.0	339.0	3.4	3.7
2025/07/16 09:41:11	1014.4	1.0	26.9	27.1	78.0	78.0	184.0	337.0	3.3	3.6
2025/07/16 09:41:12	1014.4	1.0	26.9	27.1	78.0	78.0	183.0	336.0	3.4	3.7
2025/07/16 09:41:13	1014.4	1.0	26.9	27.1	78.0	78.0	181.0	334.0	3.6	3.9
2025/07/16 09:41:14	1014.4	1.0	26.9	27.1	78.0	78.0	182.0	334.0	3.8	4.0
2025/07/16 09:41:15	1014.4	1.0	26.9	27.1	78.0	78.0	182.0	334.0	3.9	4.1
2025/07/16 09:41:16	1014.4	1.0	26.9	27.1	78.0	78.0	183.0	335.0	3.8	4.1
2025/07/16 09:41:17	1014.4	1.0	26.9	27.1	78.0	78.0	181.0	335.0	3.4	3.8
2025/07/16 09:41:18	1014.4	1.0	26.9	27.1	78.0	78.0	181.0	335.0	3.1	3.5
2025/07/16 09:41:19	1014.4	1.0	26.9	27.1	78.0	78.0	186.0	339.0	3.1	3.4
2025/07/16 09:41:20	1014.4	1.0	26.9	27.1	78.0	78.0	188.0	340.0	3.4	3.7
2025/07/16 09:41:21	1014.4	1.0	26.9	27.1	78.0	78.0	186.0	338.0	3.8	4.1
2025/07/16 09:41:22	1014.4	1.0	26.9	27.1	78.0	78.0	183.0	335.0	3.8	4.1
2025/07/16 09:41:23	1014.4	1.0	26.9	27.1	78.0	78.0	178.0	331.0	3.8	4.2
2025/07/16 09:41:24	1014.4	1.0	26.9	27.0	78.0	78.0	175.0	329.0	3.6	4.0
2025/07/16 09:41:25	1014.4	1.0	26.9	27.0	78.0	78.0	175.0	329.0	3.5	3.8
2025/07/16 09:41:26	1014.4	1.0	26.9	27.0	78.0	78.0	181.0	333.0	3.5	3.7
2025/07/16 09:41:27	1014.4	1.0	26.9	27.0	78.0	78.0	186.0	337.0	3.7	3.7
2025/07/16 09:41:28	1014.4	1.0	26.9	27.0	78.0	78.0	188.0	338.0	4.0	4.0
2025/07/16 09:41:29	1014.4	1.0	26.9	27.0	78.0	78.0	186.0	338.0	4.0	4.2
2025/07/16 09:41:30	1014.4	1.0	26.9	27.0	78.0	78.0	183.0	336.0	3.8	4.2
2025/07/16 09:41:31	1014.4	1.0	26.9	27.0	78.0	78.0	181.0	335.0	3.4	4.0
2025/07/16 09:41:32	1014.4	1.0	26.9	27.0	78.0	78.0	183.0	337.0	3.4	3.9
2025/07/16 09:41:33	1014.4	1.0	26.9	27.0	78.0	78.0	188.0	340.0	3.4	3.7
2025/07/16 09:41:34	1014.4	1.0	26.9	27.0	78.0	78.0	192.0	343.0	3.7	3.9
2025/07/16 09:41:35	1014.4	1.0	26.9	27.0	78.0	78.0	193.0	343.0	4.4	4.4
2025/07/16 09:41:36	1014.4	1.0	26.9	27.0	78.0	78.0	188.0	338.0	4.4	4.4
2025/07/16 09:41:37	1014.4	1.0	26.9	27.0	78.0	78.0	188.0	339.0	4.3	4.5
2025/07/16 09:41:38	1014.4	1.0	26.9	27.0	78.0	78.0	186.0	338.0	4.0	4.3
2025/07/16 09:41:39	#	#	#	#	#	#	#	#	#	#
2025/07/16 09:41:40	1014.4	1.0	27.0	27.0	78.0	78.0	186.0	338.0	3.9	4.2
2025/07/16 09:41:41	1014.4	1.0	27.0	27.1	78.0	79.0	186.0	338.0	4.0	4.3
2025/07/16 09:41:42	1014.4	1.0	27.0	27.1	78.0	79.0	191.0	342.0	4.3	4.6
2025/07/16 09:41:43	1014.4	1.0	27.0	27.1	78.0	79.0	198.0	348.0	4.7	5.0
2025/07/16 09:41:44	1014.4	1.0	27.0	27.1	78.0	79.0	197.0	348.0	4.5	4.8
2025/07/16 09:41:45	1014.4	1.0	27.0	27.1	78.0	79.0	190.0	342.0	4.1	4.4
2025/07/16 09:41:46	1014.4	1.0	27.0	27.1	78.0	79.0	185.0	338.0	3.8	4.2
2025/07/16 09:41:47	1014.4	1.0	27.0	27.1	78.0	79.0	184.0	337.0	3.9	4.2
2025/07/16 09:41:48	1014.4	1.0	27.0	27.1	78.0	79.0	193.0	343.0	4.4	4.4
2025/07/16 09:41:49	1014.4	1.0	27.0	27.1	78.0	78.0	200.0	349.0	4.6	4.6
2025/07/16 09:41:50	1014.4	1.0	27.0	27.1	78.0	78.0	199.0	348.0	4.8	4.8
2025/07/16 09:41:51	1014.4	1.0	27.0	27.1	78.0	79.0	197.0	348.0	4.2	4.5
2025/07/16 09:41:52	1014.4	1.0	27.0	27.1	78.0	79.0	193.0	345.0	3.8	4.2
2025/07/16 09:41:53	1014.4	1.0	27.0	27.1	78.0	79.0	187.0	340.0	3.6	4.1
2025/07/16 09:41:54	1014.4	1.0	27.0	27.1	78.0	79.0	185.0	338.0	3.9	4.4
2025/07/16 09:41:55	1014.4	1.0	27.0	27.1	78.0	79.0	189.0	341.0	4.3	4.7
2025/07/16 09:41:56	1014.4	1.0	27.0	27.1	78.0	79.0	194.0	345.0	4.3	4.6
2025/07/16 09:41:57	1014.4	1.0	27.0	27.1	78.0	79.0	198.0	348.0	4.5	4.5
2025/07/16 09:41:58	1014.4	1.0	27.0	27.1	78.0	79.0	198.0	348.0	4.4	4.4
2025/07/16 09:41:59	1014.4	1.0	27.0	27.1	78.0	79.0	196.0	346.0	4.3	4.3
2025/07/16 09:42:00	1014.4	1.0	26.9	27.1	79.0	79.0	195.0	346.0	3.7	3.9
2025/07/16 09:42:01	#	#	#	#	#	#	#	#	#	#
2025/07/16 09:42:02	1014.4	1.0	26.9	27.1	79.0	78.0	195.0	346.0	3.9	4.2
2025/07/16 09:42:03	1014.4	1.0	26.9	27.1	78.0	78.0	196.0	347.0	4.2	4.5
2025/07/16 09:42:04	1014.4	1.0	26.9	27.1	78.0	78.0	193.0	345.0	4.3	4.7
2025/07/16 09:42:05	1014.4	1.0	26.9	27.1	78.0	78.0	191.0	343.0	4.4	4.8
2025/07/16 09:42:06	1014.3	1.0	26.9	27.1	78.0	78.0	190.0	341.0	4.4	4.7
2025/07/16 09:42:07	1014.3	1.0	26.9	27.0	78.0	78.0	189.0	341.0	4.3	4.5
2025/07/16 09:42:08	1014.3	1.0	26.9	27.0	78.0	78.0	187.0	339.0	4.1	4.4
2025/07/16 09:42:09	1014.3	1.0	26.9	27.0	78.0	78.0	189.0	341.0	3.9	4.2
2025/07/16 09:42:10	#	#	#	#	#	#	#	#	#	#
2025/07/16 09:42:11	1014.3	1.0	26.9	27.0	78.0	78.0	198.0	349.0	4.1	4.5
2025/07/16 09:42:12	1014.3	1.0	26.9	27.0	78.0	78.0	199.0	350.0	4.0	4.3
2025/07/16 09:42:13	1014.3	1.0	26.9	27.0	78.0	78.0	199.0	350.0	3.8	4.1
2025/07/16 09:42:14	1014.3	1.0	26.9	27.0	78.0	78.0	198.0	349.0	4.2	4.2
2025/07/16 09:42:15	1014.4	1.0	26.9	27.0	78.0	78.0	196.0	347.0	4.4	4.4
2025/07/16 09:42:16	#	#	#	#	#	#	#	#	#	#
2025/07/16 09:42:17	1014.4	1.0	26.9	27.0	78.0	78.0	194.0	345.0	4.6	4.8
2025/07/16 09:42:18	1014.4	1.0	26.9	27.0	78.0	78.0	190.0	343.0	4.1	4.5
2025/07/16 09:42:19	#	#	#	#	#	#	#	#	#	#
2025/07/16 09:42:20	1014.4	1.0	26.9	27.0	78.0	78.0	185.0	339.0	3.8	4.3
2025/07/16 09:42:21	1014.4	1.0	26.9	27.0	78.0	78.0	194.0	346.0	4.3	4.6
2025/07/16 09:42:22	1014.4	1.0	26.9	27.0	78.0	78.0	197.0	348.0	4.3	4.6
2025/07/16 09:42:23	1014.4	1.0	26.9	27.0	78.0	78.0	198.0	349.0	4.3	4.3
2025/07/16 09:42:24	1014.4	1.0	26.9	27.0	78.0	78.0	198.0	349.0	4.1	4.1
2025/07/16 09:42:25	1014.4	1.0	26.9	27.0	78.0	78.0	198.0	348.0	4.3	4.3
2025/07/16 09:42:26	1014.4	1.0	26.9	27.0	78.0	78.0	194.0	346.0	4.3	4.5
2025/07/16 09:42:27	1014.4	1.0	26.9	27.0	78.0	78.0	192.0	344.0	4.4	4.7
2025/07/16 09:42:28	1014.4	1.0	26.9	27.0	78.0	78.0	189.0	342.0	4.1	4.5
2025/07/16 09:42:29	1014.4	1.0	26.9	27.0	78.0	78.0	190.0	343.0	4.0	4.4
2025/07/16 09:42:30	1014.4	1.0	26.9	27.0	78.0	78.0	189.0	343.0	3.9	4.3
2025/07/16 09:42:31	#	#	#	#	#	#	#	#	#	#
2025/07/16 09:42:32	1014.4	1.0	26.9	27.0	78.0	78.0	190.0	342.0	4.3	4.6
2025/07/16 09:42:33	1014.4	1.0	26.9	27.0	78.0	78.0	190.0	342.0	4.7	4.9
2025/07/16 09:42:34	#	#	#	#	#	#	#	#	#	#
2025/07/16 09:42:35	1014.4	1.0	26.9	27.0	78.0	78.0	190.0	342.0	4.6	4.9
2025/07/16 09:42:36	1014.4	1.0	26.9	27.0	78.0	78.0	191.0	343.0	4.3	4.6
2025/07/16 09:42:37	1014.4	1.0	26.9	27.0	78.0	78.0	199.0	351.0	3.8	4.2
2025/07/16 09:42:38	1014.4	1.0	26.9	27.0	78.0	78.0	199.0	351.0	3.9	4.3
2025/07/16 09:42:39	1014.4	1.0	26.9	27.0	78.0	78.0	197.0	349.0	4.1	4.5
2025/07/16 09:42:40	1014.4	1.0	26.9	27.0	78.0	78.0	194.0	346.0	4.5	4.8
2025/07/16 09:42:41	1014.4	1.0	26.9	27.0	78.0	78.0	193.0	344.0	4.8	4.8
2025/07/16 09:42:42	1014.4	1.0	26.9	27.0	78.0	78.0	190.0	342.0	4.5	4.7
2025/07/16 09:42:43	1014.4	1.0	26.9	27.0	78.0	78.0	188.0	341.0	4.1	4.4
2025/07/16 09:42:44	1014.4	1.0	26.9	27.0	78.0	78.0	188.0	341.0	3.8	4.1
2025/07/16 09:42:45	1014.4	1.0	26.9	27.0	78.0	78.0	188.0	342.0	3.6	4.0
2025/07/16 09:42:46	1014.4	1.0	26.9	27.0	78.0	78.0	190.0	342.0	4.0	4.3
2025/07/16 09:42:47	1014.4	1.0	26.9	27.0	78.0	78.0	191.0	343.0	4.3	4.6
2025/07/16 09:42:48	1014.4	1.0	26.9	27.0	78.0	78.0	191.0	343.0	4.3	4.6
2025/07/16 09:42:49	1014.4	1.0	26.9	27.0	78.0	78.0	189.0	342.0	4.0	4.3
2025/07/16 09:42:50	1014.4	1.0	26.9	27.0	78.0	78.0	189.0	341.0	3.6	3.8
2025/07/16 09:42:51	1014.4	1.0	26.9	27.0	78.0	78.0	193.0	344.0	3.8	3.8
2025/07/16 09:42:52	1014.4	1.0	26.9	27.0	78.0	78.0	198.0	349.0	4.3	4.3
2025/07/16 09:42:53	1014.4	1.0	26.9	27.0	78.0	78.0	200.0	351.0	4.4	4.7
2025/07/16 09:42:54	1014.4	1.0	26.9	27.0	78.0	78.0	194.0	347.0	4.0	4.4
2025/07/16 09:42:55	1014.4	1.0	26.9	27.0	78.0	78.0	183.0	338.0	3.3	3.8
2025/07/16 09:42:56	1014.4	1.0	26.9	27.0	78.0	78.0	178.0	334.0	3.3	3.8
2025/07/16 09:42:57	1014.4	1.0	26.9	27.0	78.0	78.0	185.0	338.0	4.0	4.3
2025/07/16 09:42:58	1014.4	1.0	26.9	27.0	78.0	78.0	193.0	344.0	4.7	4.7
2025/07/16 09:42:59	1014.4	1.0	26.9	27.0	78.0	78.0	197.0	348.0	4.6	4.6
2025/07/16 09:43:00	1014.4	1.0	26.9	27.0	78.0	78.0	198.0	349.0	3.9	3.9
2025/07/16 09:43:01	1014.4	1.0	26.9	27.0	78.0	78.0	193.0	346.0	3.2	3.4
2025/07/16 09:43:02	1014.4	1.0	26.9	27.0	78.0	78.0	188.0	341.0	3.3	3.6
2025/07/16 09:43:03	1014.4	1.0	26.9	27.0	78.0	78.0	189.0	342.0	4.0	4.3
2025/07/16 09:43:04	#	#	#	#	#	#	#	#	#	#
2025/07/16 09:43:05	1014.4	1.0	26.9	27.0	78.0	78.0	192.0	345.0	4.4	4.7
2025/07/16 09:43:06	1014.4	1.0	26.9	27.0	78.0	78.0	197.0	349.0	3.4	3.8
2025/07/16 09:43:07	1014.4	1.0	26.9	27.0	78.0	78.0	196.0	348.0	3.1	3.4
2025/07/16 09:43:08	#	#	#	#	#	#	#	#	#	#
2025/07/16 09:43:09	1014.4	1.0	26.9	27.0	78.0	78.0	193.0	346.0	3.3	3.6
2025/07/16 09:43:10	#	#	#	#	#	#	#	#	#	#
2025/07/16 09:43:11	1014.4	1.0	26.9	27.0	78.0	78.0	186.0	339.0	4.2	4.5
2025/07/16 09:43:12	1014.4	1.0	26.9	27.0	78.0	78.0	186.0	338.0	4.1	4.4
2025/07/16 09:43:13	1014.4	1.0	26.9	27.0	78.0	78.0	187.0	339.0	3.8	4.0
2025/07/16 09:43:14	1014.4	1.0	26.9	27.0	78.0	78.0	188.0	341.0	3.5	3.7
2025/07/16 09:43:15	1014.4	1.0	26.9	27.0	78.0	78.0	191.0	343.0	3.6	3.8
2025/07/16 09:43:16	1014.4	1.0	26.9	27.0	78.0	78.0	192.0	345.0	3.5	3.8
2025/07/16 09:43:17	1014.4	1.0	26.9	27.0	78.0	78.0	195.0	347.0	3.3	3.6
2025/07/16 09:43:18	1014.4	1.0	26.9	27.0	78.0	78.0	197.0	349.0	3.3	3.6
2025/07/16 09:43:19	1014.4	1.0	26.9	27.0	78.0	78.0	197.0	349.0	3.7	4.0
2025/07/16 09:43:20	1014.4	1.0	26.9	27.0	78.0	78.0	192.0	344.0	4.0	4.3
2025/07/16 09:43:21	1014.4	1.0	26.9	27.0	78.0	78.0	186.0	339.0	4.0	4.3
2025/07/16 09:43:22	1014.4	1.0	26.9	27.0	78.0	77.0	182.0	336.0	3.6	3.9
2025/07/16 09:43:23	#	#	#	#	#	#	#	#	#	#
2025/07/16 09:43:24	1014.4	1.0	26.9	27.0	78.0	77.0	181.0	335.0	3.4	3.7
2025/07/16 09:43:25	1014.4	1.0	26.9	27.0	78.0	77.0	183.0	337.0	3.4	3.7
2025/07/16 09:43:26	1014.4	1.0	26.9	27.0	78.0	77.0	189.0	343.0	3.4	3.8
2025/07/16 09:43:27	1014.4	1.0	26.9	27.0	78.0	77.0	196.0	349.0	3.3	3.7
2025/07/16 09:43:28	1014.4	1.0	26.9	27.0	78.0	77.0	197.0	350.0	3.3	3.6
2025/07/16 09:43:29	1014.4	1.0	26.9	27.0	78.0	78.0	196.0	347.0	3.5	3.5
2025/07/16 09:43:30	1014.4	1.0	26.9	27.0	78.0	78.0	193.0	345.0	3.4	3.4
2025/07/16 09:43:31	1014.4	1.0	26.9	27.0	78.0	77.0	192.0	344.0	3.4	3.4
2025/07/16 09:43:32	1014.4	1.0	26.9	27.0	78.0	77.0	193.0	344.0	3.5	3.5
2025/07/16 09:43:33	1014.4	1.0	26.9	27.0	78.0	77.0	191.0	343.0	3.8	3.8
2025/07/16 09:43:34	1014.4	1.0	26.9	27.0	78.0	78.0	186.0	340.0	3.5	3.8
2025/07/16 09:43:35	1014.4	1.0	26.9	27.0	78.0	78.0	185.0	339.0	3.4	3.8
2025/07/16 09:43:36	1014.4	1.0	26.9	27.0	78.0	77.0	189.0	343.0	3.3	3.6
2025/07/16 09:43:37	#	#	#	#	#	#	#	#	#	#
2025/07/16 09:43:38	1014.4	1.0	26.9	27.0	78.0	77.0	193.0	345.0	3.3	3.5
2025/07/16 09:43:39	1014.4	1.0	26.9	27.0	78.0	78.0	197.0	348.0	3.4	3.4
2025/07/16 09:43:40	1014.4	1.0	26.9	27.0	78.0	78.0	202.0	353.0	3.3	3.3
2025/07/16 09:43:41	1014.4	1.0	26.9	27.0	78.0	78.0	199.0	351.0	3.0	3.3
2025/07/16 09:43:42	1014.4	1.0	26.9	27.0	78.0	78.0	197.0	350.0	3.0	3.3
2025/07/16 09:43:43	1014.4	1.0	26.9	27.0	78.0	78.0	194.0	347.0	2.7	3.0
2025/07/16 09:43:44	1014.4	1.0	26.9	27.0	78.0	78.0	197.0	348.0	2.9	2.9
2025/07/16 09:43:45	1014.4	1.0	26.9	27.0	78.0	78.0	203.0	354.0	3.2	3.2
2025/07/16 09:43:46	#	#	#	#	#	#	#	#	#	#
2025/07/16 09:43:47	1014.4	1.0	26.9	27.0	78.0	78.0	204.0	355.0	3.5	3.5
2025/07/16 09:43:48	1014.4	1.0	26.9	27.0	78.0	78.0	201.0	353.0	4.1	4.1
2025/07/16 09:43:49	1014.4	1.0	26.9	27.0	78.0	78.0	194.0	347.0	3.3	3.7
2025/07/16 09:43:50	#	#	#	#	#	#	#	#	#	#
2025/07/16 09:43:51	1014.4	1.0	26.9	27.0	78.0	78.0	190.0	344.0	3.1	3.4
2025/07/16 09:43:52	1014.4	1.0	26.9	27.0	78.0	78.0	191.0	345.0	3.1	3.5
2025/07/16 09:43:53	1014.4	1.0	26.9	27.0	78.0	78.0	200.0	353.0	3.6	4.0
2025/07/16 09:43:54	#	#	#	#	#	#	#	#	#	#
2025/07/16 09:43:55	1014.4	1.0	26.9	27.0	78.0	78.0	202.0	355.0	3.5	3.8
2025/07/16 09:43:56	1014.4	1.0	26.9	27.0	78.0	78.0	201.0	353.0	3.4	3.4
2025/07/16 09:43:57	1014.4	1.0	26.9	27.0	78.0	78.0	200.0	352.0	3.2	3.2
2025/07/16 09:43:58	1014.4	1.0	26.9	27.0	78.0	78.0	200.0	352.0	3.4	3.4
2025/07/16 09:43:59	1014.4	1.0	26.9	27.0	78.0	78.0	197.0	348.0	3.6	3.6
2025/07/16 09:44:00	1014.4	1.0	26.9	27.0	78.0	78.0	196.0	348.0	3.6	3.6
2025/07/16 09:44:01	1014.4	1.0	26.9	27.0	78.0	78.0	196.0	348.0	3.7	3.7
2025/07/16 09:44:02	1014.4	1.0	26.9	27.0	78.0	78.0	193.0	346.0	3.3	3.5
2025/07/16 09:44:03	1014.4	1.0	26.9	27.0	78.0	78.0	192.0	346.0	3.6	3.8
2025/07/16 09:44:04	1014.4	1.0	26.9	27.0	78.0	78.0	188.0	342.0	3.5	3.7
2025/07/16 09:44:05	1014.4	1.0	26.9	27.0	78.0	78.0	187.0	341.0	3.4	3.7
2025/07/16 09:44:06	1014.4	1.0	26.9	27.0	78.0	78.0	183.0	338.0	3.5	3.9
2025/07/16 09:44:07	1014.4	1.0	26.9	27.0	78.0	78.0	184.0	339.0	3.6	4.0
2025/07/16 09:44:08	1014.4	1.0	26.9	27.0	78.0	78.0	187.0	342.0	3.4	3.7
2025/07/16 09:44:09	1014.4	1.0	26.9	27.0	78.0	78.0	191.0	343.0	3.4	3.4
2025/07/16 09:44:10	1014.4	1.0	26.9	27.0	78.0	78.0	196.0	348.0	3.1	3.1
2025/07/16 09:44:11	1014.4	1.0	26.9	27.0	78.0	78.0	201.0	353.0	3.2	3.2
2025/07/16 09:44:12	1014.4	1.0	26.9	27.0	78.0	78.0	199.0	351.0	3.9	3.9
2025/07/16 09:44:13	#	#	#	#	#	#	#	#	#	#
2025/07/16 09:44:14	1014.4	1.0	26.9	27.0	78.0	78.0	194.0	346.0	3.8	3.8
2025/07/16 09:44:15	1014.4	1.0	26.9	27.0	78.0	78.0	190.0	342.0	3.7	3.7
2025/07/16 09:44:16	1014.4	1.0	26.9	27.0	78.0	78.0	188.0	341.0	4.0	4.0
2025/07/16 09:44:17	1014.4	1.0	26.9	27.0	78.0	78.0	187.0	339.0	4.3	4.3
2025/07/16 09:44:18	1014.4	1.0	26.9	27.0	78.0	78.0	185.0	339.0	4.0	4.3
2025/07/16 09:44:19	1014.4	1.0	26.9	27.0	78.0	78.0	188.0	343.0	3.0	3.4
2025/07/16 09:44:20	1014.4	1.0	26.9	27.0	78.0	78.0	197.0	350.0	2.9	3.2
2025/07/16 09:44:21	1014.4	1.0	26.9	27.0	78.0	78.0	204.0	357.0	3.5	3.5
2025/07/16 09:44:22	1014.4	1.0	26.9	27.0	78.0	78.0	206.0	358.0	3.7	3.7
2025/07/16 09:44:23	1014.4	1.0	26.9	27.0	78.0	78.0	203.0	355.0	3.7	3.7
2025/07/16 09:44:24	1014.4	1.0	26.9	27.0	78.0	78.0	196.0	350.0	3.1	3.4
2025/07/16 09:44:25	#	#	#	#	#	#	#	#	#	#
2025/07/16 09:44:26	1014.4	1.0	26.9	27.0	78.0	78.0	195.0	347.0	3.0	3.0
2025/07/16 09:44:27	1014.4	1.0	26.9	27.0	78.0	78.0	193.0	345.0	3.0	3.0
2025/07/16 09:44:28	1014.4	1.0	26.9	27.0	78.0	78.0	190.0	342.0	3.4	3.4
2025/07/16 09:44:29	1014.4	1.0	26.9	27.0	78.0	78.0	191.0	343.0	3.8	3.8
2025/07/16 09:44:30	1014.4	1.0	26.9	27.0	78.0	78.0	191.0	343.0	3.9	3.9
2025/07/16 09:44:31	1014.4	1.0	26.9	27.0	78.0	78.0	186.0	338.0	3.9	3.9
2025/07/16 09:44:32	1014.4	1.0	26.9	27.0	78.0	78.0	180.0	335.0	3.6	3.9
2025/07/16 09:44:33	1014.4	1.0	26.9	27.0	78.0	78.0	180.0	336.0	3.6	4.0
2025/07/16 09:44:34	1014.4	1.0	26.9	27.0	78.0	78.0	184.0	339.0	3.7	4.0
2025/07/16 09:44:35	1014.4	1.0	26.9	27.0	78.0	78.0	191.0	345.0	3.5	3.8
2025/07/16 09:44:36	1014.4	1.0	26.9	27.0	78.0	78.0	196.0	350.0	3.3	3.6
2025/07/16 09:44:37	1014.4	1.0	26.9	27.0	78.0	78.0	202.0	355.0	3.5	3.5
2025/07/16 09:44:38	1014.4	1.0	26.9	27.0	78.0	78.0	205.0	357.0	3.5	3.5
2025/07/16 09:44:39	1014.4	1.0	26.9	27.0	78.0	78.0	204.0	356.0	3.4	3.4
2025/07/16 09:44:40	1014.4	1.0	26.9	27.0	78.0	78.0	198.0	350.0	3.5	3.5
2025/07/16 09:44:41	1014.4	1.0	26.9	27.0	78.0	78.0	190.0	342.0	3.8	3.8
2025/07/16 09:44:42	1014.4	1.0	26.9	27.0	78.0	78.0	184.0	337.0	4.0	4.0
2025/07/16 09:44:43	1014.4	1.0	26.9	27.0	78.0	78.0	180.0	332.0	4.2	4.2
2025/07/16 09:44:44	1014.4	1.0	26.9	27.0	78.0	78.0	184.0	337.0	3.9	4.1
2025/07/16 09:44:45	1014.4	1.0	26.9	27.0	78.0	78.0	185.0	339.0	3.6	3.8
2025/07/16 09:44:46	1014.4	1.0	26.9	27.0	78.0	78.0	186.0	340.0	3.3	3.5
2025/07/16 09:44:47	1014.4	1.0	26.9	27.0	78.0	78.0	188.0	343.0	3.0	3.4
2025/07/16 09:44:48	1014.4	1.0	26.9	27.0	78.0	78.0	194.0	348.0	3.1	3.5
2025/07/16 09:44:49	1014.4	1.0	26.9	27.0	78.0	78.0	198.0	352.0	3.3	3.6
2025/07/16 09:44:50	1014.4	1.0	26.9	27.0	78.0	78.0	199.0	352.0	3.5	3.5
2025/07/16 09:44:51	#	#	#	#	#	#	#	#	#	#
2025/07/16 09:44:52	1014.4	1.0	26.9	27.0	78.0	78.0	199.0	351.0	3.3	3.3
2025/07/16 09:44:53	1014.4	1.0	26.9	27.0	78.0	78.0	196.0	348.0	3.1	3.4
2025/07/16 09:44:54	1014.4	1.0	26.9	27.0	78.0	78.0	196.0	349.0	3.2	3.5
2025/07/16 09:44:55	1014.4	1.0	26.9	27.0	78.0	78.0	193.0	345.0	3.4	3.4
2025/07/16 09:44:56	#	#	#	#	#	#	#	#	#	#
2025/07/16 09:44:57	1014.4	1.0	26.9	27.0	78.0	78.0	185.0	338.0	3.4	3.4
2025/07/16 09:44:58	1014.4	1.0	26.9	27.0	78.0	78.0	180.0	335.0	3.5	3.7
2025/07/16 09:44:59	1014.4	1.0	26.9	27.0	78.0	78.0	180.0	336.0	3.8	4.1
2025/07/16 09:45:00	1014.4	1.0	26.9	27.0	78.0	78.0	182.0	337.0	4.0	4.4
2025/07/16 09:45:01	1014.4	1.0	26.9	27.0	78.0	78.0	185.0	340.0	3.7	4.1
2025/07/16 09:45:02	#	#	#	#	#	#	#	#	#	#
2025/07/16 09:45:03	1014.4	1.0	26.9	27.0	78.0	78.0	191.0	345.0	3.1	3.4
2025/07/16 09:45:04	1014.4	1.0	26.9	27.0	78.0	78.0	202.0	355.0	2.8	3.1
2025/07/16 09:45:05	1014.4	1.0	26.9	27.0	78.0	78.0	207.0	360.0	2.9	2.9
2025/07/16 09:45:06	1014.4	1.0	26.9	27.0	78.0	78.0	202.0	355.0	3.2	3.2
2025/07/16 09:45:07	1014.4	1.0	26.9	27.0	78.0	78.0	196.0	349.0	3.7	3.7
2025/07/16 09:45:08	1014.4	1.0	27.0	27.0	78.0	78.0	190.0	343.0	3.8	3.8
2025/07/16 09:45:09	1014.4	1.0	27.0	27.0	78.0	78.0	183.0	336.0	3.7	3.7
2025/07/16 09:45:10	#	#	#	#	#	#	#	#	#	#
2025/07/16 09:45:11	1014.4	1.0	27.0	27.0	78.0	78.0	178.0	333.0	3.3	3.5
2025/07/16 09:45:12	1014.4	1.0	27.0	27.0	78.0	78.0	174.0	330.0	3.0	3.2
2025/07/16 09:45:13	1014.4	1.0	27.0	27.0	78.0	79.0	180.0	333.0	3.5	3.5
2025/07/16 09:45:14	1014.4	1.0	27.0	27.0	78.0	79.0	187.0	342.0	3.4	3.6
2025/07/16 09:45:15	#	#	#	#	#	#	#	#	#	#
2025/07/16 09:45:16	1014.4	1.0	27.0	27.0	78.0	78.0	190.0	345.0	2.8	3.1
2025/07/16 09:45:17	1014.4	1.0	27.0	27.0	78.0	78.0	195.0	350.0	2.6	2.9
2025/07/16 09:45:18	1014.4	1.0	27.0	27.0	78.0	78.0	199.0	353.0	2.5	2.8
2025/07/16 09:45:19	1014.4	1.0	27.0	27.0	78.0	78.0	202.0	355.0	3.0	3.0
2025/07/16 09:45:20	1014.4	1.0	26.9	27.0	78.0	78.0	203.0	357.0	3.2	3.2
2025/07/16 09:45:21	1014.4	1.0	26.9	27.0	78.0	78.0	199.0	353.0	3.5	3.5
2025/07/16 09:45:22	1014.4	1.0	26.9	27.0	78.0	78.0	193.0	346.0	3.7	3.7
2025/07/16 09:45:23	1014.4	1.0	26.9	27.0	78.0	78.0	181.0	337.0	3.2	3.4
2025/07/16 09:45:24	1014.4	1.0	26.9	27.0	78.0	78.0	173.0	330.0	3.1	3.4
2025/07/16 09:45:25	1014.4	1.0	26.9	27.0	78.0	78.0	177.0	333.0	3.1	3.4
2025/07/16 09:45:26	1014.4	1.0	26.9	27.0	78.0	78.0	185.0	339.0	3.7	3.7
2025/07/16 09:45:27	1014.4	1.0	26.9	27.0	78.0	78.0	193.0	347.0	3.7	3.7
2025/07/16 09:45:28	1014.4	1.0	26.9	27.0	78.0	78.0	193.0	347.0	3.6	3.6
2025/07/16 09:45:29	1014.4	1.0	26.9	27.0	78.0	78.0	194.0	348.0	3.3	3.3
2025/07/16 09:45:30	1014.4	1.0	26.9	27.0	78.0	78.0	193.0	347.0	3.3	3.3
2025/07/16 09:45:31	1014.4	1.0	26.9	27.0	78.0	78.0	192.0	347.0	3.2	3.4
2025/07/16 09:45:32	1014.4	1.0	26.9	27.0	78.0	78.0	190.0	345.0	3.1	3.4
2025/07/16 09:45:33	1014.4	1.0	26.9	27.0	78.0	78.0	188.0	344.0	2.9	3.2
2025/07/16 09:45:34	1014.4	1.0	26.9	27.0	78.0	78.0	187.0	343.0	3.1	3.4
2025/07/16 09:45:35	1014.4	1.0	26.9	27.0	78.0	78.0	186.0	341.0	3.3	3.5
2025/07/16 09:45:36	1014.4	1.0	26.9	27.0	78.0	78.0	184.0	338.0	3.5	3.5
2025/07/16 09:45:37	1014.4	1.0	26.9	27.0	78.0	78.0	181.0	336.0	3.4	3.4
2025/07/16 09:45:38	1014.4	1.0	26.9	27.0	78.0	78.0	178.0	333.0	3.2	3.2
2025/07/16 09:45:39	1014.4	1.0	26.9	27.0	78.0	78.0	179.0	333.0	3.1	3.1
2025/07/16 09:45:40	1014.4	1.0	26.9	27.0	78.0	78.0	182.0	335.0	3.1	3.1
2025/07/16 09:45:41	1014.4	1.0	26.9	27.0	78.0	78.0	186.0	340.0	3.3	3.3
2025/07/16 09:45:42	1014.4	1.0	26.9	27.0	78.0	78.0	187.0	341.0	3.5	3.5
2025/07/16 09:45:43	1014.4	1.0	26.9	27.0	78.0	78.0	183.0	339.0	3.2	3.4
2025/07/16 09:45:44	1014.4	1.0	26.9	27.0	78.0	78.0	179.0	336.0	2.8	3.1
2025/07/16 09:45:45	1014.4	1.0	26.9	27.0	78.0	78.0	178.0	335.0	2.7	2.9
2025/07/16 09:45:46	1014.4	1.0	26.9	27.0	78.0	78.0	184.0	338.0	3.1	3.1
2025/07/16 09:45:47	1014.4	1.0	26.9	27.0	78.0	78.0	188.0	342.0	3.4	3.4
2025/07/16 09:45:48	1014.4	1.0	26.9	27.0	78.0	78.0	192.0	345.0	3.8	3.8
2025/07/16 09:45:49	1014.4	1.0	26.9	27.0	78.0	78.0	191.0	345.0	3.8	3.8
2025/07/16 09:45:50	1014.4	1.0	26.9	27.0	78.0	78.0	186.0	340.0	3.5	3.5
2025/07/16 09:45:51	1014.4	1.0	26.9	27.0	78.0	78.0	180.0	334.0	3.2	3.2
2025/07/16 09:45:52	1014.4	1.0	26.9	27.0	78.0	78.0	176.0	330.0	3.1	3.1
2025/07/16 09:45:53	#	#	#	#	#	#	#	#	#	#
2025/07/16 09:45:54	1014.4	1.0	26.9	27.0	78.0	78.0	185.0	338.0	3.6	3.6
2025/07/16 09:45:55	1014.4	1.0	26.9	27.0	78.0	78.0	185.0	338.0	3.9	3.9
2025/07/16 09:45:56	1014.4	1.0	26.9	27.0	78.0	78.0	185.0	338.0	3.8	3.8
2025/07/16 09:45:57	1014.4	1.0	26.9	27.0	78.0	78.0	187.0	342.0	3.3	3.5
2025/07/16 09:45:58	1014.4	1.0	26.9	27.0	78.0	78.0	192.0	347.0	3.0	3.3
2025/07/16 09:45:59	1014.4	1.0	26.9	27.0	78.0	78.0	201.0	355.0	3.0	3.3
2025/07/16 09:46:00	1014.4	1.0	26.9	27.0	78.0	78.0	205.0	359.0	3.4	3.4
2025/07/16 09:46:01	1014.4	1.0	26.9	27.0	78.0	78.0	194.0	348.0	3.5	3.5
2025/07/16 09:46:02	1014.4	1.0	26.9	27.0	78.0	78.0	187.0	341.0	3.8	3.8
2025/07/16 09:46:03	1014.4	1.0	26.9	27.0	78.0	78.0	185.0	339.0	4.1	4.1
2025/07/16 09:46:04	1014.4	1.0	26.9	27.0	78.0	78.0	184.0	339.0	4.2	4.4
2025/07/16 09:46:05	#	#	#	#	#	#	#	#	#	#
2025/07/16 09:46:06	1014.4	1.0	26.9	27.0	78.0	78.0	186.0	342.0	3.9	4.2
2025/07/16 09:46:07	1014.4	1.0	26.9	27.0	78.0	78.0	185.0	340.0	3.4	3.7
2025/07/16 09:46:08	1014.4	1.0	26.9	27.0	78.0	78.0	190.0	344.0	3.5	3.5
2025/07/16 09:46:09	#	#	#	#	#	#	#	#	#	#
2025/07/16 09:46:10	1014.4	1.0	26.9	27.0	78.0	78.0	195.0	348.0	3.9	3.9
2025/07/16 09:46:11	1014.4	1.0	26.9	27.0	78.0	78.0	195.0	349.0	3.9	3.9
2025/07/16 09:46:12	1014.4	1.0	26.9	27.0	78.0	78.0	196.0	350.0	3.8	3.8
2025/07/16 09:46:13	1014.4	1.0	26.9	27.0	78.0	78.0	198.0	352.0	3.4	3.7
2025/07/16 09:46:14	1014.4	1.0	26.9	27.0	78.0	78.0	198.0	352.0	3.7	4.0
2025/07/16 09:46:15	1014.4	1.0	26.9	27.0	78.0	78.0	195.0	350.0	3.8	4.1
2025/07/16 09:46:16	1014.4	1.0	26.9	27.0	78.0	78.0	193.0	346.0	3.9	3.9
2025/07/16 09:46:17	1014.4	1.0	26.9	27.0	78.0	78.0	188.0	342.0	3.9	3.9
2025/07/16 09:46:18	1014.4	1.0	26.9	27.0	78.0	78.0	186.0	339.0	4.0	4.0
2025/07/16 09:46:19	1014.4	1.0	26.9	27.0	78.0	78.0	186.0	339.0	4.0	4.0
2025/07/16 09:46:20	#	#	#	#	#	#	#	#	#	#
2025/07/16 09:46:21	1014.4	1.0	26.9	27.0	78.0	78.0	197.0	350.0	4.1	4.1
2025/07/16 09:46:22	1014.4	1.0	26.9	27.0	78.0	78.0	200.0	353.0	3.6	3.6
2025/07/16 09:46:23	1014.4	1.0	26.9	27.0	78.0	78.0	200.0	353.0	3.3	3.3
2025/07/16 09:46:24	1014.4	1.0	26.9	27.0	78.0	78.0	195.0	348.0	3.3	3.3
2025/07/16 09:46:25	1014.4	1.0	26.9	27.0	78.0	78.0	195.0	348.0	3.3	3.3
2025/07/16 09:46:26	1014.4	1.0	26.9	27.0	78.0	78.0	195.0	347.0	3.5	3.5
2025/07/16 09:46:27	1014.4	1.0	26.9	27.0	78.0	78.0	191.0	345.0	3.5	3.7
2025/07/16 09:46:28	1014.4	1.0	26.9	27.0	78.0	78.0	191.0	345.0	3.4	3.8
2025/07/16 09:46:29	1014.4	1.0	26.9	27.0	78.0	78.0	192.0	347.0	3.4	3.8
2025/07/16 09:46:30	#	#	#	#	#	#	#	#	#	#
2025/07/16 09:46:31	1014.4	1.0	26.9	27.0	78.0	78.0	199.0	352.0	3.9	3.9
2025/07/16 09:46:32	1014.4	1.0	26.9	27.0	78.0	78.0	194.0	347.0	4.0	4.0
2025/07/16 09:46:33	1014.4	1.0	26.9	27.0	78.0	78.0	183.0	337.0	3.8	4.0
2025/07/16 09:46:34	1014.4	1.0	26.9	27.0	78.0	78.0	186.0	341.0	3.2	3.6
2025/07/16 09:46:35	#	#	#	#	#	#	#	#	#	#
2025/07/16 09:46:36	1014.4	1.0	26.9	27.0	78.0	78.0	197.0	350.0	2.9	3.3
2025/07/16 09:46:37	1014.4	1.0	26.9	27.0	78.0	78.0	207.0	360.0	3.1	3.4
2025/07/16 09:46:38	1014.4	1.0	26.9	27.0	78.0	78.0	207.0	360.0	3.1	3.4
2025/07/16 09:46:39	1014.4	1.0	26.9	27.0	78.0	78.0	202.0	355.0	3.0	3.3
2025/07/16 09:46:40	1014.4	1.0	26.9	27.0	78.0	78.0	195.0	348.0	3.4	3.4
2025/07/16 09:46:41	1014.4	1.0	26.9	27.0	78.0	78.0	189.0	342.0	3.6	3.6
2025/07/16 09:46:42	1014.4	1.0	26.9	27.0	78.0	78.0	185.0	338.0	3.8	3.8
2025/07/16 09:46:43	1014.4	1.0	26.9	27.0	78.0	78.0	183.0	337.0	3.6	3.9
2025/07/16 09:46:44	1014.4	1.0	26.9	27.0	78.0	78.0	187.0	341.0	3.8	4.1
2025/07/16 09:46:45	1014.4	1.0	26.9	27.0	78.0	78.0	190.0	344.0	4.1	4.3
2025/07/16 09:46:46	1014.4	1.0	26.9	27.0	78.0	78.0	190.0	344.0	3.9	4.1
2025/07/16 09:46:47	1014.4	1.0	26.9	27.0	78.0	78.0	191.0	345.0	3.3	3.5
2025/07/16 09:46:48	1014.4	1.0	26.9	27.0	78.0	78.0	191.0	346.0	3.0	3.2
2025/07/16 09:46:49	1014.4	1.0	26.9	27.0	78.0	78.0	193.0	346.0	3.2	3.2
2025/07/16 09:46:50	1014.4	1.0	26.9	27.0	78.0	78.0	199.0	352.0	3.6	3.6
2025/07/16 09:46:51	1014.4	1.0	26.9	27.0	78.0	78.0	202.0	354.0	4.1	4.1
2025/07/16 09:46:52	1014.4	1.0	26.9	27.0	78.0	78.0	201.0	354.0	3.9	4.2
2025/07/16 09:46:53	1014.4	1.0	26.9	27.0	78.0	78.0	196.0	350.0	3.5	3.9
2025/07/16 09:46:54	1014.4	1.0	26.9	27.0	78.0	78.0	186.0	341.0	3.3	3.6
2025/07/16 09:46:55	1014.4	1.0	26.9	27.0	78.0	78.0	181.0	336.0	3.2	3.5
2025/07/16 09:46:56	1014.4	1.0	26.9	27.0	78.0	78.0	180.0	335.0	3.4	3.6
2025/07/16 09:46:57	1014.4	1.0	26.9	27.0	78.0	78.0	188.0	341.0	3.7	3.7
2025/07/16 09:46:58	1014.4	1.0	26.9	27.0	78.0	78.0	187.0	340.0	3.6	3.6
2025/07/16 09:46:59	1014.4	1.0	26.9	27.0	78.0	78.0	187.0	340.0	4.0	4.0
2025/07/16 09:47:00	1014.4	1.0	26.9	27.0	78.0	78.0	190.0	343.0	4.5	4.5
2025/07/16 09:47:01	1014.4	1.0	26.9	27.0	78.0	78.0	192.0	345.0	4.1	4.3
2025/07/16 09:47:02	1014.4	1.0	26.9	27.0	78.0	78.0	194.0	348.0	3.3	3.6
2025/07/16 09:47:03	1014.4	1.0	26.9	27.0	78.0	78.0	197.0	350.0	2.7	3.0
2025/07/16 09:47:04	1014.4	1.0	26.9	27.0	78.0	78.0	199.0	352.0	3.5	3.5
2025/07/16 09:47:05	1014.4	1.0	26.9	27.0	78.0	78.0	197.0	350.0	4.0	4.0
2025/07/16 09:47:06	1014.4	1.0	26.9	27.0	78.0	78.0	194.0	347.0	4.1	4.1
2025/07/16 09:47:07	1014.4	1.0	26.9	27.0	78.0	78.0	189.0	341.0	3.8	3.8
2025/07/16 09:47:08	1014.4	1.0	26.9	27.0	78.0	78.0	182.0	337.0	3.6	3.8
2025/07/16 09:47:09	1014.4	1.0	26.9	27.0	78.0	78.0	179.0	333.0	3.6	3.8
2025/07/16 09:47:10	1014.4	1.0	26.9	27.0	78.0	78.0	180.0	335.0	3.7	4.0
2025/07/16 09:47:11	1014.4	1.0	26.9	27.0	78.0	78.0	180.0	334.0	3.7	4.0
2025/07/16 09:47:12	1014.4	1.0	26.9	27.0	78.0	78.0	182.0	337.0	3.3	3.6
2025/07/16 09:47:13	#	#	#	#	#	#	#	#	#	#
2025/07/16 09:47:14	1014.4	1.0	26.9	27.0	78.0	78.0	186.0	340.0	2.8	3.0
2025/07/16 09:47:15	1014.4	1.0	26.9	27.0	78.0	78.0	190.0	344.0	2.4	2.6
2025/07/16 09:47:16	1014.4	1.0	26.9	27.0	78.0	78.0	196.0	348.0	2.6	2.6
2025/07/16 09:47:17	1014.4	1.0	26.9	27.0	78.0	78.0	196.0	348.0	3.0	3.0
2025/07/16 09:47:18	1014.4	1.0	26.9	27.0	78.0	78.0	190.0	342.0	3.3	3.3
2025/07/16 09:47:19	1014.4	1.0	26.9	27.0	78.0	78.0	184.0	338.0	2.9	3.2
2025/07/16 09:47:20	1014.4	1.0	26.9	27.0	78.0	78.0	183.0	338.0	2.6	3.0
2025/07/16 09:47:21	1014.4	1.0	26.9	27.0	78.0	78.0	182.0	337.0	2.7	3.1
2025/07/16 09:47:22	1014.4	1.0	26.9	27.0	78.0	78.0	184.0	338.0	3.0	3.3
2025/07/16 09:47:23	1014.4	1.0	26.9	27.0	78.0	78.0	186.0	338.0	3.4	3.4
2025/07/16 09:47:24	1014.4	1.0	26.9	27.0	78.0	78.0	185.0	337.0	3.2	3.2
2025/07/16 09:47:25	1014.4	1.0	26.9	27.0	78.0	78.0	183.0	335.0	2.9	2.9
2025/07/16 09:47:26	1014.4	1.0	26.9	27.0	78.0	78.0	185.0	337.0	3.0	3.0
2025/07/16 09:47:27	1014.4	1.0	26.9	27.0	78.0	78.0	190.0	341.0	3.5	3.5
2025/07/16 09:47:28	1014.4	1.0	26.9	27.0	78.0	78.0	195.0	348.0	3.7	4.0
2025/07/16 09:47:29	1014.4	1.0	26.9	27.0	78.0	78.0	200.0	353.0	3.5	4.0
2025/07/16 09:47:30	1014.4	1.0	26.9	27.0	78.0	78.0	207.0	359.0	2.7	3.2
2025/07/16 09:47:31	1014.4	1.0	26.9	27.0	78.0	78.0	207.0	359.0	2.2	2.6
2025/07/16 09:47:32	#	#	#	#	#	#	#	#	#	#
2025/07/16 09:47:33	1014.4	1.0	26.9	27.0	78.0	78.0	190.0	342.0	2.7	2.7
2025/07/16 09:47:34	#	#	#	#	#	#	#	#	#	#
2025/07/16 09:47:35	1014.4	1.0	26.9	27.0	78.0	78.0	186.0	337.0	4.1	4.1
2025/07/16 09:47:36	1014.4	1.0	26.9	27.0	78.0	78.0	186.0	338.0	4.3	4.3
2025/07/16 09:47:37	1014.4	1.0	26.9	27.0	78.0	78.0	178.0	334.0	3.2	3.7
2025/07/16 09:47:38	1014.4	1.0	26.9	27.0	78.0	78.0	179.0	334.0	2.9	3.3
2025/07/16 09:47:39	#	#	#	#	#	#	#	#	#	#
2025/07/16 09:47:40	1014.4	1.0	26.9	27.0	78.0	78.0	183.0	337.0	3.0	3.3
2025/07/16 09:47:41	1014.4	1.0	26.9	27.0	78.0	78.0	187.0	338.0	3.3	3.3
2025/07/16 09:47:42	1014.4	1.0	26.9	27.0	78.0	78.0	191.0	344.0	2.6	2.9
2025/07/16 09:47:43	1014.4	1.0	26.9	27.0	78.0	78.0	205.0	356.0	3.1	3.1
2025/07/16 09:47:44	1014.4	1.0	26.9	27.0	78.0	78.0	207.0	358.0	3.5	3.5
2025/07/16 09:47:45	1014.4	1.0	26.9	27.0	78.0	78.0	197.0	350.0	3.6	4.0
2025/07/16 09:47:46	1014.4	1.0	26.9	27.0	78.0	78.0	183.0	337.0	3.6	4.0
2025/07/16 09:47:47	1014.4	1.0	26.9	27.0	78.0	78.0	169.0	325.0	3.5	3.9
2025/07/16 09:47:48	1014.4	1.0	26.9	27.0	78.0	78.0	161.0	316.0	3.6	3.9
2025/07/16 09:47:49	1014.4	1.0	26.9	27.0	78.0	78.0	158.0	313.0	3.7	3.9
2025/07/16 09:47:50	1014.4	1.0	26.9	27.0	78.0	78.0	169.0	320.0	4.3	4.3
2025/07/16 09:47:51	1014.4	1.0	26.9	27.0	78.0	78.0	177.0	328.0	4.5	4.5
2025/07/16 09:47:52	1014.4	1.0	26.9	27.0	78.0	78.0	182.0	333.0	4.1	4.1
2025/07/16 09:47:53	1014.4	1.0	26.9	27.0	78.0	78.0	184.0	335.0	3.7	3.7
2025/07/16 09:47:54	1014.4	1.0	26.9	27.0	78.0	78.0	175.0	330.0	2.9	3.2
2025/07/16 09:47:55	1014.4	1.0	26.9	27.0	78.0	78.0	173.0	328.0	2.9	3.2
2025/07/16 09:47:56	1014.4	1.0	26.9	27.0	78.0	78.0	173.0	328.0	2.8	3.1
2025/07/16 09:47:57	1014.4	1.0	26.9	27.0	78.0	78.0	174.0	329.0	2.8	3.1
2025/07/16 09:47:58	1014.4	1.0	26.9	27.0	78.0	78.0	178.0	332.0	2.8	3.1
2025/07/16 09:47:59	1014.4	1.0	26.9	27.0	78.0	78.0	182.0	333.0	3.3	3.3
2025/07/16 09:48:00	1014.4	1.0	26.9	27.0	78.0	78.0	181.0	332.0	3.5	3.5
2025/07/16 09:48:01	1014.4	1.0	26.9	27.0	78.0	78.0	177.0	328.0	3.8	3.8
2025/07/16 09:48:02	1014.4	1.0	26.9	27.0	78.0	78.0	171.0	322.0	3.8	3.8
2025/07/16 09:48:03	1014.4	1.0	26.9	27.0	78.0	78.0	165.0	319.0	3.8	4.0
2025/07/16 09:48:04	1014.4	1.0	26.9	27.0	78.0	78.0	164.0	319.0	3.8	4.0
2025/07/16 09:48:05	1014.4	1.0	26.9	27.0	78.0	78.0	168.0	322.0	3.7	4.0
2025/07/16 09:48:06	1014.4	1.0	26.9	27.0	78.0	78.0	175.0	328.0	3.6	3.9
2025/07/16 09:48:07	1014.4	1.0	26.9	27.0	79.0	78.0	179.0	332.0	3.3	3.6
2025/07/16 09:48:08	1014.4	1.0	26.9	27.0	79.0	78.0	179.0	332.0	3.0	3.2
2025/07/16 09:48:09	1014.4	1.0	26.9	27.0	78.0	78.0	181.0	333.0	2.9	2.9
2025/07/16 09:48:10	#	#	#	#	#	#	#	#	#	#
2025/07/16 09:48:11	1014.4	1.0	26.9	27.0	78.0	78.0	177.0	328.0	2.8	2.8
2025/07/16 09:48:12	1014.4	1.0	26.9	27.0	78.0	78.0	175.0	326.0	3.0	3.0
2025/07/16 09:48:13	1014.4	1.0	26.9	27.0	78.0	79.0	177.0	331.0	3.3	3.6
2025/07/16 09:48:14	1014.4	1.0	26.9	27.0	78.0	79.0	174.0	328.0	3.3	3.6
2025/07/16 09:48:15	1014.4	1.0	26.9	27.0	78.0	79.0	168.0	323.0	3.1	3.4
2025/07/16 09:48:16	1014.4	1.0	26.9	27.0	78.0	78.0	169.0	320.0	3.2	3.2
2025/07/16 09:48:17	#	#	#	#	#	#	#	#	#	#
2025/07/16 09:48:18	1014.4	1.0	26.9	27.0	79.0	78.0	171.0	322.0	3.3	3.3
2025/07/16 09:48:19	1014.4	1.0	26.9	27.0	79.0	78.0	174.0	325.0	3.5	3.5
2025/07/16 09:48:20	1014.4	1.0	26.9	27.0	78.0	78.0	168.0	322.0	3.4	3.7
2025/07/16 09:48:21	1014.4	1.0	26.9	27.0	78.0	78.0	168.0	322.0	3.1	3.4
2025/07/16 09:48:22	1014.4	1.0	26.9	27.0	78.0	78.0	171.0	326.0	2.6	2.9
2025/07/16 09:48:23	1014.4	1.0	26.9	27.0	78.0	78.0	181.0	332.0	2.7	2.7
2025/07/16 09:48:24	1014.4	1.0	26.9	27.0	78.0	78.0	186.0	337.0	2.7	2.7
2025/07/16 09:48:25	1014.4	1.0	26.9	27.0	78.0	78.0	184.0	335.0	2.9	2.9
2025/07/16 09:48:26	1014.4	1.0	26.9	27.0	78.0	78.0	182.0	332.0	3.1	3.1
2025/07/16 09:48:27	1014.4	1.0	26.9	27.0	78.0	78.0	177.0	330.0	3.0	3.3
2025/07/16 09:48:28	1014.4	1.0	26.9	27.0	78.0	78.0	175.0	329.0	3.2	3.5
2025/07/16 09:48:29	1014.4	1.0	26.9	27.0	78.0	78.0	170.0	325.0	3.3	3.6
2025/07/16 09:48:30	1014.4	1.0	26.9	27.0	78.0	78.0	165.0	321.0	3.1	3.4
2025/07/16 09:48:31	1014.4	1.0	26.9	27.0	78.0	78.0	164.0	319.0	2.9	3.1
2025/07/16 09:48:32	1014.4	1.0	26.9	27.0	78.0	78.0	171.0	322.0	3.0	3.0
2025/07/16 09:48:33	1014.4	1.0	26.9	27.0	79.0	78.0	178.0	329.0	3.1	3.1
2025/07/16 09:48:34	1014.4	1.0	26.9	27.0	79.0	78.0	181.0	332.0	3.4	3.4
2025/07/16 09:48:35	1014.4	1.0	26.9	27.0	79.0	78.0	179.0	332.0	3.4	3.6
2025/07/16 09:48:36	1014.4	1.0	26.9	27.0	78.0	78.0	178.0	332.0	3.2	3.5
2025/07/16 09:48:37	1014.4	1.0	26.9	27.0	78.0	78.0	177.0	332.0	2.8	3.2
2025/07/16 09:48:38	1014.4	1.0	26.9	27.0	78.0	78.0	175.0	331.0	2.4	2.8
2025/07/16 09:48:39	#	#	#	#	#	#	#	#	#	#
2025/07/16 09:48:40	1014.4	1.0	26.9	27.0	79.0	78.0	173.0	328.0	2.3	2.6
2025/07/16 09:48:41	1014.4	1.0	26.9	27.0	79.0	78.0	171.0	325.0	2.6	2.8
2025/07/16 09:48:42	1014.4	1.0	26.9	27.0	78.0	78.0	175.0	326.0	3.0	3.0
2025/07/16 09:48:43	1014.4	1.0	26.9	27.0	78.0	78.0	179.0	332.0	3.4	3.6
2025/07/16 09:48:44	#	#	#	#	#	#	#	#	#	#
2025/07/16 09:48:45	1014.4	1.0	26.9	27.0	78.0	78.0	181.0	335.0	3.5	3.8
2025/07/16 09:48:46	1014.4	1.0	26.9	27.0	78.0	78.0	180.0	335.0	3.2	3.6
2025/07/16 09:48:47	1014.4	1.0	26.9	27.0	78.0	78.0	173.0	328.0	2.8	3.1
2025/07/16 09:48:48	1014.4	1.0	26.9	27.0	78.0	78.0	167.0	323.0	2.5	2.7
2025/07/16 09:48:49	1014.4	1.0	26.9	27.0	78.0	78.0	172.0	323.0	2.9	2.9
2025/07/16 09:48:50	1014.4	1.0	26.9	27.0	78.0	78.0	177.0	328.0	3.5	3.5
2025/07/16 09:48:51	1014.4	1.0	26.9	27.0	78.0	78.0	179.0	333.0	3.6	3.8
2025/07/16 09:48:52	1014.4	1.0	26.9	27.0	78.0	78.0	185.0	339.0	2.7	3.0
2025/07/16 09:48:53	1014.4	1.0	26.9	27.0	78.0	78.0	184.0	338.0	2.4	2.6
2025/07/16 09:48:54	#	#	#	#	#	#	#	#	#	#
2025/07/16 09:48:55	1014.4	1.0	26.9	27.0	78.0	78.0	180.0	331.0	2.6	2.6
2025/07/16 09:48:56	#	#	#	#	#	#	#	#	#	#
2025/07/16 09:48:57	1014.4	1.0	26.9	27.0	78.0	78.0	169.0	323.0	2.8	3.0
2025/07/16 09:48:58	1014.4	1.0	26.9	27.0	79.0	78.0	175.0	329.0	2.9	3.2
2025/07/16 09:48:59	1014.4	1.0	26.9	27.0	78.0	78.0	177.0	332.0	2.7	3.1
2025/07/16 09:49:00	1014.4	1.0	26.9	27.0	78.0	78.0	174.0	330.0	2.6	2.9
2025/07/16 09:49:01	1014.4	1.0	26.9	27.0	78.0	79.0	172.0	328.0	2.3	2.6
2025/07/16 09:49:02	1014.4	1.0	26.9	27.0	78.0	79.0	170.0	325.0	2.4	2.6
2025/07/16 09:49:03	1014.4	1.0	26.9	27.0	78.0	78.0	175.0	326.0	2.9	2.9
2025/07/16 09:49:04	1014.4	1.0	26.9	27.0	78.0	78.0	173.0	326.0	3.1	3.3
2025/07/16 09:49:05	1014.4	1.0	26.9	27.0	78.0	78.0	174.0	328.0	3.1	3.4
2025/07/16 09:49:06	1014.4	1.0	26.9	27.0	78.0	78.0	174.0	328.0	2.9	3.2
2025/07/16 09:49:07	1014.4	1.0	26.9	27.0	78.0	78.0	172.0	327.0	2.7	2.9
2025/07/16 09:49:08	1014.4	1.0	26.9	27.0	78.0	78.0	174.0	325.0	2.7	2.7
2025/07/16 09:49:09	1014.4	1.0	26.9	27.0	78.0	78.0	174.0	325.0	2.9	2.9
2025/07/16 09:49:10	1014.4	1.0	26.9	27.0	78.0	78.0	173.0	327.0	2.9	3.1
2025/07/16 09:49:11	1014.4	1.0	26.9	27.0	78.0	78.0	175.0	330.0	2.7	3.0
2025/07/16 09:49:12	1014.4	1.0	26.9	27.0	78.0	78.0	175.0	331.0	2.5	2.9
2025/07/16 09:49:13	#	#	#	#	#	#	#	#	#	#
2025/07/16 09:49:14	1014.4	1.0	26.9	27.0	78.0	78.0	178.0	333.0	2.4	2.8
2025/07/16 09:49:15	1014.4	1.0	26.9	27.0	78.0	78.0	173.0	324.0	2.9	2.9
2025/07/16 09:49:16	#	#	#	#	#	#	#	#	#	#
2025/07/16 09:49:17	1014.4	1.0	26.9	27.0	78.0	78.0	166.0	317.0	3.1	3.1
2025/07/16 09:49:18	1014.4	1.0	26.9	27.0	78.0	78.0	164.0	319.0	2.9	3.1
2025/07/16 09:49:19	#	#	#	#	#	#	#	#	#	#
2025/07/16 09:49:20	1014.4	1.0	26.9	27.0	78.0	78.0	172.0	326.0	2.8	3.1
2025/07/16 09:49:21	1014.4	1.0	26.9	27.0	78.0	78.0	181.0	335.0	2.7	3.0
2025/07/16 09:49:22	1014.4	1.0	26.9	27.0	78.0	78.0	188.0	342.0	2.5	2.8
2025/07/16 09:49:23	1014.4	1.0	26.9	27.0	78.0	78.0	188.0	342.0	2.1	2.4
2025/07/16 09:49:24	1014.4	1.0	26.9	27.0	78.0	78.0	182.0	337.0	1.8	2.1
2025/07/16 09:49:25	1014.4	1.0	26.9	27.0	78.0	78.0	180.0	331.0	2.1	2.1
2025/07/16 09:49:26	1014.4	1.0	26.9	27.0	78.0	78.0	177.0	328.0	2.4	2.4
2025/07/16 09:49:27	1014.4	1.0	26.9	27.0	78.0	78.0	175.0	325.0	2.9	2.9
2025/07/16 09:49:28	1014.4	1.0	26.9	27.0	78.0	78.0	175.0	325.0	3.2	3.2
2025/07/16 09:49:29	1014.4	1.0	26.9	27.0	79.0	78.0	173.0	328.0	2.8	3.1
2025/07/16 09:49:30	1014.4	1.0	26.9	27.0	79.0	78.0	173.0	331.0	2.3	2.7
2025/07/16 09:49:31	1014.4	1.0	26.9	27.0	79.0	78.0	168.0	327.0	2.0	2.4
2025/07/16 09:49:32	1014.4	1.0	26.9	27.0	79.0	78.0	164.0	322.0	2.1	2.4
2025/07/16 09:49:33	1014.4	1.0	26.9	27.0	79.0	78.0	166.0	321.0	2.5	2.7
2025/07/16 09:49:34	1014.4	1.0	26.9	27.0	79.0	78.0	174.0	325.0	3.0	3.0
2025/07/16 09:49:35	1014.4	1.0	26.9	27.0	79.0	78.0	177.0	328.0	2.9	2.9
2025/07/16 09:49:36	1014.4	1.0	26.9	27.0	79.0	78.0	178.0	333.0	2.2	2.5
2025/07/16 09:49:37	1014.4	1.0	26.9	27.0	78.0	78.0	183.0	338.0	2.0	2.2
2025/07/16 09:49:38	1014.4	1.0	26.9	27.0	78.0	78.0	185.0	339.0	1.9	2.2
2025/07/16 09:49:39	1014.4	1.0	26.9	27.0	78.0	78.0	182.0	337.0	2.2	2.5
2025/07/16 09:49:40	1014.4	1.0	26.9	27.0	78.0	78.0	181.0	335.0	2.5	2.8
2025/07/16 09:49:41	1014.4	1.0	26.9	27.0	78.0	78.0	177.0	333.0	2.4	2.8
2025/07/16 09:49:42	1014.4	1.0	26.9	27.0	78.0	78.0	172.0	328.0	2.2	2.5
2025/07/16 09:49:43	1014.4	1.0	26.9	27.0	79.0	78.0	171.0	326.0	2.2	2.5
2025/07/16 09:49:44	1014.4	1.0	26.9	27.0	79.0	78.0	174.0	329.0	2.4	2.6
2025/07/16 09:49:45	1014.4	1.0	26.9	27.0	78.0	78.0	176.0	327.0	2.6	2.6
2025/07/16 09:49:46	1014.4	1.0	26.9	27.0	78.0	78.0	175.0	326.0	2.8	2.8
2025/07/16 09:49:47	1014.4	1.0	26.9	27.0	78.0	78.0	174.0	325.0	2.9	2.9
2025/07/16 09:49:48	1014.4	1.0	26.9	27.0	79.0	78.0	170.0	325.0	2.6	2.8
2025/07/16 09:49:49	1014.4	1.0	26.9	27.0	79.0	78.0	165.0	322.0	2.1	2.4
2025/07/16 09:49:50	1014.4	1.0	26.9	27.0	79.0	78.0	166.0	322.0	2.0	2.2
2025/07/16 09:49:51	1014.4	1.0	26.9	27.0	78.0	78.0	170.0	325.0	1.9	2.1
2025/07/16 09:49:52	1014.4	1.0	26.9	27.0	78.0	78.0	186.0	337.0	2.7	2.7
2025/07/16 09:49:53	1014.4	1.0	26.9	27.0	79.0	78.0	185.0	338.0	3.0	3.2
2025/07/16 09:49:54	1014.4	1.0	26.9	27.0	79.0	78.0	184.0	338.0	3.0	3.3
2025/07/16 09:49:55	1014.4	1.0	26.9	27.0	79.0	78.0	179.0	333.0	2.6	2.9
2025/07/16 09:49:56	1014.4	1.0	26.9	27.0	79.0	78.0	177.0	331.0	2.4	2.6
2025/07/16 09:49:57	1014.4	1.0	26.9	27.0	79.0	78.0	178.0	333.0	2.3	2.5
2025/07/16 09:49:58	1014.4	1.0	26.9	27.0	79.0	78.0	179.0	333.0	2.7	2.9
2025/07/16 09:49:59	1014.4	1.0	26.9	27.0	79.0	78.0	179.0	330.0	3.6	3.6
2025/07/16 09:50:00	1014.4	1.0	26.9	27.0	79.0	78.0	175.0	329.0	3.3	3.6
2025/07/16 09:50:01	1014.4	1.0	26.9	27.0	79.0	78.0	174.0	329.0	2.9	3.2
2025/07/16 09:50:02	1014.4	1.0	26.9	27.0	79.0	78.0	178.0	334.0	2.5	2.9
2025/07/16 09:50:03	1014.4	1.0	26.9	27.0	78.0	78.0	189.0	342.0	2.6	2.8
2025/07/16 09:50:04	1014.4	1.0	26.9	27.0	78.0	78.0	192.0	343.0	3.0	3.0
2025/07/16 09:50:05	1014.4	1.0	26.9	27.0	78.0	78.0	188.0	339.0	2.9	2.9
2025/07/16 09:50:06	1014.4	1.0	26.9	27.0	78.0	78.0	182.0	333.0	2.7	2.7
2025/07/16 09:50:07	1014.4	1.0	26.9	27.0	78.0	78.0	176.0	330.0	2.5	2.7
2025/07/16 09:50:08	1014.4	1.0	26.9	27.0	79.0	78.0	176.0	330.0	2.5	2.8
2025/07/16 09:50:09	1014.4	1.0	26.9	27.0	79.0	78.0	179.0	334.0	2.8	3.2
2025/07/16 09:50:10	#	#	#	#	#	#	#	#	#	#
2025/07/16 09:50:11	1014.4	1.0	26.9	27.0	79.0	78.0	176.0	331.0	2.9	3.3
2025/07/16 09:50:12	1014.4	1.0	26.9	27.0	79.0	78.0	170.0	326.0	2.7	3.0
2025/07/16 09:50:13	1014.4	1.0	26.9	27.0	79.0	78.0	168.0	319.0	2.3	2.3
2025/07/16 09:50:14	1014.4	1.0	26.9	27.0	79.0	78.0	173.0	324.0	2.4	2.4
2025/07/16 09:50:15	1014.4	1.0	26.9	27.0	78.0	78.0	178.0	328.0	2.7	2.7
2025/07/16 09:50:16	1014.4	1.0	26.9	27.0	78.0	78.0	185.0	335.0	3.0	3.0
2025/07/16 09:50:17	1014.4	1.0	26.9	27.0	78.0	78.0	181.0	334.0	2.8	3.1
2025/07/16 09:50:18	1014.4	1.0	26.9	27.0	79.0	78.0	174.0	330.0	2.4	2.8
2025/07/16 09:50:19	1014.4	1.0	26.9	27.0	79.0	78.0	165.0	324.0	1.9	2.3
2025/07/16 09:50:20	1014.4	1.0	26.9	27.0	79.0	78.0	157.0	318.0	1.6	1.9
2025/07/16 09:50:21	1014.4	1.0	26.9	27.0	79.0	78.0	169.0	325.0	1.8	2.0
2025/07/16 09:50:22	#	#	#	#	#	#	#	#	#	#
2025/07/16 09:50:23	1014.4	1.0	26.9	27.0	79.0	79.0	178.0	328.0	2.3	2.3
2025/07/16 09:50:24	#	#	#	#	#	#	#	#	#	#
2025/07/16 09:50:25	1014.4	1.0	26.9	27.0	79.0	79.0	178.0	329.0	2.9	2.9
2025/07/16 09:50:26	1014.4	1.0	26.9	27.1	79.0	78.0	176.0	326.0	3.0	3.0
2025/07/16 09:50:27	1014.4	1.0	26.9	27.0	79.0	78.0	166.0	323.0	2.1	2.4
2025/07/16 09:50:28	1014.4	1.0	26.9	27.0	79.0	78.0	167.0	326.0	1.7	2.1
2025/07/16 09:50:29	#	#	#	#	#	#	#	#	#	#
2025/07/16 09:50:30	1014.5	1.0	26.9	27.0	79.0	78.0	176.0	333.0	1.6	2.0
2025/07/16 09:50:31	1014.5	1.0	26.9	27.0	79.0	79.0	184.0	338.0	1.8	2.1
2025/07/16 09:50:32	1014.5	1.0	26.9	27.0	79.0	79.0	190.0	341.0	2.3	2.3
2025/07/16 09:50:33	1014.5	1.0	26.9	27.0	79.0	79.0	187.0	338.0	2.3	2.3
2025/07/16 09:50:34	1014.5	1.0	26.9	27.1	79.0	78.0	181.0	332.0	2.3	2.3
2025/07/16 09:50:35	1014.5	1.0	26.9	27.1	79.0	78.0	176.0	326.0	2.7	2.7
2025/07/16 09:50:36	1014.5	1.0	26.9	27.0	79.0	79.0	175.0	325.0	2.9	2.9
2025/07/16 09:50:37	1014.5	1.0	26.9	27.0	79.0	79.0	177.0	327.0	3.1	3.1
2025/07/16 09:50:38	1014.5	1.0	26.9	27.0	79.0	78.0	184.0	337.0	2.1	2.4
2025/07/16 09:50:39	1014.5	1.0	26.9	27.0	79.0	78.0	188.0	342.0	1.7	2.0
2025/07/16 09:50:40	#	#	#	#	#	#	#	#	#	#
2025/07/16 09:50:41	1014.5	1.0	26.9	27.0	79.0	78.0	193.0	344.0	2.0	2.0
2025/07/16 09:50:42	1014.5	1.0	26.9	27.0	79.0	78.0	192.0	342.0	2.2	2.2
2025/07/16 09:50:43	1014.5	1.0	26.9	27.0	78.0	78.0	183.0	334.0	2.3	2.3
2025/07/16 09:50:44	1014.5	1.0	26.9	27.0	78.0	78.0	177.0	328.0	2.4	2.4
2025/07/16 09:50:45	1014.5	1.0	26.9	27.0	78.0	78.0	180.0	331.0	2.4	2.4
2025/07/16 09:50:46	1014.5	1.0	26.9	27.0	79.0	78.0	183.0	334.0	2.5	2.5
2025/07/16 09:50:47	1014.5	1.0	26.9	27.0	79.0	78.0	187.0	338.0	2.7	2.7
2025/07/16 09:50:48	1014.4	1.0	26.9	27.0	79.0	78.0	188.0	339.0	2.9	2.9
2025/07/16 09:50:49	1014.4	1.0	26.9	27.0	79.0	78.0	183.0	336.0	2.6	2.8
2025/07/16 09:50:50	1014.4	1.0	26.9	27.0	79.0	78.0	182.0	336.0	2.5	2.7
2025/07/16 09:50:51	1014.4	1.0	26.9	27.0	79.0	78.0	179.0	331.0	2.6	2.6
2025/07/16 09:50:52	1014.4	1.0	26.9	27.0	79.0	79.0	181.0	332.0	2.6	2.6
2025/07/16 09:50:53	1014.4	1.0	26.9	27.0	79.0	79.0	185.0	336.0	2.5	2.5
2025/07/16 09:50:54	#	#	#	#	#	#	#	#	#	#
2025/07/16 09:50:55	1014.4	1.0	26.9	27.0	79.0	78.0	191.0	342.0	2.9	2.9
2025/07/16 09:50:56	1014.4	1.0	26.9	27.0	78.0	78.0	189.0	340.0	3.0	3.0
2025/07/16 09:50:57	1014.4	1.0	26.9	27.0	78.0	78.0	186.0	339.0	2.6	2.8
2025/07/16 09:50:58	1014.4	1.0	26.9	27.0	78.0	78.0	186.0	340.0	2.5	2.7
2025/07/16 09:50:59	1014.4	1.0	26.9	27.0	78.0	78.0	188.0	339.0	2.8	2.8
2025/07/16 09:51:00	1014.4	1.0	26.9	27.0	79.0	78.0	188.0	339.0	3.1	3.1
2025/07/16 09:51:01	1014.4	1.0	26.9	27.0	79.0	78.0	187.0	338.0	3.4	3.4
2025/07/16 09:51:02	1014.4	1.0	26.9	27.0	79.0	78.0	182.0	333.0	3.3	3.3
2025/07/16 09:51:03	#	#	#	#	#	#	#	#	#	#
2025/07/16 09:51:04	1014.4	1.0	26.9	27.0	79.0	78.0	180.0	332.0	2.9	2.9
2025/07/16 09:51:05	1014.4	1.0	26.9	27.0	79.0	78.0	184.0	336.0	2.6	2.6
2025/07/16 09:51:06	1014.4	1.0	26.9	27.0	79.0	78.0	203.0	355.0	2.8	3.1
2025/07/16 09:51:07	1014.4	1.0	26.9	27.0	79.0	78.0	199.0	352.0	2.8	3.2
2025/07/16 09:51:08	1014.4	1.0	26.9	27.0	79.0	78.0	191.0	345.0	2.4	2.8
2025/07/16 09:51:09	1014.4	1.0	26.9	27.0	79.0	78.0	182.0	336.0	2.4	2.6
2025/07/16 09:51:10	1014.4	1.0	26.9	27.0	79.0	78.0	176.0	328.0	2.8	2.8
2025/07/16 09:51:11	1014.4	1.0	26.9	27.0	79.0	78.0	173.0	329.0	2.8	3.1
2025/07/16 09:51:12	1014.4	1.0	26.9	27.0	79.0	78.0	183.0	337.0	3.0	3.2
2025/07/16 09:51:13	1014.4	1.0	26.9	27.0	79.0	78.0	192.0	344.0	3.2	3.2
2025/07/16 09:51:14	1014.4	1.0	26.9	27.0	79.0	78.0	191.0	345.0	2.9	3.2
2025/07/16 09:51:15	1014.4	1.0	26.9	27.0	79.0	78.0	184.0	338.0	2.9	3.1
2025/07/16 09:51:16	1014.4	1.0	26.9	27.0	78.0	78.0	181.0	333.0	2.8	2.8
2025/07/16 09:51:17	1014.4	1.0	26.9	27.0	78.0	79.0	181.0	333.0	2.7	2.7
2025/07/16 09:51:18	1014.4	1.0	26.9	27.0	79.0	79.0	185.0	337.0	2.5	2.5
2025/07/16 09:51:19	#	#	#	#	#	#	#	#	#	#
2025/07/16 09:51:20	1014.4	1.0	26.9	27.0	79.0	79.0	192.0	344.0	2.5	2.5
2025/07/16 09:51:21	1014.4	1.0	26.9	27.0	79.0	79.0	195.0	348.0	2.6	2.9
2025/07/16 09:51:22	1014.4	1.0	26.9	27.0	79.0	78.0	188.0	340.0	2.9	2.9
2025/07/16 09:51:23	1014.5	1.0	26.9	27.0	79.0	78.0	180.0	332.0	3.0	3.0
2025/07/16 09:51:24	1014.5	1.0	26.9	27.0	79.0	78.0	180.0	332.0	3.2	3.2
2025/07/16 09:51:25	1014.5	1.0	26.9	27.0	79.0	78.0	178.0	330.0	3.4	3.4
2025/07/16 09:51:26	1014.5	1.0	26.9	27.0	79.0	78.0	184.0	336.0	3.4	3.4
2025/07/16 09:51:27	1014.5	1.0	26.9	27.0	79.0	78.0	189.0	341.0	3.3	3.3
2025/07/16 09:51:28	#	#	#	#	#	#	#	#	#	#
2025/07/16 09:51:29	1014.5	1.0	26.9	27.0	79.0	78.0	187.0	339.0	3.0	3.0
2025/07/16 09:51:30	1014.5	1.0	26.9	27.0	79.0	79.0	188.0	340.0	2.9	2.9
2025/07/16 09:51:31	1014.5	1.0	26.9	27.0	79.0	79.0	192.0	344.0	2.9	2.9
2025/07/16 09:51:32	1014.4	1.0	26.9	27.0	79.0	79.0	193.0	345.0	2.8	2.8
2025/07/16 09:51:33	1014.4	1.0	26.9	27.0	79.0	79.0	196.0	348.0	2.8	2.8
2025/07/16 09:51:34	1014.4	1.0	26.9	27.0	79.0	79.0	196.0	348.0	3.0	3.0
2025/07/16 09:51:35	1014.4	1.0	26.9	27.0	79.0	79.0	191.0	344.0	3.2	3.2
2025/07/16 09:51:36	1014.4	1.0	26.9	27.0	79.0	79.0	185.0	337.0	3.2	3.2
2025/07/16 09:51:37	#	#	#	#	#	#	#	#	#	#
2025/07/16 09:51:38	1014.4	1.0	26.9	27.0	79.0	79.0	182.0	334.0	3.2	3.2
2025/07/16 09:51:39	1014.4	1.0	26.9	27.0	79.0	79.0	184.0	336.0	3.3	3.3
2025/07/16 09:51:40	1014.4	1.0	26.9	27.0	79.0	79.0	188.0	341.0	3.2	3.2
2025/07/16 09:51:41	1014.4	1.0	26.9	27.0	79.0	79.0	193.0	346.0	3.3	3.3
2025/07/16 09:51:42	1014.5	1.0	26.9	27.0	79.0	79.0	196.0	349.0	3.2	3.2
2025/07/16 09:51:43	1014.5	1.0	26.9	27.0	79.0	79.0	196.0	348.0	3.2	3.2
2025/07/16 09:51:44	1014.5	1.0	26.9	27.0	79.0	79.0	194.0	346.0	3.2	3.2
2025/07/16 09:51:45	1014.5	1.0	26.9	27.0	79.0	79.0	196.0	348.0	2.8	2.8
2025/07/16 09:51:46	1014.5	1.0	26.9	27.0	79.0	79.0	194.0	347.0	2.6	2.6
2025/07/16 09:51:47	1014.5	1.0	26.9	27.0	79.0	79.0	188.0	341.0	2.9	2.9
2025/07/16 09:51:48	1014.5	1.0	26.9	27.0	79.0	79.0	186.0	338.0	3.4	3.4
2025/07/16 09:51:49	1014.5	1.0	26.9	27.0	79.0	79.0	184.0	337.0	3.6	3.6
2025/07/16 09:51:50	1014.5	1.0	26.9	27.0	79.0	78.0	185.0	337.0	3.3	3.3
2025/07/16 09:51:51	1014.5	1.0	26.9	27.0	79.0	78.0	187.0	339.0	2.7	2.7
2025/07/16 09:51:52	1014.5	1.0	26.9	27.0	79.0	78.0	187.0	339.0	2.5	2.5
2025/07/16 09:51:53	1014.5	1.0	26.9	27.0	79.0	78.0	188.0	340.0	2.9	2.9
2025/07/16 09:51:54	#	#	#	#	#	#	#	#	#	#
2025/07/16 09:51:55	1014.5	1.0	26.9	27.0	79.0	78.0	197.0	349.0	3.5	3.5
2025/07/16 09:51:56	1014.5	1.0	26.9	27.0	78.0	78.0	193.0	345.0	2.8	2.8
2025/07/16 09:51:57	1014.5	1.0	26.9	27.0	78.0	78.0	187.0	341.0	2.3	2.5
2025/07/16 09:51:58	1014.5	1.0	26.9	27.0	78.0	78.0	190.0	342.0	2.7	2.7
2025/07/16 09:51:59	1014.5	1.0	26.9	27.0	79.0	78.0	191.0	343.0	3.4	3.4
2025/07/16 09:52:00	1014.5	1.0	26.9	27.0	79.0	78.0	194.0	346.0	4.0	4.0
2025/07/16 09:52:01	1014.5	1.0	26.9	27.0	79.0	78.0	192.0	343.0	4.0	4.0
2025/07/16 09:52:02	1014.5	1.0	26.9	27.0	79.0	78.0	178.0	330.0	3.0	3.0
2025/07/16 09:52:03	#	#	#	#	#	#	#	#	#	#
2025/07/16 09:52:04	1014.5	1.0	26.9	27.0	79.0	78.0	181.0	332.0	2.8	2.8
2025/07/16 09:52:05	1014.5	1.0	26.9	27.0	79.0	78.0	191.0	344.0	2.6	2.8
2025/07/16 09:52:06	1014.5	1.0	26.9	27.0	79.0	78.0	197.0	349.0	2.9	3.2
2025/07/16 09:52:07	1014.5	1.0	26.9	27.0	79.0	78.0	198.0	349.0	3.4	3.4
2025/07/16 09:52:08	1014.5	1.0	26.9	27.0	79.0	78.0	196.0	347.0	3.1	3.1
2025/07/16 09:52:09	1014.4	1.0	26.9	27.0	79.0	78.0	194.0	346.0	3.0	3.0
2025/07/16 09:52:10	1014.4	1.0	26.9	27.0	79.0	78.0	195.0	346.0	3.1	3.1
2025/07/16 09:52:11	1014.4	1.0	26.9	27.0	79.0	78.0	193.0	345.0	3.4	3.6
2025/07/16 09:52:12	#	#	#	#	#	#	#	#	#	#
2025/07/16 09:52:13	1014.4	1.0	26.9	27.0	79.0	78.0	192.0	343.0	3.6	3.6
2025/07/16 09:52:14	1014.4	1.0	26.9	27.0	79.0	78.0	188.0	339.0	3.2	3.2
2025/07/16 09:52:15	1014.4	1.0	26.9	27.0	79.0	78.0	184.0	338.0	2.7	3.0
2025/07/16 09:52:16	1014.4	1.0	26.9	27.0	79.0	78.0	186.0	340.0	2.9	3.2
2025/07/16 09:52:17	1014.4	1.0	26.9	27.0	79.0	78.0	192.0	345.0	3.4	3.7
2025/07/16 09:52:18	1014.4	1.0	26.9	27.0	79.0	78.0	192.0	345.0	3.9	4.1
2025/07/16 09:52:19	1014.4	1.0	26.9	27.0	79.0	78.0	191.0	342.0	3.9	3.9
2025/07/16 09:52:20	1014.4	1.0	26.9	27.0	78.0	78.0	187.0	338.0	3.3	3.3
2025/07/16 09:52:21	1014.4	1.0	26.9	27.0	78.0	79.0	186.0	337.0	2.9	2.9
2025/07/16 09:52:22	1014.4	1.0	26.9	27.0	79.0	79.0	194.0	344.0	2.6	2.6
2025/07/16 09:52:23	1014.4	1.0	26.9	27.0	79.0	79.0	199.0	350.0	2.5	2.5
2025/07/16 09:52:24	1014.4	1.0	26.9	27.0	79.0	79.0	200.0	351.0	3.0	3.0
2025/07/16 09:52:25	1014.4	1.0	26.9	27.0	79.0	79.0	194.0	346.0	3.2	3.5
2025/07/16 09:52:26	1014.4	1.0	26.9	27.0	79.0	79.0	188.0	341.0	3.6	3.8
2025/07/16 09:52:27	1014.5	1.0	26.9	27.0	79.0	79.0	181.0	333.0	3.8	3.8
2025/07/16 09:52:28	1014.5	1.0	26.9	27.0	78.0	79.0	178.0	330.0	3.5	3.5
2025/07/16 09:52:29	1014.5	1.0	26.9	27.0	78.0	78.0	178.0	329.0	3.1	3.1
2025/07/16 09:52:30	1014.5	1.0	26.9	27.0	79.0	78.0	185.0	337.0	2.8	2.8
2025/07/16 09:52:31	1014.5	1.0	26.9	27.0	79.0	78.0	194.0	345.0	2.9	2.9
2025/07/16 09:52:32	1014.5	1.0	26.9	27.0	79.0	79.0	203.0	354.0	3.2	3.2
2025/07/16 09:52:33	1014.5	1.0	26.9	27.0	79.0	79.0	211.0	3.0	3.1	3.1
2025/07/16 09:52:34	1014.5	1.0	26.9	27.0	79.0	78.0	207.0	359.0	2.8	2.8
2025/07/16 09:52:35	1014.5	1.0	26.9	27.0	79.0	78.0	198.0	350.0	2.8	2.8
2025/07/16 09:52:36	1014.5	1.0	26.9	27.0	78.0	78.0	192.0	344.0	2.7	2.7
2025/07/16 09:52:37	1014.5	1.0	26.9	27.0	78.0	78.0	191.0	342.0	2.9	2.9
2025/07/16 09:52:38	1014.5	1.0	26.9	27.0	79.0	78.0	193.0	344.0	3.8	3.8
2025/07/16 09:52:39	1014.5	1.0	26.9	27.0	79.0	79.0	194.0	345.0	3.7	3.7
2025/07/16 09:52:40	1014.5	1.0	26.9	27.0	79.0	79.0	193.0	344.0	3.2	3.2
2025/07/16 09:52:41	1014.5	1.0	26.9	27.0	79.0	79.0	199.0	350.0	2.6	2.6
2025/07/16 09:52:42	1014.5	1.0	26.9	27.0	79.0	79.0	208.0	359.0	2.6	2.6
2025/07/16 09:52:43	1014.5	1.0	26.9	27.0	79.0	79.0	205.0	356.0	3.0	3.0
2025/07/16 09:52:44	1014.4	1.0	26.9	27.0	79.0	79.0	204.0	355.0	3.0	3.3
2025/07/16 09:52:45	1014.4	1.0	26.9	27.0	79.0	79.0	206.0	356.0	3.4	3.4
2025/07/16 09:52:46	#	#	#	#	#	#	#	#	#	#
2025/07/16 09:52:47	1014.4	1.0	26.9	27.0	79.0	79.0	211.0	1.0	3.2	3.2
2025/07/16 09:52:48	1014.4	1.0	26.9	27.0	79.0	79.0	209.0	360.0	3.1	3.1
2025/07/16 09:52:49	1014.4	1.0	26.9	27.0	79.0	79.0	201.0	352.0	3.2	3.2
2025/07/16 09:52:50	1014.4	1.0	26.9	27.0	79.0	79.0	194.0	345.0	3.2	3.2
2025/07/16 09:52:51	1014.4	1.0	26.9	27.0	79.0	79.0	190.0	341.0	3.2	3.2
2025/07/16 09:52:52	1014.4	1.0	26.9	27.0	79.0	79.0	194.0	344.0	3.3	3.3
2025/07/16 09:52:53	1014.5	1.0	27.0	27.0	79.0	79.0	202.0	352.0	3.4	3.4
2025/07/16 09:52:54	1014.5	1.0	27.0	27.0	79.0	79.0	206.0	356.0	3.3	3.3
2025/07/16 09:52:55	1014.5	1.0	27.0	27.0	79.0	79.0	205.0	355.0	3.3	3.3
2025/07/16 09:52:56	1014.5	1.0	27.0	27.0	79.0	79.0	211.0	1.0	2.9	2.9
2025/07/16 09:52:57	1014.5	1.0	27.0	27.0	79.0	79.0	218.0	8.0	3.0	3.0
2025/07/16 09:52:58	1014.5	1.0	27.0	27.0	79.0	79.0	219.0	9.0	2.9	2.9
2025/07/16 09:52:59	1014.5	1.0	27.0	27.0	79.0	79.0	219.0	8.0	2.6	2.9
2025/07/16 09:53:00	1014.5	1.0	27.0	27.1	79.0	80.0	215.0	5.0	2.8	3.1
2025/07/16 09:53:01	1014.5	1.0	27.0	27.1	79.0	80.0	207.0	356.0	3.2	3.2
2025/07/16 09:53:02	1014.5	1.0	27.0	27.1	79.0	80.0	201.0	351.0	3.4	3.4
2025/07/16 09:53:03	1014.5	1.0	27.0	27.1	79.0	80.0	196.0	346.0	3.4	3.4
2025/07/16 09:53:04	1014.5	1.0	27.0	27.1	79.0	80.0	192.0	343.0	3.3	3.3
2025/07/16 09:53:05	1014.5	1.0	27.0	27.1	79.0	80.0	194.0	345.0	3.0	3.2
2025/07/16 09:53:06	1014.5	1.0	27.0	27.1	79.0	80.0	202.0	352.0	3.1	3.1
2025/07/16 09:53:07	1014.5	1.0	27.0	27.1	79.0	79.0	206.0	356.0	3.2	3.2
2025/07/16 09:53:08	1014.5	1.0	27.0	27.1	79.0	79.0	210.0	360.0	3.1	3.1
2025/07/16 09:53:09	1014.5	1.0	27.0	27.1	79.0	79.0	215.0	5.0	3.1	3.1
2025/07/16 09:53:10	1014.5	1.0	27.0	27.1	79.0	79.0	216.0	6.0	3.0	3.0
2025/07/16 09:53:11	1014.5	1.0	27.0	27.1	79.0	79.0	213.0	3.0	3.0	3.0
2025/07/16 09:53:12	1014.5	1.0	27.0	27.0	79.0	79.0	207.0	357.0	3.1	3.1
2025/07/16 09:53:13	1014.5	1.0	27.0	27.0	79.0	79.0	205.0	355.0	3.1	3.1
2025/07/16 09:53:14	1014.5	1.0	27.0	27.0	79.0	79.0	204.0	355.0	2.9	2.9
2025/07/16 09:53:15	1014.5	1.0	27.0	27.0	79.0	79.0	207.0	358.0	2.8	2.8
2025/07/16 09:53:16	1014.5	1.0	27.0	27.0	79.0	79.0	204.0	355.0	2.9	2.9
2025/07/16 09:53:17	1014.5	1.0	27.0	27.0	79.0	79.0	202.0	353.0	3.0	3.0
2025/07/16 09:53:18	1014.5	1.0	27.0	27.0	79.0	79.0	198.0	349.0	3.0	3.0
2025/07/16 09:53:19	1014.5	1.0	27.0	27.0	79.0	79.0	198.0	349.0	2.8	2.8
2025/07/16 09:53:20	1014.5	1.0	27.0	27.0	79.0	78.0	204.0	355.0	2.8	2.8
2025/07/16 09:53:21	#	#	#	#	#	#	#	#	#	#
2025/07/16 09:53:22	1014.5	1.0	27.0	27.0	79.0	78.0	211.0	2.0	2.8	2.8
2025/07/16 09:53:23	1014.5	1.0	26.9	27.0	79.0	78.0	220.0	11.0	2.8	2.8
2025/07/16 09:53:24	#	#	#	#	#	#	#	#	#	#
2025/07/16 09:53:25	1014.5	1.0	26.9	27.0	79.0	78.0	220.0	11.0	3.0	3.0
2025/07/16 09:53:26	1014.5	1.0	26.9	27.0	79.0	78.0	218.0	9.0	2.8	2.8
2025/07/16 09:53:27	1014.5	1.0	26.9	27.0	79.0	78.0	212.0	3.0	2.1	2.1
2025/07/16 09:53:28	1014.5	1.0	26.9	27.0	79.0	79.0	216.0	7.0	2.3	2.3
2025/07/16 09:53:29	1014.4	1.0	26.9	27.0	79.0	79.0	218.0	9.0	2.6	2.6
2025/07/16 09:53:30	#	#	#	#	#	#	#	#	#	#
2025/07/16 09:53:31	1014.4	1.0	26.9	27.0	79.0	79.0	218.0	9.0	2.7	2.7
2025/07/16 09:53:32	1014.4	1.0	26.9	27.0	79.0	79.0	217.0	8.0	3.0	3.0
2025/07/16 09:53:33	1014.4	1.0	26.9	27.0	79.0	79.0	206.0	357.0	2.8	2.8
2025/07/16 09:53:34	1014.4	1.0	26.9	27.0	79.0	79.0	205.0	356.0	2.7	2.7
2025/07/16 09:53:35	1014.4	1.0	26.9	27.0	79.0	79.0	209.0	360.0	2.7	2.7
2025/07/16 09:53:36	1014.4	1.0	27.0	27.0	79.0	79.0	214.0	5.0	2.8	2.8
2025/07/16 09:53:37	1014.4	1.0	27.0	27.0	79.0	79.0	212.0	3.0	2.8	2.8
2025/07/16 09:53:38	1014.4	1.0	27.0	27.0	79.0	79.0	216.0	7.0	2.8	2.8
2025/07/16 09:53:39	1014.5	1.0	27.0	27.0	79.0	79.0	215.0	6.0	2.8	2.8
2025/07/16 09:53:40	1014.5	1.0	27.0	27.0	79.0	79.0	215.0	6.0	2.8	2.8
2025/07/16 09:53:41	1014.5	1.0	27.0	27.0	79.0	79.0	218.0	8.0	2.9	2.9
2025/07/16 09:53:42	1014.5	1.0	27.0	27.0	79.0	79.0	217.0	8.0	2.8	2.8
2025/07/16 09:53:43	1014.5	1.0	27.0	27.0	79.0	79.0	213.0	4.0	3.0	3.0
2025/07/16 09:53:44	1014.5	1.0	27.0	27.0	79.0	79.0	211.0	2.0	3.0	3.0
2025/07/16 09:53:45	1014.5	1.0	27.0	27.0	79.0	79.0	208.0	359.0	2.9	2.9
2025/07/16 09:53:46	1014.5	1.0	27.0	27.0	79.0	79.0	203.0	354.0	2.6	2.6
2025/07/16 09:53:47	1014.5	1.0	27.0	27.0	79.0	79.0	205.0	356.0	2.4	2.4
2025/07/16 09:53:48	1014.5	1.0	27.0	27.0	79.0	79.0	207.0	358.0	2.6	2.6
2025/07/16 09:53:49	1014.5	1.0	27.0	27.0	79.0	79.0	209.0	360.0	2.9	2.9
2025/07/16 09:53:50	1014.5	1.0	27.0	27.0	79.0	79.0	208.0	359.0	3.0	3.0
2025/07/16 09:53:51	1014.5	1.0	27.0	27.0	79.0	79.0	205.0	355.0	3.0	3.0
2025/07/16 09:53:52	1014.5	1.0	27.0	27.0	79.0	79.0	201.0	351.0	2.8	2.8
2025/07/16 09:53:53	1014.5	1.0	27.0	27.0	79.0	79.0	203.0	353.0	2.7	2.7
2025/07/16 09:53:54	1014.5	1.0	27.0	27.0	79.0	79.0	209.0	360.0	2.7	2.7
2025/07/16 09:53:55	1014.5	1.0	27.0	27.0	79.0	79.0	216.0	7.0	2.5	2.5
2025/07/16 09:53:56	1014.5	1.0	27.0	27.0	79.0	79.0	219.0	9.0	2.6	2.6
2025/07/16 09:53:57	#	#	#	#	#	#	#	#	#	#
2025/07/16 09:53:58	1014.5	1.0	27.0	27.0	79.0	79.0	213.0	3.0	3.1	3.1
2025/07/16 09:53:59	1014.5	1.0	27.0	27.0	79.0	79.0	199.0	350.0	3.1	3.1
2025/07/16 09:54:00	1014.5	1.0	27.0	27.0	79.0	79.0	202.0	353.0	2.9	2.9
2025/07/16 09:54:01	1014.5	1.0	27.0	27.0	79.0	79.0	206.0	357.0	3.0	3.0
2025/07/16 09:54:02	1014.5	1.0	27.0	27.0	79.0	79.0	206.0	357.0	2.9	2.9
2025/07/16 09:54:03	1014.5	1.0	27.0	27.0	79.0	79.0	201.0	351.0	3.0	3.0
2025/07/16 09:54:04	1014.5	1.0	27.0	27.0	79.0	79.0	197.0	347.0	2.9	2.9
2025/07/16 09:54:05	1014.5	1.0	27.0	27.0	79.0	79.0	198.0	348.0	3.0	3.0
2025/07/16 09:54:06	1014.5	1.0	27.0	27.0	79.0	79.0	214.0	4.0	2.7	2.7
2025/07/16 09:54:07	1014.5	1.0	27.0	27.0	79.0	79.0	223.0	12.0	2.6	2.9
2025/07/16 09:54:08	1014.5	1.0	27.0	27.0	79.0	79.0	222.0	12.0	2.7	3.0
2025/07/16 09:54:09	1014.5	1.0	27.0	27.0	79.0	79.0	217.0	7.0	2.8	2.8
2025/07/16 09:54:10	1014.5	1.0	27.0	27.0	79.0	79.0	212.0	2.0	2.5	2.5
2025/07/16 09:54:11	1014.5	1.0	27.0	27.0	79.0	79.0	206.0	357.0	2.4	2.4
2025/07/16 09:54:12	1014.5	1.0	27.0	27.0	79.0	79.0	204.0	355.0	2.7	2.7
2025/07/16 09:54:13	1014.5	1.0	27.0	27.0	79.0	79.0	207.0	358.0	2.9	2.9
2025/07/16 09:54:14	1014.5	1.0	27.0	27.0	79.0	79.0	206.0	356.0	3.2	3.2
2025/07/16 09:54:15	1014.5	1.0	27.0	27.0	79.0	79.0	202.0	353.0	3.4	3.4
2025/07/16 09:54:16	1014.5	1.0	27.0	27.0	79.0	79.0	199.0	350.0	3.0	3.0
2025/07/16 09:54:17	1014.5	1.0	27.0	27.0	79.0	79.0	201.0	352.0	2.5	2.5
2025/07/16 09:54:18	1014.5	1.0	27.0	27.0	79.0	79.0	207.0	358.0	2.3	2.3
2025/07/16 09:54:19	1014.5	1.0	27.0	27.0	79.0	79.0	213.0	4.0	2.4	2.4
2025/07/16 09:54:20	1014.5	1.0	27.0	27.0	79.0	79.0	215.0	5.0	3.0	3.0
2025/07/16 09:54:21	1014.5	1.0	27.0	27.0	79.0	79.0	205.0	356.0	3.2	3.2
2025/07/16 09:54:22	1014.5	1.0	27.0	27.0	79.0	79.0	203.0	354.0	3.5	3.5
2025/07/16 09:54:23	1014.4	1.0	27.0	27.0	79.0	79.0	208.0	359.0	3.2	3.2
2025/07/16 09:54:24	1014.4	1.0	27.0	27.0	79.0	79.0	209.0	360.0	3.0	3.0
2025/07/16 09:54:25	1014.4	1.0	27.0	27.0	79.0	79.0	199.0	351.0	2.9	2.9
2025/07/16 09:54:26	1014.4	1.0	27.0	27.0	79.0	79.0	198.0	349.0	2.9	2.9
2025/07/16 09:54:27	1014.4	1.0	27.0	27.0	79.0	79.0	202.0	353.0	3.1	3.1
2025/07/16 09:54:28	#	#	#	#	#	#	#	#	#	#
2025/07/16 09:54:29	1014.4	1.0	27.0	27.0	79.0	79.0	209.0	360.0	3.1	3.1
2025/07/16 09:54:30	1014.4	1.0	27.0	27.0	79.0	79.0	212.0	3.0	2.9	2.9
2025/07/16 09:54:31	1014.4	1.0	27.0	27.0	79.0	79.0	211.0	3.0	2.6	2.6
2025/07/16 09:54:32	1014.4	1.0	27.0	27.0	79.0	79.0	202.0	354.0	2.3	2.3
2025/07/16 09:54:33	1014.5	1.0	27.0	27.0	79.0	79.0	194.0	345.0	2.4	2.4
2025/07/16 09:54:34	1014.5	1.0	27.0	27.0	79.0	79.0	193.0	344.0	2.6	2.6
2025/07/16 09:54:35	1014.5	1.0	27.0	27.0	79.0	79.0	198.0	349.0	2.9	2.9
2025/07/16 09:54:36	1014.5	1.0	27.0	27.0	80.0	79.0	211.0	1.0	2.8	2.8
2025/07/16 09:54:37	1014.5	1.0	27.0	27.0	80.0	79.0	216.0	7.0	2.8	2.8
2025/07/16 09:54:38	1014.5	1.0	27.0	27.0	80.0	79.0	219.0	10.0	2.4	2.4
2025/07/16 09:54:39	1014.5	1.0	27.0	27.0	79.0	79.0	208.0	360.0	2.1	2.1
2025/07/16 09:54:40	1014.5	1.0	27.0	27.0	79.0	79.0	194.0	346.0	2.4	2.4
2025/07/16 09:54:41	1014.5	1.0	27.0	27.0	79.0	79.0	194.0	345.0	2.9	2.9
2025/07/16 09:54:42	1014.5	1.0	27.0	27.0	79.0	79.0	197.0	349.0	2.7	3.0
2025/07/16 09:54:43	1014.5	1.0	27.0	27.0	79.0	79.0	201.0	353.0	3.0	3.3
2025/07/16 09:54:44	1014.5	1.0	27.0	27.0	80.0	79.0	202.0	353.0	3.3	3.3
2025/07/16 09:54:45	1014.5	1.0	27.0	27.0	80.0	79.0	201.0	352.0	3.0	3.0
2025/07/16 09:54:46	1014.5	1.0	27.0	27.0	80.0	79.0	198.0	349.0	2.6	2.6
2025/07/16 09:54:47	1014.5	1.0	27.0	27.0	79.0	79.0	201.0	353.0	2.6	2.6
2025/07/16 09:54:48	1014.5	1.0	27.0	27.0	79.0	79.0	211.0	3.0	2.8	2.8
2025/07/16 09:54:49	1014.5	1.0	27.0	27.0	79.0	79.0	215.0	6.0	3.1	3.4
2025/07/16 09:54:50	1014.5	1.0	27.0	27.0	79.0	79.0	207.0	359.0	2.9	3.2
2025/07/16 09:54:51	1014.5	1.0	27.0	27.0	79.0	79.0	199.0	351.0	2.7	3.0
2025/07/16 09:54:52	1014.5	1.0	27.0	27.0	79.0	79.0	193.0	346.0	2.7	3.0
2025/07/16 09:54:53	1014.5	1.0	27.0	27.0	79.0	79.0	199.0	351.0	3.0	3.3
2025/07/16 09:54:54	1014.5	1.0	27.0	27.0	79.0	79.0	205.0	356.0	3.3	3.3
2025/07/16 09:54:55	#	#	#	#	#	#	#	#	#	#
2025/07/16 09:54:56	1014.5	1.0	27.0	27.0	79.0	79.0	208.0	359.0	3.4	3.4
2025/07/16 09:54:57	1014.5	1.0	27.0	27.0	79.0	79.0	208.0	359.0	3.6	3.6
2025/07/16 09:54:58	1014.5	1.0	27.0	27.0	79.0	79.0	202.0	353.0	3.6	3.6
2025/07/16 09:54:59	1014.5	1.0	27.0	27.0	79.0	79.0	199.0	351.0	3.7	3.7
2025/07/16 09:55:00	1014.5	1.0	27.0	27.0	79.0	79.0	199.0	350.0	3.8	3.8
2025/07/16 09:55:01	1014.5	1.0	27.0	27.0	79.0	79.0	200.0	352.0	3.3	3.6
2025/07/16 09:55:02	1014.5	1.0	27.0	27.0	79.0	79.0	207.0	358.0	2.9	3.2
2025/07/16 09:55:03	1014.5	1.0	27.0	27.0	79.0	79.0	212.0	3.0	2.8	3.1
2025/07/16 09:55:04	1014.5	1.0	27.0	27.0	79.0	79.0	212.0	3.0	3.3	3.3
2025/07/16 09:55:05	1014.5	1.0	27.0	27.0	79.0	79.0	208.0	359.0	3.5	3.5
2025/07/16 09:55:06	1014.5	1.0	27.0	27.0	79.0	79.0	203.0	355.0	3.6	3.6
2025/07/16 09:55:07	1014.5	1.0	27.0	27.0	79.0	79.0	202.0	353.0	3.3	3.3
2025/07/16 09:55:08	1014.5	1.0	27.0	27.0	79.0	79.0	202.0	353.0	3.2	3.2
2025/07/16 09:55:09	1014.5	1.0	27.0	27.0	79.0	78.0	202.0	353.0	3.5	3.5
2025/07/16 09:55:10	1014.5	1.0	26.9	27.0	79.0	78.0	201.0	352.0	4.0	4.0
2025/07/16 09:55:11	1014.5	1.0	26.9	27.0	79.0	78.0	202.0	353.0	3.9	3.9
2025/07/16 09:55:12	1014.5	1.0	26.9	27.0	79.0	78.0	200.0	352.0	3.4	3.4
2025/07/16 09:55:13	1014.5	1.0	26.9	27.0	79.0	78.0	198.0	350.0	2.7	3.0
2025/07/16 09:55:14	1014.5	1.0	26.9	27.0	79.0	78.0	205.0	357.0	2.5	2.8
2025/07/16 09:55:15	1014.5	1.0	26.9	27.0	79.0	78.0	211.0	2.0	3.0	3.0
2025/07/16 09:55:16	1014.5	1.0	26.9	27.0	79.0	78.0	218.0	9.0	3.3	3.3
2025/07/16 09:55:17	1014.5	1.0	26.9	27.0	79.0	78.0	223.0	14.0	3.6	3.6
2025/07/16 09:55:18	1014.5	1.0	26.9	27.0	79.0	78.0	209.0	360.0	2.7	3.1
2025/07/16 09:55:19	#	#	#	#	#	#	#	#	#	#
2025/07/16 09:55:20	1014.5	1.0	26.9	27.0	79.0	78.0	197.0	350.0	2.5	2.8
2025/07/16 09:55:21	1014.5	1.0	26.9	27.0	79.0	78.0	190.0	342.0	2.7	2.7
2025/07/16 09:55:22	1014.5	1.0	26.9	27.0	79.0	78.0	194.0	346.0	3.2	3.4
2025/07/16 09:55:23	1014.5	1.0	26.9	27.0	79.0	78.0	202.0	353.0	3.7	3.7
2025/07/16 09:55:24	1014.5	1.0	26.9	27.0	79.0	78.0	208.0	359.0	3.4	3.4
2025/07/16 09:55:25	1014.5	1.0	26.9	27.0	79.0	78.0	212.0	3.0	3.0	3.0
2025/07/16 09:55:26	1014.5	1.0	26.9	27.0	79.0	78.0	213.0	4.0	2.7	2.7
2025/07/16 09:55:27	1014.5	1.0	26.9	27.0	79.0	78.0	216.0	7.0	2.6	2.6
2025/07/16 09:55:28	1014.5	1.0	26.9	27.0	79.0	78.0	220.0	11.0	2.8	2.8
2025/07/16 09:55:29	1014.5	1.0	26.9	27.0	79.0	78.0	221.0	12.0	3.0	3.0
2025/07/16 09:55:30	1014.5	1.0	26.9	27.0	79.0	78.0	218.0	9.0	3.0	3.0
2025/07/16 09:55:31	1014.5	1.0	26.9	27.0	79.0	78.0	211.0	2.0	2.9	2.9
2025/07/16 09:55:32	1014.5	1.0	26.9	27.0	79.0	78.0	200.0	351.0	3.0	3.0
2025/07/16 09:55:33	1014.5	1.0	26.9	27.0	79.0	78.0	189.0	342.0	2.8	3.0
2025/07/16 09:55:34	1014.5	1.0	26.9	27.0	79.0	78.0	187.0	338.0	3.1	3.1
2025/07/16 09:55:35	1014.5	1.0	26.9	27.0	79.0	78.0	189.0	341.0	3.2	3.2
2025/07/16 09:55:36	#	#	#	#	#	#	#	#	#	#
2025/07/16 09:55:37	1014.5	1.0	26.9	27.0	79.0	78.0	192.0	345.0	3.0	3.2
2025/07/16 09:55:38	1014.5	1.0	26.9	27.0	79.0	78.0	208.0	359.0	3.1	3.1
2025/07/16 09:55:39	1014.5	1.0	26.9	27.0	79.0	78.0	215.0	6.0	3.1	3.1
2025/07/16 09:55:40	#	#	#	#	#	#	#	#	#	#
2025/07/16 09:55:41	1014.5	1.0	26.9	27.0	79.0	78.0	215.0	6.0	3.2	3.2
2025/07/16 09:55:42	1014.5	1.0	26.9	27.0	79.0	78.0	205.0	357.0	3.0	3.0
2025/07/16 09:55:43	1014.5	1.0	26.9	27.0	79.0	78.0	207.0	359.0	2.9	2.9
2025/07/16 09:55:44	1014.5	1.0	26.9	27.0	79.0	78.0	202.0	353.0	3.0	3.0
2025/07/16 09:55:45	1014.5	1.0	26.9	27.0	79.0	78.0	195.0	347.0	3.3	3.6
2025/07/16 09:55:46	1014.5	1.0	26.9	27.0	79.0	78.0	194.0	347.0	3.7	4.0
2025/07/16 09:55:47	1014.5	1.0	26.9	27.0	79.0	78.0	196.0	348.0	3.9	4.2
2025/07/16 09:55:48	1014.5	1.0	26.9	27.0	79.0	78.0	197.0	348.0	3.6	3.9
2025/07/16 09:55:49	1014.5	1.0	26.9	27.0	79.0	78.0	202.0	353.0	3.0	3.3
2025/07/16 09:55:50	#	#	#	#	#	#	#	#	#	#
2025/07/16 09:55:51	1014.5	1.0	26.9	27.0	79.0	78.0	201.0	353.0	3.1	3.1
2025/07/16 09:55:52	1014.5	1.0	26.9	27.0	79.0	78.0	206.0	356.0	4.1	4.1
2025/07/16 09:55:53	1014.5	1.0	26.9	27.0	79.0	78.0	201.0	352.0	3.9	4.2
2025/07/16 09:55:54	1014.5	1.0	26.9	27.0	79.0	78.0	197.0	349.0	3.3	3.6
2025/07/16 09:55:55	1014.5	1.0	26.9	27.0	79.0	78.0	196.0	348.0	2.5	2.9
2025/07/16 09:55:56	1014.5	1.0	26.9	27.0	79.0	79.0	193.0	346.0	2.5	2.8
2025/07/16 09:55:57	1014.5	1.0	26.9	27.0	79.0	79.0	198.0	348.0	3.2	3.2
2025/07/16 09:55:58	#	#	#	#	#	#	#	#	#	#
2025/07/16 09:55:59	1014.5	1.0	26.9	27.0	79.0	79.0	200.0	350.0	3.7	3.7
2025/07/16 09:56:00	1014.5	1.0	26.9	27.0	79.0	79.0	202.0	352.0	4.0	4.0
2025/07/16 09:56:01	1014.5	1.0	26.9	27.0	79.0	79.0	198.0	348.0	4.1	4.1
2025/07/16 09:56:02	1014.5	1.0	26.9	27.0	79.0	79.0	193.0	343.0	3.9	3.9
2025/07/16 09:56:03	1014.5	1.0	26.9	27.0	79.0	79.0	191.0	341.0	3.8	3.8
2025/07/16 09:56:04	1014.5	1.0	26.9	27.0	79.0	79.0	190.0	342.0	3.3	3.6
2025/07/16 09:56:05	1014.5	1.0	26.9	27.0	79.0	79.0	193.0	345.0	3.1	3.3
2025/07/16 09:56:06	1014.5	1.0	26.9	27.0	79.0	79.0	200.0	350.0	3.1	3.1
2025/07/16 09:56:07	1014.5	1.0	26.9	27.0	79.0	78.0	208.0	358.0	3.3	3.3
2025/07/16 09:56:08	1014.5	1.0	26.9	27.0	79.0	78.0	214.0	4.0	3.3	3.3
2025/07/16 09:56:09	1014.5	1.0	26.9	27.0	79.0	78.0	209.0	358.0	3.3	3.3
2025/07/16 09:56:10	1014.5	1.0	26.9	27.0	79.0	78.0	200.0	350.0	3.5	3.5
2025/07/16 09:56:11	1014.5	1.0	26.9	27.0	79.0	78.0	191.0	341.0	3.5	3.5
2025/07/16 09:56:12	1014.5	1.0	26.9	27.0	79.0	78.0	188.0	338.0	3.6	3.6
2025/07/16 09:56:13	1014.5	1.0	26.9	27.0	79.0	78.0	189.0	339.0	3.7	3.7
2025/07/16 09:56:14	1014.5	1.0	26.9	27.0	79.0	79.0	193.0	343.0	3.8	3.8
2025/07/16 09:56:15	1014.5	1.0	26.9	27.0	79.0	79.0	198.0	348.0	3.8	3.8
2025/07/16 09:56:16	1014.5	1.0	26.9	27.0	79.0	79.0	203.0	353.0	3.6	3.6
2025/07/16 09:56:17	1014.5	1.0	26.9	27.0	79.0	79.0	203.0	353.0	3.5	3.8
2025/07/16 09:56:18	1014.5	1.0	26.9	27.0	79.0	79.0	201.0	352.0	3.7	4.0
2025/07/16 09:56:19	1014.5	1.0	26.9	27.0	79.0	79.0	203.0	353.0	3.8	4.1
2025/07/16 09:56:20	1014.5	1.0	26.9	27.0	79.0	79.0	205.0	356.0	3.3	3.6
2025/07/16 09:56:21	1014.5	1.0	26.9	27.0	79.0	79.0	210.0	360.0	3.1	3.1
2025/07/16 09:56:22	1014.5	1.0	26.9	27.0	79.0	79.0	207.0	357.0	3.1	3.1
2025/07/16 09:56:23	1014.5	1.0	26.9	27.0	79.0	79.0	201.0	351.0	3.8	3.8
2025/07/16 09:56:24	1014.5	1.0	26.9	27.0	79.0	79.0	200.0	350.0	4.3	4.3
2025/07/16 09:56:25	1014.5	1.0	26.9	27.0	79.0	79.0	198.0	349.0	4.0	4.3
2025/07/16 09:56:26	1014.5	1.0	26.9	27.0	79.0	79.0	198.0	349.0	3.7	4.0
2025/07/16 09:56:27	1014.5	1.0	26.9	27.0	79.0	79.0	193.0	345.0	3.3	3.5
2025/07/16 09:56:28	1014.5	1.0	26.9	27.0	79.0	79.0	193.0	344.0	3.5	3.5
2025/07/16 09:56:29	1014.5	1.0	26.9	27.0	79.0	79.0	197.0	347.0	3.6	3.6
2025/07/16 09:56:30	1014.5	1.0	26.9	27.0	79.0	79.0	202.0	352.0	4.0	4.0
2025/07/16 09:56:31	1014.5	1.0	26.9	27.0	79.0	79.0	203.0	353.0	4.1	4.1
2025/07/16 09:56:32	1014.5	1.0	26.9	27.0	79.0	78.0	204.0	354.0	3.8	3.8
2025/07/16 09:56:33	#	#	#	#	#	#	#	#	#	#
2025/07/16 09:56:34	1014.5	1.0	26.9	27.0	79.0	78.0	207.0	358.0	3.3	3.6
2025/07/16 09:56:35	1014.5	1.0	26.9	27.0	79.0	78.0	204.0	355.0	3.5	3.5
2025/07/16 09:56:36	1014.5	1.0	26.9	27.0	79.0	78.0	200.0	350.0	3.6	3.6
2025/07/16 09:56:37	1014.5	1.0	26.9	27.0	79.0	78.0	194.0	344.0	3.8	3.8
2025/07/16 09:56:38	1014.5	1.0	26.9	27.0	79.0	78.0	192.0	343.0	4.0	4.0
2025/07/16 09:56:39	1014.5	1.0	26.9	27.0	79.0	78.0	196.0	346.0	4.0	4.0
2025/07/16 09:56:40	1014.5	1.0	26.9	27.0	79.0	78.0	201.0	352.0	3.8	3.8
2025/07/16 09:56:41	1014.5	1.0	26.9	27.0	79.0	78.0	203.0	353.0	3.6	3.6
2025/07/16 09:56:42	#	#	#	#	#	#	#	#	#	#
2025/07/16 09:56:43	1014.5	1.0	26.9	27.0	79.0	78.0	202.0	353.0	3.1	3.4
2025/07/16 09:56:44	1014.5	1.0	26.9	27.0	79.0	78.0	202.0	353.0	3.2	3.5
2025/07/16 09:56:45	1014.5	1.0	26.9	27.0	79.0	78.0	202.0	352.0	3.5	3.8
2025/07/16 09:56:46	1014.5	1.0	26.9	27.0	79.0	78.0	203.0	353.0	3.7	4.0
2025/07/16 09:56:47	1014.5	1.0	26.9	27.0	79.0	78.0	203.0	354.0	3.6	3.9
2025/07/16 09:56:48	1014.5	1.0	26.9	27.0	79.0	78.0	200.0	351.0	3.6	3.6
2025/07/16 09:56:49	1014.5	1.0	26.9	27.0	79.0	78.0	198.0	349.0	3.3	3.3
2025/07/16 09:56:50	1014.5	1.0	26.9	27.0	79.0	78.0	197.0	348.0	3.5	3.5
2025/07/16 09:56:51	1014.5	1.0	26.9	27.0	79.0	78.0	200.0	350.0	3.7	3.7
2025/07/16 09:56:52	1014.5	1.0	26.9	27.0	79.0	78.0	202.0	352.0	3.8	3.8
2025/07/16 09:56:53	1014.5	1.0	26.9	27.0	79.0	78.0	202.0	353.0	3.5	3.8
2025/07/16 09:56:54	1014.5	1.0	26.9	27.0	79.0	78.0	203.0	354.0	3.2	3.5
2025/07/16 09:56:55	1014.5	1.0	26.9	27.0	79.0	78.0	201.0	353.0	2.9	3.2
2025/07/16 09:56:56	1014.5	1.0	26.9	27.0	79.0	78.0	200.0	351.0	3.1	3.1
2025/07/16 09:56:57	1014.5	1.0	26.9	27.0	79.0	78.0	202.0	353.0	3.3	3.3
2025/07/16 09:56:58	1014.5	1.0	26.9	27.0	79.0	78.0	203.0	354.0	3.5	3.5
2025/07/16 09:56:59	1014.5	1.0	26.9	27.0	79.0	78.0	201.0	352.0	3.5	3.5
2025/07/16 09:57:00	1014.5	1.0	26.9	27.0	79.0	78.0	196.0	347.0	3.7	3.7
2025/07/16 09:57:01	1014.5	1.0	26.9	27.0	79.0	78.0	193.0	344.0	4.0	4.0
2025/07/16 09:57:02	1014.5	1.0	26.9	27.0	79.0	78.0	193.0	345.0	3.9	4.2
2025/07/16 09:57:03	1014.5	1.0	26.9	27.0	79.0	78.0	193.0	346.0	3.5	4.0
2025/07/16 09:57:04	1014.5	1.0	26.9	27.0	79.0	78.0	198.0	350.0	3.0	3.4
2025/07/16 09:57:05	1014.5	1.0	26.9	27.0	79.0	78.0	205.0	357.0	3.1	3.1
2025/07/16 09:57:06	1014.5	1.0	26.9	27.0	78.0	78.0	209.0	360.0	3.8	3.8
2025/07/16 09:57:07	1014.5	1.0	26.9	27.0	78.0	78.0	205.0	356.0	4.1	4.1
2025/07/16 09:57:08	1014.5	1.0	26.9	27.0	79.0	78.0	201.0	352.0	3.6	3.9
2025/07/16 09:57:09	1014.5	1.0	26.9	27.0	79.0	79.0	199.0	350.0	3.4	3.7
2025/07/16 09:57:10	1014.5	1.0	26.9	27.0	79.0	79.0	199.0	349.0	3.7	3.7
2025/07/16 09:57:11	1014.5	1.0	26.9	27.0	79.0	79.0	197.0	347.0	3.9	3.9
2025/07/16 09:57:12	1014.5	1.0	26.9	27.0	79.0	79.0	197.0	348.0	3.7	4.0
2025/07/16 09:57:13	1014.5	1.0	26.9	27.0	79.0	79.0	197.0	348.0	4.0	4.0
2025/07/16 09:57:14	1014.5	1.0	26.9	27.0	79.0	79.0	195.0	346.0	3.6	3.6
2025/07/16 09:57:15	1014.5	1.0	26.9	27.0	79.0	79.0	200.0	351.0	3.2	3.2
2025/07/16 09:57:16	1014.5	1.0	26.9	27.0	79.0	79.0	202.0	353.0	3.6	3.6
2025/07/16 09:57:17	1014.5	1.0	26.9	27.0	79.0	79.0	207.0	358.0	3.9	3.9
2025/07/16 09:57:18	1014.5	1.0	26.9	27.0	79.0	79.0	207.0	357.0	3.5	3.8
2025/07/16 09:57:19	1014.5	1.0	26.9	27.0	79.0	79.0	206.0	357.0	3.2	3.5
2025/07/16 09:57:20	1014.5	1.0	26.9	27.0	79.0	79.0	202.0	353.0	3.3	3.3
2025/07/16 09:57:21	1014.5	1.0	26.9	27.0	79.0	79.0	196.0	347.0	3.1	3.1
2025/07/16 09:57:22	1014.5	1.0	26.9	27.0	79.0	79.0	193.0	344.0	3.4	3.4
2025/07/16 09:57:23	#	#	#	#	#	#	#	#	#	#
2025/07/16 09:57:24	1014.5	1.0	26.9	27.0	79.0	79.0	195.0	346.0	3.9	3.9
2025/07/16 09:57:25	1014.5	1.0	26.9	27.0	79.0	79.0	196.0	347.0	4.0	4.0
2025/07/16 09:57:26	1014.5	1.0	26.9	27.0	79.0	78.0	196.0	347.0	3.3	3.3
2025/07/16 09:57:27	1014.5	1.0	26.9	27.0	79.0	78.0	195.0	346.0	3.4	3.4
2025/07/16 09:57:28	1014.5	1.0	26.9	27.0	79.0	78.0	197.0	348.0	3.7	3.7
2025/07/16 09:57:29	1014.5	1.0	26.9	27.0	79.0	78.0	199.0	350.0	3.7	3.7
2025/07/16 09:57:30	1014.5	1.0	26.9	27.0	79.0	78.0	199.0	351.0	3.3	3.6
2025/07/16 09:57:31	1014.5	1.0	26.9	27.0	79.0	78.0	199.0	350.0	3.1	3.4
2025/07/16 09:57:32	1014.5	1.0	26.9	27.0	79.0	78.0	198.0	350.0	3.2	3.5
2025/07/16 09:57:33	1014.5	1.0	26.9	27.0	79.0	78.0	199.0	350.0	3.5	3.5
2025/07/16 09:57:34	1014.5	1.0	26.9	27.0	79.0	78.0	199.0	350.0	3.7	3.7
2025/07/16 09:57:35	1014.5	1.0	26.9	27.0	79.0	78.0	196.0	347.0	3.9	3.9
2025/07/16 09:57:36	1014.5	1.0	26.9	27.0	79.0	78.0	191.0	343.0	3.9	4.1
2025/07/16 09:57:37	1014.5	1.0	26.9	27.0	79.0	78.0	192.0	343.0	4.1	4.1
2025/07/16 09:57:38	#	#	#	#	#	#	#	#	#	#
2025/07/16 09:57:39	1014.5	1.0	26.9	27.0	79.0	78.0	192.0	344.0	3.8	4.0
2025/07/16 09:57:40	1014.5	1.0	26.9	27.0	79.0	78.0	195.0	346.0	3.7	3.7
2025/07/16 09:57:41	#	#	#	#	#	#	#	#	#	#
2025/07/16 09:57:42	1014.5	1.0	26.9	27.0	79.0	78.0	195.0	346.0	3.6	3.6
2025/07/16 09:57:43	#	#	#	#	#	#	#	#	#	#
2025/07/16 09:57:44	1014.5	1.0	26.9	27.0	79.0	78.0	198.0	349.0	3.9	3.9
2025/07/16 09:57:45	1014.5	1.0	26.9	27.0	79.0	78.0	199.0	350.0	4.1	4.1
2025/07/16 09:57:46	1014.5	1.0	26.9	27.0	79.0	78.0	196.0	348.0	3.9	3.9
2025/07/16 09:57:47	1014.5	1.0	26.9	27.0	79.0	78.0	193.0	346.0	3.4	3.6
2025/07/16 09:57:48	#	#	#	#	#	#	#	#	#	#
2025/07/16 09:57:49	1014.5	1.0	26.9	27.0	79.0	78.0	195.0	348.0	3.1	3.4
2025/07/16 09:57:50	1014.5	1.0	26.9	27.0	79.0	78.0	200.0	352.0	3.3	3.6
2025/07/16 09:57:51	1014.5	1.0	26.9	27.0	79.0	78.0	202.0	353.0	3.6	3.6
2025/07/16 09:57:52	1014.5	1.0	26.9	27.0	79.0	78.0	197.0	349.0	3.3	3.3
2025/07/16 09:57:53	1014.5	1.0	26.9	27.0	78.0	78.0	193.0	345.0	3.2	3.2
2025/07/16 09:57:54	1014.5	1.0	26.9	27.0	78.0	78.0	193.0	346.0	3.3	3.5
2025/07/16 09:57:55	1014.5	1.0	26.9	27.0	78.0	78.0	199.0	351.0	3.7	4.0
2025/07/16 09:57:56	1014.5	1.0	26.9	27.0	78.0	78.0	203.0	355.0	3.8	4.1
2025/07/16 09:57:57	1014.5	1.0	26.9	27.0	78.0	78.0	203.0	355.0	3.5	3.8
2025/07/16 09:57:58	1014.5	1.0	26.9	27.0	78.0	78.0	204.0	356.0	3.2	3.2
2025/07/16 09:57:59	1014.5	1.0	26.9	27.0	78.0	78.0	200.0	352.0	2.8	2.8
2025/07/16 09:58:00	1014.5	1.0	26.9	27.0	78.0	78.0	195.0	347.0	3.1	3.1
2025/07/16 09:58:01	#	#	#	#	#	#	#	#	#	#
2025/07/16 09:58:02	1014.5	1.0	26.9	27.0	78.0	78.0	194.0	346.0	3.8	3.8
2025/07/16 09:58:03	1014.5	1.0	26.9	27.0	78.0	78.0	194.0	347.0	3.8	4.0
2025/07/16 09:58:04	1014.5	1.0	26.9	27.0	79.0	78.0	195.0	348.0	3.4	3.7
2025/07/16 09:58:05	1014.5	1.0	26.9	27.0	79.0	78.0	198.0	351.0	2.7	3.0
2025/07/16 09:58:06	#	#	#	#	#	#	#	#	#	#
2025/07/16 09:58:07	1014.5	1.0	26.9	27.0	78.0	78.0	200.0	352.0	3.0	3.3
2025/07/16 09:58:08	1014.5	1.0	26.9	27.0	78.0	78.0	201.0	353.0	3.4	3.7
2025/07/16 09:58:09	1014.5	1.0	26.9	27.0	79.0	78.0	197.0	350.0	3.5	3.8
2025/07/16 09:58:10	1014.5	1.0	26.9	27.0	79.0	78.0	190.0	344.0	3.1	3.5
2025/07/16 09:58:11	1014.5	1.0	26.9	27.0	78.0	78.0	188.0	343.0	3.0	3.4
2025/07/16 09:58:12	1014.5	1.0	26.9	27.0	78.0	78.0	194.0	348.0	3.1	3.4
2025/07/16 09:58:13	1014.5	1.0	26.9	27.0	79.0	78.0	201.0	353.0	3.5	3.5
2025/07/16 09:58:14	1014.5	1.0	26.9	27.0	79.0	78.0	201.0	353.0	3.4	3.4
2025/07/16 09:58:15	1014.5	1.0	26.9	26.9	79.0	78.0	200.0	352.0	3.0	3.3
2025/07/16 09:58:16	1014.5	1.0	26.9	26.9	79.0	78.0	200.0	352.0	3.1	3.4
2025/07/16 09:58:17	1014.5	1.0	26.9	26.9	79.0	78.0	199.0	352.0	3.0	3.3
2025/07/16 09:58:18	#	#	#	#	#	#	#	#	#	#
2025/07/16 09:58:19	1014.5	1.0	26.9	26.9	78.0	78.0	198.0	350.0	3.4	3.4
2025/07/16 09:58:20	1014.5	1.0	26.9	26.9	78.0	78.0	194.0	347.0	3.5	3.5
2025/07/16 09:58:21	1014.5	1.0	26.9	26.9	78.0	78.0	191.0	345.0	3.4	3.6
2025/07/16 09:58:22	1014.5	1.0	26.9	26.9	79.0	78.0	193.0	347.0	3.6	3.8
2025/07/16 09:58:23	1014.5	1.0	26.9	27.0	79.0	78.0	197.0	349.0	3.7	3.7
2025/07/16 09:58:24	1014.5	1.0	26.9	27.0	79.0	78.0	199.0	351.0	3.7	3.7
2025/07/16 09:58:25	1014.5	1.0	26.9	27.0	78.0	78.0	201.0	353.0	3.7	3.7
2025/07/16 09:58:26	1014.5	1.0	26.9	27.0	78.0	78.0	197.0	349.0	3.7	3.7
2025/07/16 09:58:27	1014.5	1.0	26.9	27.0	78.0	78.0	197.0	350.0	3.7	3.7
2025/07/16 09:58:28	1014.5	1.0	26.9	27.0	78.0	78.0	197.0	350.0	3.2	3.5
2025/07/16 09:58:29	1014.5	1.0	26.9	27.0	78.0	78.0	199.0	351.0	3.1	3.1
2025/07/16 09:58:30	1014.5	1.0	26.9	27.0	79.0	78.0	203.0	356.0	2.9	2.9
2025/07/16 09:58:31	1014.5	1.0	26.9	27.0	79.0	78.0	204.0	356.0	2.9	2.9
2025/07/16 09:58:32	1014.5	1.0	26.9	27.0	79.0	78.0	201.0	353.0	3.5	3.5
2025/07/16 09:58:33	1014.5	1.0	26.9	27.0	79.0	78.0	196.0	349.0	3.6	3.9
2025/07/16 09:58:34	1014.5	1.0	26.9	27.0	78.0	78.0	195.0	348.0	3.4	3.7
2025/07/16 09:58:35	1014.5	1.0	26.9	27.0	78.0	78.0	195.0	347.0	3.3	3.3
2025/07/16 09:58:36	1014.5	1.0	26.9	27.0	78.0	78.0	190.0	345.0	3.1	3.3
2025/07/16 09:58:37	#	#	#	#	#	#	#	#	#	#
2025/07/16 09:58:38	1014.5	1.0	26.9	27.0	78.0	78.0	187.0	342.0	3.0	3.3
2025/07/16 09:58:39	1014.5	1.0	26.9	27.0	78.0	78.0	189.0	343.0	3.2	3.4
2025/07/16 09:58:40	1014.5	1.0	26.9	27.0	78.0	78.0	201.0	353.0	3.5	3.5
2025/07/16 09:58:41	1014.5	1.0	26.9	27.0	78.0	78.0	205.0	358.0	3.0	3.3
2025/07/16 09:58:42	1014.5	1.0	26.9	27.0	79.0	78.0	207.0	360.0	2.8	3.1
2025/07/16 09:58:43	1014.5	1.0	26.9	27.0	79.0	78.0	206.0	359.0	3.1	3.1
2025/07/16 09:58:44	#	#	#	#	#	#	#	#	#	#
2025/07/16 09:58:45	1014.5	1.0	26.9	27.0	79.0	78.0	201.0	354.0	3.1	3.1
2025/07/16 09:58:46	1014.5	1.0	26.9	27.0	78.0	78.0	193.0	346.0	3.2	3.2
2025/07/16 09:58:47	1014.5	1.0	26.9	27.0	78.0	78.0	188.0	341.0	3.2	3.2
2025/07/16 09:58:48	1014.5	1.0	26.9	27.0	78.0	78.0	187.0	341.0	3.3	3.5
2025/07/16 09:58:49	1014.5	1.0	26.9	27.0	79.0	78.0	190.0	344.0	3.5	3.8
2025/07/16 09:58:50	1014.5	1.0	26.9	27.0	79.0	78.0	194.0	348.0	3.0	3.3
2025/07/16 09:58:51	1014.5	1.0	26.9	27.0	79.0	78.0	196.0	349.0	2.9	2.9
2025/07/16 09:58:52	#	#	#	#	#	#	#	#	#	#
2025/07/16 09:58:53	1014.5	1.0	26.9	27.0	79.0	78.0	197.0	350.0	2.8	2.8
2025/07/16 09:58:54	1014.5	1.0	26.9	27.0	79.0	78.0	197.0	350.0	3.1	3.1
2025/07/16 09:58:55	1014.5	1.0	26.9	27.0	79.0	78.0	195.0	348.0	3.3	3.3
2025/07/16 09:58:56	1014.5	1.0	26.9	27.0	79.0	78.0	192.0	346.0	3.2	3.5
2025/07/16 09:58:57	1014.5	1.0	26.9	27.0	78.0	78.0	193.0	347.0	3.1	3.4
2025/07/16 09:58:58	1014.5	1.0	26.9	27.0	78.0	78.0	194.0	348.0	2.7	3.1
2025/07/16 09:58:59	1014.5	1.0	26.9	27.0	78.0	78.0	196.0	350.0	2.5	2.8
2025/07/16 09:59:00	1014.5	1.0	26.9	27.0	78.0	78.0	197.0	350.0	2.7	2.7
2025/07/16 09:59:01	1014.5	1.0	26.9	27.0	78.0	78.0	195.0	348.0	2.8	2.8
2025/07/16 09:59:02	1014.5	1.0	26.9	27.0	78.0	78.0	193.0	346.0	3.4	3.4
2025/07/16 09:59:03	1014.5	1.0	26.9	27.0	78.0	78.0	191.0	344.0	3.9	3.9
2025/07/16 09:59:04	1014.5	1.0	26.9	27.0	78.0	78.0	188.0	342.0	3.5	3.9
2025/07/16 09:59:05	1014.5	1.0	26.9	27.0	78.0	78.0	186.0	341.0	2.9	3.3
2025/07/16 09:59:06	1014.5	1.0	26.9	27.0	78.0	78.0	187.0	342.0	2.5	2.8
2025/07/16 09:59:07	1014.5	1.0	26.9	27.0	78.0	78.0	197.0	350.0	2.7	2.7
2025/07/16 09:59:08	1014.5	1.0	26.9	27.0	78.0	78.0	203.0	355.0	3.1	3.1
2025/07/16 09:59:09	1014.5	1.0	26.9	27.0	78.0	78.0	207.0	359.0	3.2	3.2
2025/07/16 09:59:10	1014.5	1.0	26.9	27.0	78.0	78.0	202.0	355.0	3.0	3.3
2025/07/16 09:59:11	1014.5	1.0	26.9	27.0	78.0	78.0	182.0	338.0	2.2	2.5
2025/07/16 09:59:12	#	#	#	#	#	#	#	#	#	#
2025/07/16 09:59:13	1014.5	1.0	26.9	27.0	78.0	78.0	180.0	336.0	2.2	2.5
2025/07/16 09:59:14	1014.5	1.0	26.9	27.0	78.0	78.0	189.0	343.0	2.5	2.8
2025/07/16 09:59:15	1014.5	1.0	26.9	27.0	78.0	78.0	195.0	348.0	2.8	3.1
2025/07/16 09:59:16	1014.5	1.0	26.9	27.0	78.0	78.0	196.0	349.0	2.5	2.8
2025/07/16 09:59:17	#	#	#	#	#	#	#	#	#	#
2025/07/16 09:59:18	1014.5	1.0	26.9	27.0	78.0	78.0	190.0	345.0	2.2	2.5
2025/07/16 09:59:19	1014.5	1.0	26.9	27.0	78.0	78.0	184.0	337.0	3.1	3.1
2025/07/16 09:59:20	1014.5	1.0	26.9	27.0	78.0	78.0	187.0	341.0	3.3	3.6
2025/07/16 09:59:21	1014.5	1.0	26.9	27.0	78.0	78.0	190.0	344.0	3.3	3.6
2025/07/16 09:59:22	1014.5	1.0	26.9	27.0	78.0	78.0	199.0	351.0	2.6	2.9
2025/07/16 09:59:23	1014.5	1.0	26.9	27.0	78.0	78.0	209.0	360.0	2.1	2.1
2025/07/16 09:59:24	1014.5	1.0	26.9	27.0	78.0	78.0	209.0	360.0	1.8	1.8
2025/07/16 09:59:25	1014.5	1.0	26.9	27.0	78.0	78.0	202.0	354.0	2.3	2.3
2025/07/16 09:59:26	1014.5	1.0	26.9	27.0	78.0	78.0	197.0	349.0	3.1	3.1
2025/07/16 09:59:27	1014.5	1.0	26.9	27.0	79.0	78.0	197.0	348.0	3.5	3.5
2025/07/16 09:59:28	#	#	#	#	#	#	#	#	#	#
2025/07/16 09:59:29	1014.5	1.0	26.9	27.0	79.0	78.0	195.0	347.0	3.1	3.4
2025/07/16 09:59:30	1014.5	1.0	26.9	27.0	78.0	78.0	192.0	345.0	2.7	2.9
2025/07/16 09:59:31	1014.5	1.0	26.9	27.0	78.0	78.0	185.0	338.0	2.5	2.7
2025/07/16 09:59:32	1014.5	1.0	26.9	27.0	78.0	78.0	184.0	338.0	2.5	2.8
2025/07/16 09:59:33	1014.5	1.0	26.9	27.0	79.0	78.0	196.0	347.0	2.9	2.9
2025/07/16 09:59:34	1014.5	1.0	26.9	27.0	79.0	78.0	204.0	355.0	3.0	3.0
2025/07/16 09:59:35	1014.5	1.0	26.9	27.0	78.0	78.0	212.0	2.0	3.0	3.0
2025/07/16 09:59:36	#	#	#	#	#	#	#	#	#	#
2025/07/16 09:59:37	1014.5	1.0	26.9	27.0	78.0	78.0	213.0	4.0	2.9	2.9
2025/07/16 09:59:38	1014.5	1.0	26.9	27.0	78.0	78.0	206.0	358.0	2.5	2.8
2025/07/16 09:59:39	1014.5	1.0	26.9	27.0	78.0	78.0	196.0	349.0	2.5	2.8
2025/07/16 09:59:40	1014.5	1.0	26.9	27.0	78.0	78.0	194.0	347.0	2.6	2.9
2025/07/16 09:59:41	1014.5	1.0	26.9	27.0	79.0	78.0	205.0	356.0	2.7	2.7
2025/07/16 09:59:42	1014.5	1.0	26.9	27.0	79.0	78.0	208.0	358.0	2.4	2.4
2025/07/16 09:59:43	1014.5	1.0	26.9	27.0	78.0	78.0	204.0	355.0	2.2	2.2
2025/07/16 09:59:44	1014.5	1.0	26.9	27.0	78.0	78.0	201.0	352.0	2.4	2.4
2025/07/16 09:59:45	1014.5	1.0	26.9	27.0	78.0	78.0	199.0	350.0	2.8	2.8
2025/07/16 09:59:46	1014.5	1.0	26.9	27.0	78.0	78.0	196.0	348.0	2.9	3.2
2025/07/16 09:59:47	1014.5	1.0	26.9	27.0	78.0	78.0	195.0	347.0	2.8	3.1
2025/07/16 09:59:48	1014.5	1.0	26.9	27.0	78.0	78.0	194.0	345.0	2.7	2.7
2025/07/16 09:59:49	1014.5	1.0	26.9	27.0	78.0	78.0	191.0	343.0	2.1	2.1
2025/07/16 09:59:50	1014.5	1.0	26.9	27.0	78.0	78.0	197.0	348.0	2.0	2.0
2025/07/16 09:59:51	1014.5	1.0	26.9	27.0	78.0	78.0	198.0	350.0	2.2	2.5
2025/07/16 09:59:52	#	#	#	#	#	#	#	#	#	#
2025/07/16 09:59:53	1014.5	1.0	26.9	27.0	78.0	78.0	205.0	356.0	2.4	2.8
2025/07/16 09:59:54	1014.5	1.0	26.9	27.0	78.0	78.0	208.0	359.0	2.3	2.3
2025/07/16 09:59:55	1014.5	1.0	26.9	27.0	78.0	78.0	204.0	355.0	2.3	2.3
2025/07/16 09:59:56	#	#	#	#	#	#	#	#	#	#
2025/07/16 09:59:57	1014.5	1.0	26.9	27.0	79.0	78.0	200.0	351.0	2.5	2.5
2025/07/16 09:59:58	1014.5	1.0	26.9	27.0	79.0	78.0	193.0	344.0	2.6	2.6
2025/07/16 09:59:59	1014.5	1.0	26.9	27.0	79.0	78.0	189.0	339.0	2.6	2.6
2025/07/16 10:00:00	1014.5	1.0	26.9	27.0	79.0	78.0	188.0	341.0	2.7	2.9
2025/07/16 10:00:01	#	#	#	#	#	#	#	#	#	#
2025/07/16 10:00:02	1014.5	1.0	26.9	27.0	79.0	78.0	190.0	343.0	2.7	3.0
2025/07/16 10:00:03	1014.5	1.0	26.9	27.0	79.0	78.0	193.0	346.0	2.6	2.9
2025/07/16 10:00:04	1014.5	1.0	26.9	27.0	79.0	78.0	198.0	350.0	2.5	2.8
2025/07/16 10:00:05	1014.5	1.0	26.9	27.0	79.0	78.0	200.0	351.0	2.9	2.9
2025/07/16 10:00:06	1014.5	1.0	26.9	27.0	79.0	78.0	199.0	350.0	3.1	3.1
2025/07/16 10:00:07	1014.5	1.0	26.9	27.0	79.0	78.0	200.0	351.0	3.2	3.2
2025/07/16 10:00:08	1014.5	1.0	26.9	27.0	79.0	78.0	202.0	353.0	3.0	3.0
2025/07/16 10:00:09	1014.5	1.0	26.9	27.0	79.0	79.0	205.0	355.0	2.8	2.8
2025/07/16 10:00:10	1014.5	1.0	26.9	27.0	79.0	79.0	207.0	357.0	2.8	2.8
2025/07/16 10:00:11	1014.5	1.0	26.9	27.0	79.0	79.0	197.0	347.0	3.1	3.1
2025/07/16 10:00:12	1014.5	1.0	26.9	27.0	79.0	79.0	186.0	339.0	3.1	3.4
2025/07/16 10:00:13	1014.5	1.0	26.9	27.0	79.0	79.0	188.0	341.0	3.0	3.2
2025/07/16 10:00:14	1014.5	1.0	26.9	27.0	79.0	79.0	192.0	343.0	2.9	2.9
2025/07/16 10:00:15	1014.5	1.0	26.9	27.0	79.0	79.0	197.0	347.0	2.8	2.8
2025/07/16 10:00:16	1014.5	1.0	26.9	27.0	79.0	78.0	201.0	351.0	3.0	3.0
2025/07/16 10:00:17	1014.5	1.0	26.9	27.0	79.0	78.0	205.0	355.0	3.3	3.3
2025/07/16 10:00:18	1014.5	1.0	26.9	27.0	79.0	79.0	206.0	356.0	3.4	3.4
2025/07/16 10:00:19	#	#	#	#	#	#	#	#	#	#
2025/07/16 10:00:20	1014.5	1.0	26.9	27.0	78.0	79.0	203.0	354.0	3.3	3.3
2025/07/16 10:00:21	1014.5	1.0	26.9	27.0	78.0	79.0	188.0	340.0	3.0	3.2
2025/07/16 10:00:22	1014.5	1.0	26.9	27.0	79.0	79.0	185.0	337.0	3.1	3.3
2025/07/16 10:00:23	1014.5	1.0	26.9	27.0	79.0	79.0	183.0	336.0	3.0	3.2
2025/07/16 10:00:24	1014.5	1.0	26.9	27.0	78.0	79.0	180.0	333.0	2.6	2.8
2025/07/16 10:00:25	1014.5	1.0	26.9	27.0	78.0	79.0	176.0	330.0	2.5	2.7
2025/07/16 10:00:26	1014.5	1.0	26.9	27.0	78.0	78.0	179.0	329.0	2.9	2.9
2025/07/16 10:00:27	1014.5	1.0	26.9	27.0	79.0	78.0	186.0	336.0	3.4	3.4
2025/07/16 10:00:28	1014.5	1.0	26.9	27.0	79.0	78.0	188.0	338.0	3.6	3.6
2025/07/16 10:00:29	1014.5	1.0	26.9	27.0	79.0	78.0	189.0	339.0	3.3	3.3
2025/07/16 10:00:30	1014.5	1.0	26.9	27.0	79.0	78.0	188.0	338.0	2.8	2.8
2025/07/16 10:00:31	1014.5	1.0	26.9	27.0	79.0	78.0	186.0	336.0	2.7	2.7
2025/07/16 10:00:32	1014.5	1.0	26.9	27.0	79.0	78.0	184.0	334.0	2.8	2.8
2025/07/16 10:00:33	#	#	#	#	#	#	#	#	#	#
2025/07/16 10:00:34	1014.5	1.0	26.9	27.0	79.0	78.0	186.0	337.0	2.9	2.9
2025/07/16 10:00:35	1014.5	1.0	26.9	27.0	79.0	78.0	195.0	344.0	3.1	3.1
2025/07/16 10:00:36	#	#	#	#	#	#	#	#	#	#
2025/07/16 10:00:37	1014.5	1.0	26.9	27.0	79.0	78.0	191.0	343.0	3.0	3.2
2025/07/16 10:00:38	1014.5	1.0	26.9	27.0	79.0	78.0	180.0	331.0	3.3	3.3
2025/07/16 10:00:39	1014.5	1.0	26.9	27.0	79.0	78.0	176.0	326.0	3.7	3.7
2025/07/16 10:00:40	#	#	#	#	#	#	#	#	#	#
2025/07/16 10:00:41	1014.5	1.0	26.9	27.0	79.0	78.0	174.0	326.0	3.7	3.9
2025/07/16 10:00:42	#	#	#	#	#	#	#	#	#	#
2025/07/16 10:00:43	1014.5	1.0	26.9	27.0	79.0	78.0	177.0	331.0	2.7	3.1
2025/07/16 10:00:44	1014.5	1.0	26.9	27.0	79.0	78.0	199.0	349.0	2.5	2.5
2025/07/16 10:00:45	#	#	#	#	#	#	#	#	#	#
2025/07/16 10:00:46	1014.5	1.0	26.9	27.0	79.0	78.0	203.0	353.0	2.9	2.9
2025/07/16 10:00:47	1014.5	1.0	26.9	27.0	79.0	78.0	199.0	349.0	3.2	3.2
2025/07/16 10:00:48	1014.5	1.0	26.9	27.0	79.0	78.0	194.0	344.0	3.3	3.3
2025/07/16 10:00:49	1014.5	1.0	26.9	27.0	79.0	78.0	188.0	338.0	3.2	3.2
2025/07/16 10:00:50	1014.5	1.0	26.9	27.0	79.0	78.0	179.0	333.0	2.9	3.2
2025/07/16 10:00:51	1014.5	1.0	26.9	27.0	79.0	78.0	176.0	331.0	3.1	3.5
2025/07/16 10:00:52	1014.5	1.0	26.9	27.0	79.0	78.0	178.0	332.0	3.4	3.7
2025/07/16 10:00:53	1014.5	1.0	26.9	27.0	79.0	78.0	181.0	332.0	3.6	3.6
2025/07/16 10:00:54	1014.5	1.0	26.9	27.0	79.0	78.0	184.0	335.0	3.4	3.4
2025/07/16 10:00:55	1014.5	1.0	26.9	27.0	79.0	78.0	186.0	336.0	3.4	3.4
2025/07/16 10:00:56	1014.5	1.0	26.9	27.0	79.0	78.0	188.0	338.0	3.5	3.5
2025/07/16 10:00:57	1014.5	1.0	26.9	27.0	79.0	78.0	185.0	338.0	3.1	3.5
2025/07/16 10:00:58	1014.5	1.0	26.9	27.0	79.0	78.0	186.0	339.0	3.0	3.3
2025/07/16 10:00:59	1014.5	1.0	26.9	27.0	79.0	78.0	192.0	342.0	3.0	3.0
2025/07/16 10:01:00	1014.5	1.0	26.9	27.0	79.0	78.0	197.0	347.0	2.9	2.9
2025/07/16 10:01:01	1014.5	1.0	26.9	27.0	79.0	78.0	202.0	352.0	3.0	3.0
2025/07/16 10:01:02	1014.5	1.0	26.9	27.0	79.0	78.0	199.0	349.0	3.4	3.4
2025/07/16 10:01:03	1014.5	1.0	26.9	27.0	79.0	78.0	192.0	342.0	3.6	3.6
2025/07/16 10:01:04	1014.5	1.0	26.9	27.0	79.0	79.0	180.0	334.0	3.1	3.5
2025/07/16 10:01:05	1014.5	1.0	26.9	27.0	79.0	79.0	175.0	330.0	3.0	3.3
2025/07/16 10:01:06	1014.5	1.0	26.9	27.0	79.0	79.0	188.0	338.0	3.0	3.0
2025/07/16 10:01:07	#	#	#	#	#	#	#	#	#	#
2025/07/16 10:01:08	1014.5	1.0	26.9	27.0	79.0	79.0	190.0	340.0	3.5	3.5
2025/07/16 10:01:09	1014.5	1.0	26.9	27.0	79.0	78.0	187.0	337.0	3.4	3.4
2025/07/16 10:01:10	1014.5	1.0	26.9	27.0	79.0	78.0	184.0	338.0	2.1	2.4
2025/07/16 10:01:11	1014.5	1.0	26.9	27.0	79.0	78.0	195.0	345.0	2.3	2.3
2025/07/16 10:01:12	#	#	#	#	#	#	#	#	#	#
2025/07/16 10:01:13	1014.5	1.0	26.9	27.0	79.0	78.0	199.0	349.0	2.7	2.7
2025/07/16 10:01:14	1014.5	1.0	26.9	27.0	79.0	78.0	198.0	348.0	3.0	3.0
2025/07/16 10:01:15	1014.5	1.0	26.9	27.0	79.0	78.0	190.0	341.0	3.0	3.0
2025/07/16 10:01:16	1014.5	1.0	26.9	27.0	79.0	78.0	175.0	328.0	2.6	2.8
2025/07/16 10:01:17	1014.5	1.0	26.9	27.0	79.0	78.0	166.0	321.0	2.7	3.0
2025/07/16 10:01:18	1014.5	1.0	26.9	27.0	79.0	78.0	168.0	322.0	3.1	3.3
2025/07/16 10:01:19	1014.5	1.0	26.9	27.0	79.0	78.0	178.0	330.0	3.3	3.5
2025/07/16 10:01:20	1014.5	1.0	26.9	27.0	79.0	78.0	187.0	338.0	3.3	3.5
2025/07/16 10:01:21	1014.5	1.0	26.9	27.0	78.0	78.0	189.0	341.0	2.8	3.0
2025/07/16 10:01:22	1014.5	1.0	26.9	27.0	78.0	78.0	188.0	338.0	2.3	2.3
2025/07/16 10:01:23	1014.5	1.0	26.9	27.0	79.0	78.0	182.0	332.0	2.1	2.1
2025/07/16 10:01:24	1014.5	1.0	26.9	27.0	79.0	78.0	186.0	337.0	2.8	2.8
2025/07/16 10:01:25	#	#	#	#	#	#	#	#	#	#
2025/07/16 10:01:26	1014.5	1.0	26.9	27.0	79.0	78.0	188.0	338.0	3.1	3.1
2025/07/16 10:01:27	1014.5	1.0	26.9	27.0	79.0	78.0	183.0	336.0	3.0	3.2
2025/07/16 10:01:28	1014.5	1.0	26.9	27.0	79.0	78.0	180.0	334.0	2.8	3.1
2025/07/16 10:01:29	1014.5	1.0	26.9	27.0	79.0	78.0	179.0	334.0	2.5	2.8
2025/07/16 10:01:30	#	#	#	#	#	#	#	#	#	#
2025/07/16 10:01:31	1014.5	1.0	26.9	27.0	79.0	78.0	183.0	334.0	2.6	2.6
2025/07/16 10:01:32	1014.5	1.0	26.9	27.0	79.0	78.0	185.0	336.0	2.5	2.5
2025/07/16 10:01:33	1014.5	1.0	26.9	27.0	79.0	78.0	187.0	338.0	2.7	2.7
2025/07/16 10:01:34	1014.5	1.0	26.9	27.0	79.0	78.0	185.0	337.0	3.1	3.1
2025/07/16 10:01:35	#	#	#	#	#	#	#	#	#	#
2025/07/16 10:01:36	1014.5	1.0	26.9	27.0	79.0	78.0	181.0	335.0	3.0	3.3
2025/07/16 10:01:37	1014.5	1.0	26.9	27.0	79.0	78.0	185.0	338.0	2.4	2.6
2025/07/16 10:01:38	1014.5	1.0	26.9	27.0	79.0	78.0	186.0	341.0	1.9	2.2
2025/07/16 10:01:39	#	#	#	#	#	#	#	#	#	#
2025/07/16 10:01:40	1014.5	1.0	26.9	27.0	79.0	78.0	187.0	342.0	1.9	2.1
2025/07/16 10:01:41	#	#	#	#	#	#	#	#	#	#
2025/07/16 10:01:42	1014.5	1.0	26.9	27.0	78.0	78.0	176.0	328.0	3.1	3.1
2025/07/16 10:01:43	1014.5	1.0	26.9	27.0	78.0	78.0	176.0	328.0	3.5	3.5
2025/07/16 10:01:44	1014.5	1.0	26.9	27.0	79.0	78.0	175.0	330.0	3.3	3.6
2025/07/16 10:01:45	1014.5	1.0	26.9	27.0	79.0	78.0	179.0	333.0	2.8	3.0
2025/07/16 10:01:46	1014.5	1.0	26.9	27.0	79.0	78.0	184.0	336.0	2.7	2.7
2025/07/16 10:01:47	1014.5	1.0	26.9	27.0	79.0	78.0	186.0	338.0	2.6	2.6
2025/07/16 10:01:48	1014.5	1.0	26.9	27.0	79.0	78.0	188.0	340.0	2.9	2.9
2025/07/16 10:01:49	#	#	#	#	#	#	#	#	#	#
2025/07/16 10:01:50	1014.5	1.0	26.9	27.0	79.0	78.0	190.0	343.0	3.4	3.4
2025/07/16 10:01:51	1014.5	1.0	26.9	27.0	79.0	79.0	187.0	340.0	3.6	3.6
2025/07/16 10:01:52	1014.5	1.0	26.9	27.0	79.0	79.0	183.0	336.0	3.8	3.8
2025/07/16 10:01:53	1014.5	1.0	26.9	27.0	79.0	79.0	177.0	333.0	3.0	3.3
2025/07/16 10:01:54	#	#	#	#	#	#	#	#	#	#
2025/07/16 10:01:55	1014.5	1.0	26.9	27.0	79.0	79.0	184.0	340.0	2.4	2.8
2025/07/16 10:01:56	1014.5	1.0	26.9	27.0	79.0	79.0	197.0	350.0	2.5	2.5
2025/07/16 10:01:57	1014.5	1.0	27.0	27.0	79.0	79.0	192.0	345.0	2.7	2.7
2025/07/16 10:01:58	1014.5	1.0	27.0	27.0	79.0	79.0	191.0	344.0	2.8	2.8
2025/07/16 10:01:59	1014.5	1.0	26.9	27.0	79.0	79.0	190.0	343.0	3.0	3.0
2025/07/16 10:02:00	1014.5	1.0	26.9	27.0	79.0	79.0	189.0	342.0	3.0	3.0
2025/07/16 10:02:01	1014.5	1.0	26.9	27.0	79.0	79.0	191.0	344.0	3.0	3.0
2025/07/16 10:02:02	1014.5	1.0	26.9	27.0	79.0	79.0	192.0	345.0	3.0	3.0
2025/07/16 10:02:03	1014.5	1.0	26.9	27.0	79.0	79.0	188.0	342.0	3.0	3.0
2025/07/16 10:02:04	1014.5	1.0	26.9	27.0	79.0	79.0	182.0	336.0	2.9	2.9
2025/07/16 10:02:05	#	#	#	#	#	#	#	#	#	#
2025/07/16 10:02:06	1014.5	1.0	26.9	27.0	79.0	79.0	176.0	332.0	2.7	2.9
2025/07/16 10:02:07	1014.5	1.0	26.9	27.0	79.0	79.0	179.0	335.0	2.9	3.1
2025/07/16 10:02:08	1014.5	1.0	27.0	27.0	79.0	79.0	189.0	342.0	3.1	3.1
2025/07/16 10:02:09	1014.5	1.0	27.0	27.0	79.0	79.0	199.0	352.0	3.0	3.0
2025/07/16 10:02:10	1014.5	1.0	27.0	27.0	79.0	79.0	201.0	355.0	2.9	2.9
2025/07/16 10:02:11	1014.5	1.0	27.0	27.0	79.0	79.0	195.0	349.0	2.7	2.7
2025/07/16 10:02:12	1014.5	1.0	27.0	27.0	79.0	79.0	182.0	336.0	2.6	2.6
2025/07/16 10:02:13	1014.5	1.0	27.0	27.0	79.0	79.0	178.0	332.0	2.7	2.7
2025/07/16 10:02:14	1014.5	1.0	27.0	27.0	79.0	79.0	181.0	337.0	2.8	3.0
2025/07/16 10:02:15	1014.5	1.0	27.0	27.0	79.0	79.0	190.0	343.0	2.9	2.9
2025/07/16 10:02:16	1014.5	1.0	27.0	27.0	79.0	79.0	195.0	349.0	2.6	2.6
2025/07/16 10:02:17	1014.5	1.0	27.0	27.1	79.0	79.0	191.0	345.0	2.6	2.6
2025/07/16 10:02:18	1014.5	1.0	27.0	27.1	79.0	79.0	178.0	332.0	2.7	2.7
2025/07/16 10:02:19	#	#	#	#	#	#	#	#	#	#
2025/07/16 10:02:20	1014.5	1.0	27.0	27.0	79.0	79.0	182.0	337.0	2.7	2.7
2025/07/16 10:02:21	1014.5	1.0	27.0	27.0	79.0	79.0	190.0	344.0	2.7	2.7
2025/07/16 10:02:22	1014.5	1.0	27.0	27.0	79.0	79.0	191.0	345.0	2.6	2.6
2025/07/16 10:02:23	#	#	#	#	#	#	#	#	#	#
2025/07/16 10:02:24	1014.5	1.0	27.0	27.0	79.0	79.0	191.0	345.0	2.5	2.5
2025/07/16 10:02:25	1014.5	1.0	27.0	27.0	79.0	79.0	195.0	350.0	2.4	2.4
2025/07/16 10:02:26	1014.5	1.0	27.0	27.0	79.0	79.0	192.0	346.0	2.4	2.4
2025/07/16 10:02:27	1014.5	1.0	27.0	27.0	79.0	79.0	188.0	342.0	2.8	2.8
2025/07/16 10:02:28	1014.5	1.0	27.0	27.0	79.0	79.0	184.0	338.0	3.2	3.2
2025/07/16 10:02:29	#	#	#	#	#	#	#	#	#	#
2025/07/16 10:02:30	1014.5	1.0	27.0	27.0	79.0	79.0	181.0	335.0	3.0	3.0
2025/07/16 10:02:31	1014.5	1.0	26.9	27.0	79.0	79.0	175.0	333.0	2.2	2.4
2025/07/16 10:02:32	1014.5	1.0	26.9	27.0	79.0	79.0	185.0	339.0	2.3	2.3
2025/07/16 10:02:33	1014.5	1.0	26.9	27.0	79.0	79.0	192.0	346.0	2.5	2.5
2025/07/16 10:02:34	1014.5	1.0	26.9	27.0	79.0	79.0	197.0	351.0	2.9	2.9
2025/07/16 10:02:35	1014.5	1.0	26.9	27.0	79.0	79.0	196.0	350.0	3.2	3.2
2025/07/16 10:02:36	1014.5	1.0	26.9	27.0	79.0	79.0	191.0	345.0	3.3	3.3
2025/07/16 10:02:37	1014.5	1.0	26.9	27.0	79.0	79.0	183.0	338.0	3.1	3.1
2025/07/16 10:02:38	1014.5	1.0	27.0	27.0	79.0	79.0	177.0	335.0	2.7	3.0
2025/07/16 10:02:39	1014.5	1.0	27.0	27.0	79.0	79.0	183.0	340.0	2.6	2.9
2025/07/16 10:02:40	1014.5	1.0	27.0	27.0	79.0	79.0	183.0	338.0	2.7	2.7
2025/07/16 10:02:41	1014.5	1.0	27.0	27.0	79.0	79.0	181.0	335.0	2.9	2.9
2025/07/16 10:02:42	1014.5	1.0	27.0	27.0	79.0	79.0	187.0	341.0	3.0	3.0
2025/07/16 10:02:43	#	#	#	#	#	#	#	#	#	#
2025/07/16 10:02:44	1014.5	1.0	27.0	27.0	79.0	79.0	190.0	344.0	3.3	3.3
2025/07/16 10:02:45	1014.5	1.0	27.0	27.0	79.0	79.0	187.0	342.0	3.5	3.5
2025/07/16 10:02:46	1014.5	1.0	27.0	27.0	79.0	79.0	181.0	335.0	2.5	2.5
2025/07/16 10:02:47	1014.5	1.0	27.0	27.0	79.0	79.0	186.0	341.0	2.3	2.3
2025/07/16 10:02:48	#	#	#	#	#	#	#	#	#	#
2025/07/16 10:02:49	1014.5	1.0	27.0	27.0	79.0	79.0	187.0	342.0	2.7	2.7
2025/07/16 10:02:50	#	#	#	#	#	#	#	#	#	#
2025/07/16 10:02:51	1014.5	1.0	27.0	27.1	79.0	79.0	184.0	338.0	3.7	3.7
2025/07/16 10:02:52	1014.5	1.0	27.0	27.1	79.0	79.0	179.0	333.0	3.2	3.2
2025/07/16 10:02:53	1014.5	1.0	27.0	27.1	79.0	79.0	179.0	337.0	2.3	2.6
2025/07/16 10:02:54	#	#	#	#	#	#	#	#	#	#
2025/07/16 10:02:55	1014.5	1.0	27.0	27.1	79.0	79.0	191.0	345.0	2.7	2.7
2025/07/16 10:02:56	1014.5	1.0	27.0	27.1	79.0	79.0	195.0	349.0	3.3	3.3
2025/07/16 10:02:57	1014.5	1.0	27.0	27.1	79.0	80.0	192.0	347.0	3.4	3.7
2025/07/16 10:02:58	1014.5	1.0	27.0	27.1	79.0	80.0	188.0	343.0	3.4	3.6
2025/07/16 10:02:59	1014.5	1.0	27.0	27.1	79.0	80.0	188.0	342.0	3.3	3.3
2025/07/16 10:03:00	1014.5	1.0	27.0	27.1	79.0	80.0	188.0	342.0	2.6	2.6
2025/07/16 10:03:01	1014.5	1.0	27.0	27.1	79.0	80.0	186.0	339.0	2.5	2.5
2025/07/16 10:03:02	1014.5	1.0	27.0	27.1	79.0	80.0	182.0	336.0	2.6	2.6
2025/07/16 10:03:03	1014.5	1.0	27.0	27.1	79.0	80.0	187.0	341.0	3.4	3.4
2025/07/16 10:03:04	1014.5	1.0	27.0	27.1	79.0	80.0	196.0	349.0	3.6	3.6
2025/07/16 10:03:05	1014.5	1.0	27.0	27.1	79.0	80.0	191.0	344.0	3.5	3.5
2025/07/16 10:03:06	1014.6	1.0	27.0	27.1	79.0	80.0	189.0	343.0	2.7	2.7
2025/07/16 10:03:07	1014.6	1.0	27.0	27.1	79.0	80.0	193.0	347.0	2.1	2.1
2025/07/16 10:03:08	1014.6	1.0	27.0	27.1	79.0	80.0	201.0	354.0	2.2	2.2
2025/07/16 10:03:09	1014.6	1.0	27.0	27.1	79.0	80.0	201.0	354.0	2.5	2.5
2025/07/16 10:03:10	1014.6	1.0	27.0	27.1	79.0	79.0	197.0	350.0	2.6	2.6
2025/07/16 10:03:11	1014.6	1.0	27.0	27.1	79.0	79.0	186.0	339.0	2.6	2.6
2025/07/16 10:03:12	1014.6	1.0	27.0	27.1	79.0	79.0	178.0	331.0	2.7	2.7
2025/07/16 10:03:13	1014.6	1.0	27.0	27.1	79.0	79.0	178.0	331.0	2.9	2.9
2025/07/16 10:03:14	1014.6	1.0	27.0	27.1	79.0	79.0	181.0	334.0	3.0	3.0
2025/07/16 10:03:15	1014.5	1.0	27.0	27.1	79.0	79.0	182.0	335.0	3.0	3.0
2025/07/16 10:03:16	1014.5	1.0	27.0	27.1	79.0	79.0	182.0	335.0	2.7	2.7
2025/07/16 10:03:17	1014.5	1.0	27.0	27.1	79.0	79.0	184.0	337.0	2.3	2.3
2025/07/16 10:03:18	1014.5	1.0	27.0	27.1	79.0	79.0	186.0	339.0	2.2	2.2
2025/07/16 10:03:19	1014.5	1.0	26.9	27.1	79.0	79.0	192.0	344.0	2.6	2.6
2025/07/16 10:03:20	1014.5	1.0	26.9	27.0	79.0	79.0	192.0	344.0	2.9	2.9
2025/07/16 10:03:21	1014.5	1.0	26.9	27.0	79.0	79.0	190.0	343.0	2.9	2.9
2025/07/16 10:03:22	1014.5	1.0	27.0	27.0	79.0	79.0	190.0	343.0	2.7	2.7
2025/07/16 10:03:23	1014.5	1.0	27.0	27.0	79.0	79.0	190.0	343.0	2.5	2.5
2025/07/16 10:03:24	1014.5	1.0	26.9	27.0	79.0	79.0	190.0	342.0	2.5	2.5
2025/07/16 10:03:25	1014.5	1.0	26.9	27.0	79.0	79.0	184.0	337.0	2.7	2.7
2025/07/16 10:03:26	1014.5	1.0	26.9	27.0	79.0	79.0	179.0	331.0	2.7	2.7
2025/07/16 10:03:27	1014.5	1.0	26.9	27.0	79.0	79.0	177.0	329.0	2.7	2.7
2025/07/16 10:03:28	1014.5	1.0	26.9	27.0	79.0	79.0	182.0	334.0	2.8	2.8
2025/07/16 10:03:29	1014.5	1.0	26.9	27.0	79.0	79.0	187.0	339.0	2.7	2.7
2025/07/16 10:03:30	1014.5	1.0	26.9	27.0	79.0	79.0	191.0	343.0	2.6	2.6
2025/07/16 10:03:31	1014.5	1.0	26.9	27.0	79.0	79.0	193.0	345.0	2.5	2.5
2025/07/16 10:03:32	1014.5	1.0	26.9	27.0	80.0	79.0	195.0	347.0	2.4	2.4
2025/07/16 10:03:33	1014.5	1.0	26.9	27.0	80.0	79.0	192.0	344.0	2.4	2.4
2025/07/16 10:03:34	1014.5	1.0	26.9	27.0	79.0	79.0	186.0	338.0	2.5	2.5
2025/07/16 10:03:35	1014.5	1.0	26.9	27.0	79.0	79.0	185.0	337.0	2.6	2.6
2025/07/16 10:03:36	1014.5	1.0	26.9	27.0	79.0	79.0	189.0	341.0	2.8	2.8
2025/07/16 10:03:37	1014.5	1.0	26.9	27.0	79.0	79.0	195.0	347.0	2.8	2.8
2025/07/16 10:03:38	1014.5	1.0	26.9	27.0	79.0	79.0	199.0	351.0	2.8	2.8
2025/07/16 10:03:39	1014.5	1.0	26.9	27.0	79.0	79.0	193.0	345.0	2.5	2.5
2025/07/16 10:03:40	1014.5	1.0	26.9	27.0	79.0	79.0	186.0	339.0	2.3	2.3
2025/07/16 10:03:41	1014.5	1.0	26.9	27.0	79.0	79.0	182.0	334.0	2.5	2.5
2025/07/16 10:03:42	1014.5	1.0	26.9	27.0	79.0	79.0	183.0	335.0	2.9	2.9
2025/07/16 10:03:43	1014.5	1.0	26.9	27.0	79.0	79.0	187.0	338.0	3.1	3.1
2025/07/16 10:03:44	1014.5	1.0	26.9	27.0	79.0	79.0	191.0	343.0	3.2	3.2
2025/07/16 10:03:45	1014.5	1.0	26.9	27.0	79.0	79.0	197.0	348.0	3.0	3.0
2025/07/16 10:03:46	#	#	#	#	#	#	#	#	#	#
2025/07/16 10:03:47	1014.5	1.0	26.9	27.0	79.0	79.0	208.0	360.0	2.2	2.2
2025/07/16 10:03:48	#	#	#	#	#	#	#	#	#	#
2025/07/16 10:03:49	1014.5	1.0	26.9	27.0	79.0	79.0	201.0	353.0	2.3	2.3
2025/07/16 10:03:50	1014.5	1.0	26.9	27.0	79.0	79.0	193.0	345.0	2.5	2.5
2025/07/16 10:03:51	1014.5	1.0	26.9	27.0	79.0	79.0	192.0	343.0	2.8	2.8
2025/07/16 10:03:52	1014.5	1.0	26.9	27.0	79.0	79.0	195.0	347.0	2.7	2.7
2025/07/16 10:03:53	1014.5	1.0	26.9	27.0	79.0	79.0	198.0	349.0	2.3	2.3
2025/07/16 10:03:54	1014.5	1.0	26.9	27.0	79.0	79.0	197.0	348.0	1.9	1.9
2025/07/16 10:03:55	#	#	#	#	#	#	#	#	#	#
2025/07/16 10:03:56	1014.5	1.0	26.9	27.0	79.0	79.0	196.0	348.0	1.8	1.8
2025/07/16 10:03:57	1014.5	1.0	26.9	27.0	79.0	79.0	197.0	348.0	2.0	2.0
2025/07/16 10:03:58	1014.5	1.0	26.9	27.0	79.0	79.0	197.0	349.0	2.1	2.4
2025/07/16 10:03:59	1014.5	1.0	26.9	27.0	79.0	79.0	197.0	349.0	3.0	3.0
2025/07/16 10:04:00	1014.5	1.0	26.9	27.0	79.0	79.0	196.0	347.0	3.1	3.1
2025/07/16 10:04:01	1014.5	1.0	26.9	27.0	79.0	79.0	194.0	345.0	2.2	2.2
2025/07/16 10:04:02	1014.5	1.0	26.9	27.0	79.0	79.0	190.0	341.0	1.7	1.7
2025/07/16 10:04:03	1014.5	1.0	26.9	27.0	79.0	79.0	192.0	344.0	1.7	1.7
2025/07/16 10:04:04	1014.5	1.0	26.9	27.0	79.0	79.0	199.0	351.0	2.3	2.3
2025/07/16 10:04:05	1014.5	1.0	26.9	27.0	79.0	79.0	207.0	358.0	2.8	2.8
2025/07/16 10:04:06	1014.5	1.0	26.9	27.0	79.0	79.0	209.0	360.0	2.9	2.9
2025/07/16 10:04:07	1014.5	1.0	26.9	27.0	79.0	79.0	209.0	360.0	2.6	2.6
2025/07/16 10:04:08	#	#	#	#	#	#	#	#	#	#
2025/07/16 10:04:09	1014.5	1.0	26.9	27.0	79.0	79.0	204.0	355.0	2.2	2.2
2025/07/16 10:04:10	1014.5	1.0	26.9	27.0	79.0	79.0	199.0	350.0	2.2	2.2
2025/07/16 10:04:11	1014.5	1.0	26.9	27.0	79.0	79.0	197.0	348.0	2.4	2.4
2025/07/16 10:04:12	1014.5	1.0	26.9	27.0	79.0	79.0	196.0	348.0	2.7	2.7
2025/07/16 10:04:13	1014.5	1.0	26.9	27.0	79.0	79.0	203.0	354.0	2.7	2.7
2025/07/16 10:04:14	1014.5	1.0	26.9	27.0	79.0	79.0	209.0	360.0	2.7	2.7
2025/07/16 10:04:15	1014.5	1.0	26.9	27.0	79.0	79.0	215.0	6.0	2.6	2.6
2025/07/16 10:04:16	1014.5	1.0	26.9	27.0	79.0	79.0	215.0	6.0	2.4	2.4
2025/07/16 10:04:17	1014.5	1.0	26.9	27.0	79.0	79.0	219.0	10.0	2.2	2.2
2025/07/16 10:04:18	1014.5	1.0	26.9	27.0	79.0	79.0	218.0	9.0	2.1	2.1
2025/07/16 10:04:19	1014.5	1.0	26.9	27.0	79.0	79.0	211.0	2.0	2.2	2.2
2025/07/16 10:04:20	1014.5	1.0	26.9	27.0	79.0	79.0	205.0	356.0	2.7	2.7
2025/07/16 10:04:21	1014.5	1.0	26.9	27.0	79.0	79.0	204.0	355.0	2.6	2.6
2025/07/16 10:04:22	1014.5	1.0	26.9	27.0	79.0	79.0	209.0	360.0	2.4	2.4
2025/07/16 10:04:23	1014.5	1.0	26.9	27.0	79.0	79.0	208.0	359.0	2.6	2.6
2025/07/16 10:04:24	1014.5	1.0	26.9	27.0	79.0	79.0	202.0	353.0	3.1	3.1
2025/07/16 10:04:25	1014.5	1.0	26.9	27.0	79.0	79.0	200.0	351.0	3.4	3.4
2025/07/16 10:04:26	1014.5	1.0	26.9	27.0	79.0	79.0	200.0	352.0	3.2	3.2
2025/07/16 10:04:27	1014.5	1.0	26.9	27.0	79.0	79.0	204.0	355.0	3.1	3.1
2025/07/16 10:04:28	1014.5	1.0	26.9	27.0	79.0	79.0	209.0	360.0	3.0	3.0
2025/07/16 10:04:29	1014.5	1.0	26.9	27.0	79.0	79.0	218.0	8.0	2.6	2.9
2025/07/16 10:04:30	1014.5	1.0	26.9	27.0	79.0	79.0	217.0	7.0	2.7	3.0
2025/07/16 10:04:31	1014.5	1.0	26.9	27.0	79.0	79.0	216.0	8.0	3.3	3.3
2025/07/16 10:04:32	1014.5	1.0	26.9	27.0	79.0	79.0	218.0	9.0	3.4	3.4
2025/07/16 10:04:33	1014.5	1.0	26.9	27.0	79.0	79.0	217.0	8.0	3.2	3.2
2025/07/16 10:04:34	1014.5	1.0	26.9	27.0	79.0	79.0	214.0	5.0	2.8	2.8
2025/07/16 10:04:35	1014.5	1.0	26.9	27.0	79.0	79.0	210.0	2.0	2.8	2.8
2025/07/16 10:04:36	1014.5	1.0	26.9	27.0	79.0	79.0	216.0	7.0	2.7	2.7
2025/07/16 10:04:37	1014.5	1.0	26.9	27.0	79.0	79.0	221.0	12.0	3.0	3.0
2025/07/16 10:04:38	1014.5	1.0	26.9	27.0	79.0	79.0	222.0	13.0	3.1	3.1
2025/07/16 10:04:39	1014.5	1.0	26.9	27.0	79.0	79.0	218.0	10.0	3.1	3.1
2025/07/16 10:04:40	1014.5	1.0	26.9	27.0	79.0	79.0	215.0	6.0	2.9	2.9
2025/07/16 10:04:41	1014.5	1.0	26.9	27.0	79.0	79.0	209.0	360.0	2.7	2.7
2025/07/16 10:04:42	#	#	#	#	#	#	#	#	#	#
2025/07/16 10:04:43	1014.5	1.0	26.9	27.0	79.0	79.0	206.0	357.0	3.0	3.0
2025/07/16 10:04:44	1014.5	1.0	26.9	27.0	79.0	79.0	218.0	8.0	2.6	2.9
2025/07/16 10:04:45	1014.5	1.0	26.9	27.0	79.0	79.0	229.0	20.0	2.7	2.7
2025/07/16 10:04:46	#	#	#	#	#	#	#	#	#	#
2025/07/16 10:04:47	1014.5	1.0	26.9	27.0	79.0	79.0	235.0	27.0	2.7	2.7
2025/07/16 10:04:48	1014.5	1.0	26.9	27.0	79.0	79.0	230.0	20.0	3.0	3.2
2025/07/16 10:04:49	1014.5	1.0	26.9	27.0	79.0	79.0	221.0	12.0	3.5	3.5
2025/07/16 10:04:50	1014.5	1.0	26.9	27.0	79.0	79.0	213.0	4.0	3.3	3.3
2025/07/16 10:04:51	1014.5	1.0	26.9	27.0	79.0	79.0	211.0	3.0	2.8	2.8
2025/07/16 10:04:52	1014.5	1.0	26.9	27.0	79.0	79.0	211.0	3.0	2.5	2.5
2025/07/16 10:04:53	1014.5	1.0	26.9	27.0	79.0	79.0	210.0	2.0	2.6	2.6
2025/07/16 10:04:54	1014.5	1.0	26.9	27.0	79.0	79.0	212.0	3.0	3.0	3.0
2025/07/16 10:04:55	1014.5	1.0	26.9	27.0	79.0	79.0	217.0	8.0	3.6	3.6
2025/07/16 10:04:56	1014.5	1.0	26.9	27.0	79.0	79.0	221.0	12.0	3.6	3.6
2025/07/16 10:04:57	1014.5	1.0	26.9	27.0	79.0	79.0	223.0	14.0	3.1	3.1
2025/07/16 10:04:58	#	#	#	#	#	#	#	#	#	#
2025/07/16 10:04:59	1014.5	1.0	26.9	27.0	79.0	79.0	222.0	13.0	2.7	2.7
2025/07/16 10:05:00	1014.5	1.0	26.9	27.0	79.0	79.0	218.0	9.0	3.2	3.2
2025/07/16 10:05:01	1014.5	1.0	26.9	27.0	79.0	79.0	218.0	9.0	3.5	3.5
2025/07/16 10:05:02	1014.5	1.0	26.9	27.0	79.0	79.0	215.0	6.0	3.4	3.4
2025/07/16 10:05:03	1014.5	1.0	26.9	27.0	79.0	79.0	207.0	359.0	3.3	3.3
2025/07/16 10:05:04	1014.5	1.0	26.9	27.0	79.0	79.0	200.0	351.0	3.4	3.4
2025/07/16 10:05:05	#	#	#	#	#	#	#	#	#	#
2025/07/16 10:05:06	1014.5	1.0	26.9	27.0	79.0	79.0	193.0	344.0	3.4	3.4
2025/07/16 10:05:07	1014.5	1.0	26.9	27.0	79.0	79.0	193.0	344.0	3.7	3.7
2025/07/16 10:05:08	1014.5	1.0	26.9	27.0	79.0	79.0	195.0	346.0	3.9	3.9
2025/07/16 10:05:09	1014.5	1.0	26.9	27.0	79.0	79.0	203.0	354.0	3.8	3.8
2025/07/16 10:05:10	1014.5	1.0	26.9	27.0	79.0	79.0	212.0	3.0	3.1	3.1
2025/07/16 10:05:11	1014.5	1.0	26.9	27.0	79.0	79.0	211.0	3.0	2.6	2.6
2025/07/16 10:05:12	1014.6	1.0	26.9	27.0	79.0	79.0	214.0	5.0	2.6	2.6
2025/07/16 10:05:13	1014.6	1.0	26.9	27.0	79.0	79.0	211.0	3.0	3.2	3.2
2025/07/16 10:05:14	1014.6	1.0	26.9	27.0	79.0	79.0	212.0	4.0	3.9	3.9
2025/07/16 10:05:15	1014.6	1.0	26.9	27.0	79.0	79.0	214.0	5.0	3.7	3.7
2025/07/16 10:05:16	1014.6	1.0	26.9	27.0	79.0	79.0	215.0	6.0	3.1	3.1
2025/07/16 10:05:17	1014.6	1.0	26.9	27.0	79.0	79.0	211.0	2.0	2.7	2.7
2025/07/16 10:05:18	1014.6	1.0	26.9	27.0	79.0	79.0	206.0	357.0	3.0	3.0
2025/07/16 10:05:19	1014.6	1.0	26.9	27.0	79.0	79.0	202.0	353.0	3.5	3.5
2025/07/16 10:05:20	1014.6	1.0	26.9	27.0	79.0	79.0	197.0	348.0	3.8	3.8
2025/07/16 10:05:21	1014.6	1.0	26.9	27.0	79.0	79.0	196.0	347.0	4.1	4.1
2025/07/16 10:05:22	1014.6	1.0	26.9	27.0	79.0	79.0	196.0	347.0	3.8	3.8
2025/07/16 10:05:23	1014.6	1.0	26.9	27.0	79.0	79.0	197.0	348.0	3.3	3.3
2025/07/16 10:05:24	1014.6	1.0	26.9	27.0	79.0	79.0	200.0	352.0	3.0	3.0
2025/07/16 10:05:25	1014.6	1.0	26.9	27.0	79.0	79.0	203.0	354.0	3.3	3.3
2025/07/16 10:05:26	1014.6	1.0	26.9	27.0	79.0	79.0	204.0	355.0	3.7	3.7
2025/07/16 10:05:27	1014.6	1.0	26.9	27.0	79.0	79.0	205.0	356.0	3.7	3.7
2025/07/16 10:05:28	1014.6	1.0	26.9	27.0	79.0	79.0	204.0	355.0	3.4	3.4
2025/07/16 10:05:29	#	#	#	#	#	#	#	#	#	#
2025/07/16 10:05:30	1014.5	1.0	27.0	27.0	79.0	79.0	198.0	349.0	3.5	3.5
2025/07/16 10:05:31	1014.5	1.0	27.0	27.0	79.0	79.0	198.0	349.0	3.4	3.4
2025/07/16 10:05:32	1014.5	1.0	27.0	27.0	79.0	79.0	200.0	351.0	3.5	3.5
2025/07/16 10:05:33	#	#	#	#	#	#	#	#	#	#
2025/07/16 10:05:34	1014.5	1.0	27.0	27.0	79.0	80.0	197.0	347.0	3.5	3.5
2025/07/16 10:05:35	1014.5	1.0	27.0	27.0	79.0	80.0	197.0	348.0	3.5	3.5
2025/07/16 10:05:36	#	#	#	#	#	#	#	#	#	#
2025/07/16 10:05:37	1014.5	1.0	27.0	27.0	79.0	79.0	202.0	353.0	3.4	3.4
2025/07/16 10:05:38	1014.6	1.0	27.0	27.0	79.0	79.0	204.0	355.0	3.7	3.7
2025/07/16 10:05:39	1014.6	1.0	27.0	27.0	79.0	79.0	201.0	352.0	3.7	3.7
2025/07/16 10:05:40	1014.6	1.0	27.0	27.0	79.0	79.0	198.0	349.0	3.6	3.6
2025/07/16 10:05:41	#	#	#	#	#	#	#	#	#	#
2025/07/16 10:05:42	1014.6	1.0	27.0	27.0	79.0	79.0	195.0	346.0	3.5	3.5
2025/07/16 10:05:43	1014.6	1.0	26.9	27.0	79.0	79.0	204.0	355.0	3.3	3.6
2025/07/16 10:05:44	1014.6	1.0	26.9	27.0	79.0	79.0	209.0	360.0	3.4	3.4
2025/07/16 10:05:45	#	#	#	#	#	#	#	#	#	#
2025/07/16 10:05:46	1014.6	1.0	26.9	27.0	79.0	79.0	206.0	357.0	3.5	3.5
2025/07/16 10:05:47	1014.6	1.0	26.9	27.0	79.0	79.0	190.0	342.0	3.2	3.4
2025/07/16 10:05:48	1014.6	1.0	26.9	27.0	79.0	79.0	195.0	346.0	3.2	3.2
2025/07/16 10:05:49	1014.6	1.0	26.9	27.0	79.0	79.0	198.0	349.0	3.3	3.3
2025/07/16 10:05:50	1014.6	1.0	26.9	27.0	79.0	79.0	204.0	355.0	3.4	3.4
2025/07/16 10:05:51	1014.6	1.0	26.9	27.0	79.0	79.0	208.0	359.0	3.4	3.4
2025/07/16 10:05:52	1014.6	1.0	26.9	27.0	79.0	79.0	207.0	358.0	3.6	3.6
2025/07/16 10:05:53	1014.6	1.0	26.9	27.0	79.0	79.0	197.0	348.0	3.7	3.7
2025/07/16 10:05:54	1014.6	1.0	26.9	27.0	79.0	79.0	192.0	343.0	3.7	3.7
2025/07/16 10:05:55	#	#	#	#	#	#	#	#	#	#
2025/07/16 10:05:56	1014.6	1.0	26.9	27.0	79.0	79.0	191.0	342.0	3.5	3.5
2025/07/16 10:05:57	1014.6	1.0	26.9	27.0	79.0	79.0	194.0	345.0	3.3	3.3
2025/07/16 10:05:58	1014.6	1.0	26.9	27.0	79.0	79.0	196.0	347.0	3.0	3.0
2025/07/16 10:05:59	1014.6	1.0	26.9	27.0	79.0	79.0	202.0	353.0	3.0	3.0
2025/07/16 10:06:00	1014.6	1.0	26.9	27.0	79.0	79.0	207.0	358.0	3.2	3.2
2025/07/16 10:06:01	1014.6	1.0	26.9	27.0	79.0	79.0	203.0	354.0	3.6	3.6
2025/07/16 10:06:02	1014.6	1.0	26.9	27.0	79.0	79.0	198.0	350.0	3.8	3.8
2025/07/16 10:06:03	1014.6	1.0	26.9	27.0	79.0	79.0	191.0	342.0	3.6	3.6
2025/07/16 10:06:04	1014.6	1.0	26.9	27.0	79.0	79.0	187.0	338.0	3.5	3.5
2025/07/16 10:06:05	1014.6	1.0	26.9	27.0	79.0	79.0	189.0	340.0	3.4	3.4
2025/07/16 10:06:06	1014.5	1.0	26.9	27.0	79.0	79.0	192.0	342.0	3.5	3.5
2025/07/16 10:06:07	1014.5	1.0	26.9	27.0	79.0	79.0	196.0	347.0	3.4	3.4
2025/07/16 10:06:08	1014.5	1.0	26.9	27.0	79.0	79.0	200.0	351.0	3.2	3.2
2025/07/16 10:06:09	1014.5	1.0	26.9	27.0	79.0	79.0	205.0	356.0	3.1	3.1
2025/07/16 10:06:10	1014.5	1.0	26.9	27.0	79.0	79.0	208.0	358.0	3.2	3.2
2025/07/16 10:06:11	1014.5	1.0	26.9	27.0	79.0	79.0	199.0	350.0	3.4	3.7
2025/07/16 10:06:12	1014.5	1.0	26.9	27.0	79.0	79.0	193.0	344.0	4.0	4.0
2025/07/16 10:06:13	1014.5	1.0	26.9	27.0	79.0	79.0	189.0	340.0	3.8	3.8
2025/07/16 10:06:14	1014.5	1.0	26.9	27.0	79.0	79.0	186.0	339.0	3.1	3.3
2025/07/16 10:06:15	1014.6	1.0	26.9	27.0	79.0	79.0	197.0	348.0	3.0	3.0
2025/07/16 10:06:16	1014.6	1.0	26.9	27.0	79.0	79.0	209.0	360.0	3.1	3.1
2025/07/16 10:06:17	1014.6	1.0	26.9	27.0	79.0	79.0	210.0	360.0	3.1	3.4
2025/07/16 10:06:18	1014.6	1.0	26.9	27.0	79.0	79.0	214.0	3.0	3.3	3.7
2025/07/16 10:06:19	1014.6	1.0	26.9	27.0	79.0	79.0	207.0	357.0	3.7	3.7
2025/07/16 10:06:20	1014.6	1.0	26.9	27.0	79.0	79.0	203.0	353.0	3.4	3.4
2025/07/16 10:06:21	1014.6	1.0	26.9	27.0	79.0	79.0	200.0	351.0	3.4	3.4
2025/07/16 10:06:22	#	#	#	#	#	#	#	#	#	#
2025/07/16 10:06:23	1014.6	1.0	26.9	27.0	79.0	79.0	203.0	353.0	3.7	3.7
2025/07/16 10:06:24	1014.6	1.0	26.9	27.0	79.0	79.0	200.0	350.0	3.6	3.6
2025/07/16 10:06:25	1014.6	1.0	26.9	27.0	79.0	79.0	192.0	343.0	2.9	2.9
2025/07/16 10:06:26	#	#	#	#	#	#	#	#	#	#
2025/07/16 10:06:27	1014.6	1.0	26.9	27.0	79.0	79.0	200.0	350.0	3.0	3.0
2025/07/16 10:06:28	#	#	#	#	#	#	#	#	#	#
2025/07/16 10:06:29	1014.6	1.0	26.9	27.0	79.0	79.0	208.0	359.0	3.5	3.5
2025/07/16 10:06:30	1014.6	1.0	26.9	27.0	79.0	79.0	203.0	354.0	2.7	2.7
2025/07/16 10:06:31	1014.6	1.0	26.9	27.0	79.0	79.0	199.0	350.0	2.6	2.6
2025/07/16 10:06:32	#	#	#	#	#	#	#	#	#	#
2025/07/16 10:06:33	1014.6	1.0	26.9	27.0	79.0	79.0	199.0	350.0	3.0	3.0
2025/07/16 10:06:34	1014.6	1.0	26.9	27.0	79.0	79.0	203.0	353.0	4.0	4.0
2025/07/16 10:06:35	1014.6	1.0	26.9	27.0	79.0	79.0	202.0	353.0	3.5	3.5
2025/07/16 10:06:36	1014.6	1.0	26.9	27.0	79.0	79.0	203.0	354.0	2.9	2.9
2025/07/16 10:06:37	1014.6	1.0	26.9	27.0	79.0	79.0	193.0	344.0	3.2	3.2
2025/07/16 10:06:38	#	#	#	#	#	#	#	#	#	#
2025/07/16 10:06:39	1014.6	1.0	26.9	27.0	79.0	79.0	192.0	343.0	3.3	3.3
2025/07/16 10:06:40	1014.6	1.0	26.9	27.0	79.0	79.0	204.0	355.0	3.5	3.5
2025/07/16 10:06:41	#	#	#	#	#	#	#	#	#	#
2025/07/16 10:06:42	1014.6	1.0	26.9	27.0	79.0	79.0	214.0	5.0	3.4	3.4
2025/07/16 10:06:43	1014.6	1.0	27.0	27.0	79.0	79.0	219.0	9.0	3.5	3.5
2025/07/16 10:06:44	1014.6	1.0	27.0	27.0	79.0	79.0	216.0	6.0	3.1	3.4
2025/07/16 10:06:45	1014.6	1.0	27.0	27.0	79.0	79.0	206.0	357.0	2.9	3.2
2025/07/16 10:06:46	1014.6	1.0	27.0	27.0	79.0	79.0	202.0	352.0	3.2	3.2
2025/07/16 10:06:47	1014.6	1.0	27.0	27.0	79.0	80.0	200.0	351.0	3.1	3.1
2025/07/16 10:06:48	1014.6	1.0	27.0	27.0	79.0	80.0	202.0	353.0	3.0	3.0
2025/07/16 10:06:49	1014.6	1.0	27.0	27.0	79.0	80.0	203.0	353.0	3.3	3.3
2025/07/16 10:06:50	1014.6	1.0	27.0	27.0	80.0	80.0	196.0	346.0	3.8	3.8
2025/07/16 10:06:51	#	#	#	#	#	#	#	#	#	#
2025/07/16 10:06:52	1014.6	1.0	27.0	27.0	80.0	80.0	193.0	343.0	3.4	3.4
2025/07/16 10:06:53	1014.6	1.0	27.0	27.0	80.0	80.0	193.0	345.0	2.7	3.0
2025/07/16 10:06:54	1014.6	1.0	27.0	27.0	79.0	80.0	211.0	1.0	2.9	2.9
2025/07/16 10:06:55	#	#	#	#	#	#	#	#	#	#
2025/07/16 10:06:56	1014.6	1.0	27.0	27.0	79.0	80.0	213.0	3.0	3.3	3.3
2025/07/16 10:06:57	#	#	#	#	#	#	#	#	#	#
2025/07/16 10:06:58	1014.6	1.0	27.0	27.0	79.0	80.0	203.0	353.0	3.1	3.1
2025/07/16 10:06:59	1014.6	1.0	27.0	27.0	79.0	80.0	200.0	350.0	3.0	3.0
2025/07/16 10:07:00	1014.6	1.0	27.0	27.0	79.0	80.0	201.0	351.0	3.8	3.8
2025/07/16 10:07:01	#	#	#	#	#	#	#	#	#	#
2025/07/16 10:07:02	1014.6	1.0	27.0	27.0	79.0	80.0	200.0	351.0	3.6	3.9
2025/07/16 10:07:03	1014.6	1.0	27.0	27.0	79.0	79.0	200.0	350.0	3.4	3.4
2025/07/16 10:07:04	1014.6	1.0	26.9	27.0	79.0	79.0	193.0	343.0	2.9	2.9
2025/07/16 10:07:05	1014.6	1.0	26.9	27.0	79.0	79.0	191.0	343.0	3.0	3.2
2025/07/16 10:07:06	1014.6	1.0	26.9	27.0	79.0	79.0	196.0	347.0	3.6	3.6
2025/07/16 10:07:07	1014.6	1.0	26.9	27.0	79.0	79.0	201.0	352.0	3.8	3.8
2025/07/16 10:07:08	#	#	#	#	#	#	#	#	#	#
2025/07/16 10:07:09	1014.6	1.0	26.9	27.0	79.0	79.0	208.0	358.0	3.6	3.6
2025/07/16 10:07:10	1014.6	1.0	26.9	27.0	79.0	79.0	216.0	6.0	3.2	3.5
2025/07/16 10:07:11	1014.6	1.0	26.9	27.0	79.0	79.0	222.0	11.0	2.9	3.2
2025/07/16 10:07:12	1014.6	1.0	26.9	27.0	79.0	79.0	219.0	10.0	2.8	2.8
2025/07/16 10:07:13	1014.6	1.0	26.9	27.0	79.0	79.0	214.0	5.0	2.9	2.9
2025/07/16 10:07:14	1014.6	1.0	26.9	27.0	79.0	79.0	204.0	355.0	3.2	3.2
2025/07/16 10:07:15	#	#	#	#	#	#	#	#	#	#
2025/07/16 10:07:16	1014.6	1.0	26.9	27.0	79.0	79.0	198.0	349.0	3.6	3.6
2025/07/16 10:07:17	1014.6	1.0	26.9	27.0	79.0	79.0	194.0	345.0	3.6	3.6
2025/07/16 10:07:18	1014.5	1.0	26.9	27.0	79.0	79.0	192.0	342.0	3.5	3.5
2025/07/16 10:07:19	1014.5	1.0	26.9	27.0	79.0	79.0	195.0	346.0	3.4	3.4
2025/07/16 10:07:20	1014.5	1.0	26.9	27.0	79.0	79.0	202.0	353.0	3.4	3.4
2025/07/16 10:07:21	1014.5	1.0	26.9	27.0	79.0	79.0	205.0	356.0	3.1	3.1
2025/07/16 10:07:22	#	#	#	#	#	#	#	#	#	#
2025/07/16 10:07:23	1014.5	1.0	26.9	27.0	79.0	79.0	205.0	356.0	3.0	3.0
2025/07/16 10:07:24	1014.5	1.0	26.9	27.0	79.0	79.0	208.0	360.0	3.0	3.0
2025/07/16 10:07:25	1014.5	1.0	26.9	27.0	79.0	79.0	208.0	359.0	2.8	2.8
2025/07/16 10:07:26	1014.6	1.0	26.9	27.0	79.0	79.0	202.0	354.0	3.0	3.0
2025/07/16 10:07:27	1014.6	1.0	26.9	27.0	79.0	79.0	203.0	355.0	3.3	3.3
2025/07/16 10:07:28	1014.6	1.0	26.9	27.0	79.0	79.0	202.0	353.0	3.5	3.5
2025/07/16 10:07:29	1014.6	1.0	26.9	27.0	79.0	79.0	201.0	353.0	3.4	3.4
2025/07/16 10:07:30	1014.6	1.0	26.9	27.0	79.0	79.0	201.0	353.0	3.2	3.2
2025/07/16 10:07:31	1014.6	1.0	26.9	27.0	79.0	79.0	201.0	352.0	2.9	2.9
2025/07/16 10:07:32	#	#	#	#	#	#	#	#	#	#
2025/07/16 10:07:33	1014.6	1.0	26.9	27.0	79.0	79.0	200.0	352.0	3.2	3.2
2025/07/16 10:07:34	1014.6	1.0	26.9	27.0	79.0	79.0	201.0	353.0	3.5	3.5
2025/07/16 10:07:35	1014.6	1.0	26.9	27.0	79.0	79.0	204.0	355.0	3.4	3.4
2025/07/16 10:07:36	1014.6	1.0	26.9	27.0	79.0	79.0	206.0	357.0	3.0	3.0
2025/07/16 10:07:37	1014.6	1.0	26.9	27.0	79.0	79.0	215.0	6.0	2.8	2.8
2025/07/16 10:07:38	1014.6	1.0	26.9	27.0	79.0	79.0	220.0	11.0	3.0	3.0
2025/07/16 10:07:39	1014.6	1.0	26.9	27.0	79.0	79.0	216.0	8.0	3.3	3.3
2025/07/16 10:07:40	1014.6	1.0	26.9	27.0	79.0	79.0	207.0	358.0	3.2	3.2
2025/07/16 10:07:41	1014.6	1.0	26.9	27.0	79.0	79.0	195.0	348.0	2.8	3.1
2025/07/16 10:07:42	1014.6	1.0	26.9	27.0	79.0	79.0	191.0	344.0	2.7	2.9
2025/07/16 10:07:43	1014.6	1.0	26.9	27.0	79.0	79.0	196.0	347.0	2.9	2.9
2025/07/16 10:07:44	1014.6	1.0	26.9	27.0	79.0	79.0	203.0	354.0	3.2	3.2
2025/07/16 10:07:45	1014.6	1.0	26.9	27.0	79.0	79.0	208.0	359.0	3.3	3.3
2025/07/16 10:07:46	1014.6	1.0	26.9	27.0	79.0	79.0	203.0	354.0	3.0	3.3
2025/07/16 10:07:47	1014.6	1.0	26.9	27.0	79.0	79.0	201.0	351.0	3.2	3.2
2025/07/16 10:07:48	1014.6	1.0	26.9	27.0	79.0	79.0	196.0	347.0	2.9	2.9
2025/07/16 10:07:49	1014.6	1.0	26.9	27.0	79.0	79.0	197.0	348.0	2.7	2.7
2025/07/16 10:07:50	1014.6	1.0	26.9	27.0	79.0	79.0	205.0	356.0	2.8	2.8
2025/07/16 10:07:51	1014.6	1.0	26.9	27.0	79.0	79.0	215.0	5.0	3.1	3.1
2025/07/16 10:07:52	#	#	#	#	#	#	#	#	#	#
2025/07/16 10:07:53	1014.6	1.0	26.9	27.0	79.0	79.0	216.0	7.0	3.4	3.4
2025/07/16 10:07:54	1014.6	1.0	26.9	27.0	79.0	79.0	207.0	358.0	3.2	3.2
2025/07/16 10:07:55	1014.6	1.0	26.9	27.0	79.0	79.0	195.0	347.0	2.8	3.1
2025/07/16 10:07:56	1014.6	1.0	26.9	27.0	79.0	79.0	206.0	357.0	3.1	3.1
2025/07/16 10:07:57	#	#	#	#	#	#	#	#	#	#
2025/07/16 10:07:58	1014.6	1.0	26.9	27.0	79.0	79.0	215.0	5.0	2.9	3.2
2025/07/16 10:07:59	1014.6	1.0	26.9	27.0	79.0	79.0	212.0	3.0	3.0	3.0
2025/07/16 10:08:00	1014.6	1.0	26.9	27.0	79.0	79.0	204.0	355.0	3.0	3.0
2025/07/16 10:08:01	1014.6	1.0	26.9	27.0	79.0	79.0	196.0	347.0	2.7	2.7
2025/07/16 10:08:02	1014.6	1.0	26.9	27.0	79.0	79.0	193.0	344.0	2.5	2.5
2025/07/16 10:08:03	1014.6	1.0	26.9	27.0	79.0	79.0	203.0	354.0	2.7	2.7
2025/07/16 10:08:04	1014.6	1.0	26.9	27.0	79.0	79.0	217.0	8.0	3.0	3.0
2025/07/16 10:08:05	1014.6	1.0	26.9	27.0	79.0	79.0	222.0	12.0	3.0	3.3
2025/07/16 10:08:06	1014.6	1.0	26.9	27.0	79.0	79.0	214.0	4.0	2.8	3.1
2025/07/16 10:08:07	1014.6	1.0	26.9	27.0	79.0	79.0	200.0	351.0	3.1	3.1
2025/07/16 10:08:08	1014.6	1.0	26.9	27.0	79.0	79.0	192.0	343.0	2.9	2.9
2025/07/16 10:08:09	1014.6	1.0	26.9	27.0	79.0	79.0	190.0	344.0	2.7	3.0
2025/07/16 10:08:10	1014.6	1.0	26.9	27.0	79.0	79.0	194.0	348.0	2.7	3.1
2025/07/16 10:08:11	1014.6	1.0	26.9	27.0	79.0	79.0	201.0	353.0	2.6	2.9
2025/07/16 10:08:12	1014.6	1.0	26.9	27.0	79.0	79.0	207.0	359.0	2.8	2.8
2025/07/16 10:08:13	1014.6	1.0	26.9	27.0	79.0	79.0	212.0	3.0	2.7	3.0
2025/07/16 10:08:14	1014.6	1.0	26.9	27.0	79.0	79.0	215.0	5.0	2.9	3.2
2025/07/16 10:08:15	1014.6	1.0	26.9	27.0	79.0	79.0	213.0	4.0	3.3	3.3
2025/07/16 10:08:16	1014.6	1.0	26.9	27.0	79.0	79.0	215.0	6.0	2.7	3.0
2025/07/16 10:08:17	1014.6	1.0	26.9	27.0	79.0	79.0	216.0	8.0	2.5	2.5
2025/07/16 10:08:18	1014.6	1.0	26.9	27.0	79.0	79.0	212.0	3.0	2.5	2.5
2025/07/16 10:08:19	1014.6	1.0	26.9	27.0	79.0	79.0	206.0	357.0	2.7	2.7
2025/07/16 10:08:20	1014.6	1.0	26.9	27.0	79.0	79.0	205.0	356.0	3.5	3.5
2025/07/16 10:08:21	1014.6	1.0	26.9	27.0	79.0	79.0	205.0	356.0	3.6	3.6
2025/07/16 10:08:22	#	#	#	#	#	#	#	#	#	#
2025/07/16 10:08:23	1014.6	1.0	26.9	27.0	79.0	79.0	203.0	354.0	3.5	3.5
2025/07/16 10:08:24	1014.6	1.0	26.9	27.0	79.0	79.0	201.0	352.0	3.2	3.2
2025/07/16 10:08:25	1014.6	1.0	26.9	27.0	79.0	79.0	197.0	348.0	2.9	2.9
2025/07/16 10:08:26	1014.6	1.0	26.9	27.0	79.0	79.0	195.0	346.0	2.6	2.6
2025/07/16 10:08:27	1014.6	1.0	26.9	27.0	79.0	79.0	201.0	352.0	2.6	2.6
2025/07/16 10:08:28	1014.6	1.0	26.9	27.0	79.0	79.0	209.0	360.0	2.9	2.9
2025/07/16 10:08:29	1014.6	1.0	26.9	27.0	79.0	79.0	214.0	5.0	3.1	3.1
2025/07/16 10:08:30	1014.6	1.0	26.9	27.0	79.0	79.0	215.0	6.0	3.0	3.0
2025/07/16 10:08:31	1014.6	1.0	26.9	27.0	79.0	79.0	217.0	7.0	2.5	2.8
2025/07/16 10:08:32	1014.6	1.0	26.9	27.0	79.0	79.0	213.0	3.0	2.4	2.7
2025/07/16 10:08:33	1014.6	1.0	26.9	27.0	79.0	79.0	204.0	355.0	2.7	2.7
2025/07/16 10:08:34	1014.6	1.0	26.9	27.0	79.0	79.0	197.0	348.0	2.9	2.9
2025/07/16 10:08:35	1014.6	1.0	26.9	27.0	79.0	79.0	192.0	343.0	3.1	3.1
2025/07/16 10:08:36	1014.6	1.0	26.9	27.0	79.0	79.0	196.0	347.0	3.1	3.1
2025/07/16 10:08:37	1014.6	1.0	26.9	27.0	79.0	79.0	205.0	356.0	3.0	3.0
2025/07/16 10:08:38	1014.6	1.0	26.9	27.0	79.0	79.0	216.0	7.0	2.9	2.9
2025/07/16 10:08:39	1014.6	1.0	26.9	27.0	79.0	79.0	222.0	13.0	3.0	3.0
2025/07/16 10:08:40	#	#	#	#	#	#	#	#	#	#
2025/07/16 10:08:41	1014.6	1.0	26.9	27.0	79.0	79.0	223.0	14.0	2.7	2.7
2025/07/16 10:08:42	1014.6	1.0	26.9	27.0	79.0	79.0	220.0	12.0	2.3	2.3
2025/07/16 10:08:43	1014.6	1.0	26.9	27.0	79.0	79.0	220.0	11.0	2.3	2.3
2025/07/16 10:08:44	1014.6	1.0	26.9	27.0	79.0	79.0	210.0	1.0	2.6	2.6
2025/07/16 10:08:45	1014.6	1.0	26.9	27.0	79.0	79.0	204.0	355.0	2.9	2.9
2025/07/16 10:08:46	1014.6	1.0	26.9	27.0	79.0	79.0	193.0	344.0	2.9	2.9
2025/07/16 10:08:47	1014.6	1.0	26.9	27.0	79.0	79.0	189.0	341.0	2.7	2.7
2025/07/16 10:08:48	1014.6	1.0	26.9	27.0	79.0	79.0	190.0	342.0	2.9	2.9
2025/07/16 10:08:49	1014.6	1.0	26.9	27.0	79.0	79.0	192.0	344.0	3.4	3.4
2025/07/16 10:08:50	1014.6	1.0	26.9	27.0	79.0	79.0	195.0	346.0	3.7	3.7
2025/07/16 10:08:51	#	#	#	#	#	#	#	#	#	#
2025/07/16 10:08:52	1014.6	1.0	26.9	27.0	79.0	79.0	199.0	350.0	3.7	3.7
2025/07/16 10:08:53	1014.6	1.0	26.9	27.0	79.0	79.0	202.0	353.0	3.1	3.1
2025/07/16 10:08:54	1014.6	1.0	26.9	27.0	79.0	79.0	217.0	8.0	2.7	2.7
2025/07/16 10:08:55	#	#	#	#	#	#	#	#	#	#
2025/07/16 10:08:56	1014.6	1.0	26.9	27.0	79.0	79.0	216.0	8.0	3.0	3.0
2025/07/16 10:08:57	1014.6	1.0	26.9	27.0	79.0	79.0	211.0	2.0	3.0	3.3
2025/07/16 10:08:58	1014.6	1.0	26.9	27.0	79.0	79.0	190.0	341.0	3.4	3.4
2025/07/16 10:08:59	1014.6	1.0	26.9	27.0	79.0	79.0	184.0	335.0	3.4	3.4
2025/07/16 10:09:00	1014.6	1.0	26.9	27.0	79.0	79.0	185.0	336.0	3.8	3.8
2025/07/16 10:09:01	1014.6	1.0	26.9	27.0	79.0	79.0	190.0	341.0	3.8	3.8
2025/07/16 10:09:02	#	#	#	#	#	#	#	#	#	#
2025/07/16 10:09:03	1014.6	1.0	26.9	27.0	79.0	79.0	194.0	345.0	3.7	3.7
2025/07/16 10:09:04	1014.6	1.0	26.9	27.0	79.0	79.0	190.0	342.0	3.3	3.3
2025/07/16 10:09:05	1014.6	1.0	26.9	27.0	79.0	79.0	184.0	336.0	3.2	3.2
2025/07/16 10:09:06	#	#	#	#	#	#	#	#	#	#
2025/07/16 10:09:07	1014.6	1.0	26.9	27.0	79.0	79.0	197.0	349.0	3.2	3.5
2025/07/16 10:09:08	1014.6	1.0	26.9	27.0	79.0	79.0	207.0	358.0	3.7	3.7
2025/07/16 10:09:09	1014.6	1.0	26.9	27.0	79.0	79.0	218.0	9.0	3.4	3.4
2025/07/16 10:09:10	#	#	#	#	#	#	#	#	#	#
2025/07/16 10:09:11	1014.6	1.0	26.9	27.0	79.0	79.0	210.0	1.0	2.9	2.9
2025/07/16 10:09:12	1014.6	1.0	26.9	27.0	79.0	79.0	200.0	352.0	3.1	3.1
2025/07/16 10:09:13	1014.6	1.0	26.9	27.0	79.0	79.0	188.0	339.0	3.4	3.4
2025/07/16 10:09:14	#	#	#	#	#	#	#	#	#	#
2025/07/16 10:09:15	1014.6	1.0	26.9	27.0	79.0	79.0	190.0	342.0	3.4	3.4
2025/07/16 10:09:16	1014.6	1.0	26.9	27.0	79.0	79.0	193.0	345.0	3.4	3.4
2025/07/16 10:09:17	1014.6	1.0	26.9	27.0	79.0	79.0	193.0	345.0	3.5	3.5
2025/07/16 10:09:18	1014.6	1.0	26.9	27.0	79.0	79.0	199.0	351.0	3.5	3.5
2025/07/16 10:09:19	#	#	#	#	#	#	#	#	#	#
2025/07/16 10:09:20	1014.6	1.0	26.9	27.0	79.0	79.0	202.0	354.0	3.3	3.3
2025/07/16 10:09:21	1014.6	1.0	26.9	27.0	79.0	79.0	206.0	358.0	3.1	3.1
2025/07/16 10:09:22	#	#	#	#	#	#	#	#	#	#
2025/07/16 10:09:23	1014.6	1.0	26.9	27.0	79.0	79.0	213.0	5.0	3.3	3.3
2025/07/16 10:09:24	1014.6	1.0	26.9	27.0	79.0	79.0	210.0	1.0	3.2	3.2
2025/07/16 10:09:25	1014.6	1.0	26.9	27.0	79.0	79.0	203.0	355.0	3.3	3.3
2025/07/16 10:09:26	1014.6	1.0	26.9	27.0	79.0	79.0	198.0	350.0	3.3	3.3
2025/07/16 10:09:27	#	#	#	#	#	#	#	#	#	#
2025/07/16 10:09:28	1014.6	1.0	26.9	27.0	79.0	79.0	191.0	343.0	3.5	3.5
2025/07/16 10:09:29	#	#	#	#	#	#	#	#	#	#
2025/07/16 10:09:30	1014.6	1.0	26.9	27.0	79.0	79.0	184.0	335.0	4.3	4.3
2025/07/16 10:09:31	1014.6	1.0	26.9	27.0	79.0	79.0	190.0	342.0	4.0	4.0
2025/07/16 10:09:32	#	#	#	#	#	#	#	#	#	#
2025/07/16 10:09:33	1014.6	1.0	26.9	27.0	79.0	79.0	198.0	350.0	3.5	3.5
2025/07/16 10:09:34	1014.6	1.0	26.9	27.0	79.0	79.0	202.0	354.0	3.5	3.5
2025/07/16 10:09:35	1014.6	1.0	27.0	27.0	79.0	79.0	201.0	352.0	3.7	3.7
2025/07/16 10:09:36	1014.6	1.0	27.0	27.0	79.0	79.0	200.0	351.0	3.8	3.8
2025/07/16 10:09:37	#	#	#	#	#	#	#	#	#	#
2025/07/16 10:09:38	1014.6	1.0	27.0	27.0	79.0	79.0	203.0	355.0	3.3	3.6
2025/07/16 10:09:39	1014.6	1.0	27.0	27.0	79.0	79.0	210.0	1.0	3.4	3.4
2025/07/16 10:09:40	1014.6	1.0	27.0	27.0	79.0	79.0	212.0	3.0	3.3	3.3
2025/07/16 10:09:41	1014.6	1.0	26.9	27.0	79.0	79.0	196.0	348.0	3.9	4.2
2025/07/16 10:09:42	1014.6	1.0	26.9	27.0	79.0	79.0	184.0	335.0	4.2	4.2
2025/07/16 10:09:43	#	#	#	#	#	#	#	#	#	#
2025/07/16 10:09:44	1014.6	1.0	26.9	27.0	79.0	79.0	179.0	330.0	4.3	4.3
2025/07/16 10:09:45	#	#	#	#	#	#	#	#	#	#
2025/07/16 10:09:46	1014.6	1.0	26.9	27.0	79.0	79.0	193.0	344.0	4.0	4.0
2025/07/16 10:09:47	1014.6	1.0	26.9	27.0	79.0	79.0	198.0	349.0	3.9	3.9
2025/07/16 10:09:48	1014.6	1.0	26.9	27.0	79.0	79.0	201.0	353.0	3.8	3.8
2025/07/16 10:09:49	#	#	#	#	#	#	#	#	#	#
2025/07/16 10:09:50	1014.6	1.0	26.9	27.0	79.0	79.0	200.0	352.0	4.0	4.0
2025/07/16 10:09:51	1014.6	1.0	26.9	27.0	79.0	79.0	197.0	348.0	4.1	4.1
2025/07/16 10:09:52	1014.6	1.0	26.9	27.0	79.0	79.0	198.0	349.0	3.8	4.1
2025/07/16 10:09:53	#	#	#	#	#	#	#	#	#	#
2025/07/16 10:09:54	1014.6	1.0	26.9	27.0	79.0	79.0	205.0	356.0	3.5	3.5
2025/07/16 10:09:55	1014.6	1.0	26.9	27.0	79.0	79.0	201.0	352.0	3.3	3.3
2025/07/16 10:09:56	1014.6	1.0	26.9	27.0	79.0	79.0	190.0	343.0	3.3	3.6
2025/07/16 10:09:57	1014.6	1.0	26.9	27.0	79.0	79.0	184.0	337.0	4.1	4.3
2025/07/16 10:09:58	1014.6	1.0	26.9	27.0	79.0	79.0	184.0	335.0	4.6	4.6
2025/07/16 10:09:59	1014.6	1.0	26.9	27.0	79.0	79.0	185.0	336.0	4.3	4.3
2025/07/16 10:10:00	1014.6	1.0	26.9	27.0	79.0	79.0	190.0	341.0	3.7	3.7
2025/07/16 10:10:01	1014.6	1.0	26.9	27.0	79.0	79.0	198.0	349.0	3.5	3.5
2025/07/16 10:10:02	1014.6	1.0	26.9	27.0	79.0	79.0	201.0	352.0	3.6	3.6
2025/07/16 10:10:03	1014.6	1.0	26.9	27.0	79.0	79.0	193.0	345.0	3.8	3.8
2025/07/16 10:10:04	1014.6	1.0	26.9	27.0	79.0	79.0	188.0	340.0	3.7	3.7
2025/07/16 10:10:05	#	#	#	#	#	#	#	#	#	#
2025/07/16 10:10:06	1014.6	1.0	26.9	27.0	79.0	79.0	188.0	338.0	3.6	3.6
2025/07/16 10:10:07	1014.6	1.0	26.9	27.0	79.0	79.0	198.0	349.0	3.9	3.9
2025/07/16 10:10:08	1014.6	1.0	26.9	27.0	79.0	79.0	204.0	355.0	3.9	3.9
2025/07/16 10:10:09	1014.6	1.0	26.9	27.0	79.0	79.0	190.0	341.0	3.9	3.9
2025/07/16 10:10:10	1014.6	1.0	26.9	27.0	79.0	79.0	182.0	333.0	4.1	4.1
2025/07/16 10:10:11	1014.6	1.0	26.9	27.0	79.0	79.0	179.0	331.0	4.3	4.3
2025/07/16 10:10:12	1014.6	1.0	26.9	27.0	79.0	79.0	177.0	329.0	4.4	4.4
2025/07/16 10:10:13	#	#	#	#	#	#	#	#	#	#
2025/07/16 10:10:14	1014.6	1.0	26.9	27.0	79.0	79.0	171.0	322.0	4.6	4.6
2025/07/16 10:10:15	#	#	#	#	#	#	#	#	#	#
2025/07/16 10:10:16	1014.6	1.0	26.9	27.0	79.0	79.0	175.0	326.0	3.9	3.9
2025/07/16 10:10:17	#	#	#	#	#	#	#	#	#	#
2025/07/16 10:10:18	1014.6	1.0	26.9	27.0	79.0	79.0	196.0	348.0	2.9	3.2
2025/07/16 10:10:19	#	#	#	#	#	#	#	#	#	#
2025/07/16 10:10:20	1014.6	1.0	26.9	27.0	79.0	79.0	198.0	350.0	3.3	3.6
2025/07/16 10:10:21	#	#	#	#	#	#	#	#	#	#
2025/07/16 10:10:22	1014.6	1.0	26.9	27.0	79.0	79.0	177.0	328.0	4.1	4.1
2025/07/16 10:10:23	1014.6	1.0	26.9	27.0	79.0	79.0	172.0	323.0	4.2	4.2
2025/07/16 10:10:24	1014.6	1.0	27.0	27.0	79.0	79.0	175.0	326.0	4.0	4.0
2025/07/16 10:10:25	1014.6	1.0	27.0	27.0	79.0	79.0	179.0	331.0	4.4	4.4
2025/07/16 10:10:26	1014.6	1.0	27.0	27.0	80.0	79.0	176.0	329.0	4.6	4.8
2025/07/16 10:10:27	#	#	#	#	#	#	#	#	#	#
2025/07/16 10:10:28	1014.6	1.0	27.0	27.0	80.0	80.0	174.0	326.0	4.8	4.8
2025/07/16 10:10:29	1014.6	1.0	27.0	27.0	79.0	80.0	173.0	324.0	3.9	3.9
2025/07/16 10:10:30	1014.6	1.0	27.0	27.0	79.0	80.0	185.0	336.0	3.9	3.9
2025/07/16 10:10:31	#	#	#	#	#	#	#	#	#	#
2025/07/16 10:10:32	1014.6	1.0	27.0	27.0	79.0	80.0	192.0	343.0	4.0	4.0
2025/07/16 10:10:33	1014.6	1.0	27.0	27.0	79.0	80.0	194.0	345.0	4.1	4.1
2025/07/16 10:10:34	1014.6	1.0	27.0	27.0	80.0	80.0	175.0	327.0	4.1	4.1
2025/07/16 10:10:35	#	#	#	#	#	#	#	#	#	#
2025/07/16 10:10:36	1014.6	1.0	27.0	27.0	80.0	80.0	166.0	317.0	4.5	4.5
2025/07/16 10:10:37	1014.6	1.0	27.0	27.0	80.0	80.0	164.0	315.0	4.6	4.6
2025/07/16 10:10:38	1014.6	1.0	27.1	27.0	80.0	80.0	170.0	321.0	4.7	4.7
2025/07/16 10:10:39	1014.6	1.0	27.1	27.0	80.0	80.0	170.0	321.0	4.7	4.7
2025/07/16 10:10:40	1014.6	1.0	27.1	27.1	80.0	81.0	164.0	316.0	4.6	4.6
2025/07/16 10:10:41	#	#	#	#	#	#	#	#	#	#
2025/07/16 10:10:42	1014.6	1.0	27.1	27.1	80.0	81.0	161.0	312.0	4.4	4.4
2025/07/16 10:10:43	1014.6	1.0	27.1	27.0	80.0	81.0	179.0	330.0	4.5	4.5
2025/07/16 10:10:44	#	#	#	#	#	#	#	#	#	#
2025/07/16 10:10:45	1014.6	1.0	27.1	27.0	81.0	81.0	186.0	337.0	4.7	4.7
2025/07/16 10:10:46	1014.6	1.0	27.1	27.0	81.0	82.0	184.0	336.0	4.2	4.5
2025/07/16 10:10:47	1014.6	1.0	27.1	27.0	81.0	82.0	168.0	319.0	4.5	4.5
2025/07/16 10:10:48	#	#	#	#	#	#	#	#	#	#
2025/07/16 10:10:49	1014.6	1.0	27.1	27.0	81.0	82.0	162.0	312.0	4.6	4.6
2025/07/16 10:10:50	1014.6	1.0	27.1	27.0	81.0	82.0	163.0	314.0	4.8	4.8
2025/07/16 10:10:51	1014.6	1.0	27.1	27.0	81.0	82.0	165.0	316.0	5.5	5.5
2025/07/16 10:10:52	1014.6	1.0	27.0	27.0	81.0	82.0	165.0	316.0	5.4	5.4
2025/07/16 10:10:53	#	#	#	#	#	#	#	#	#	#
2025/07/16 10:10:54	1014.6	1.0	27.0	27.0	81.0	82.0	162.0	313.0	5.3	5.3
2025/07/16 10:10:55	1014.6	1.0	27.0	27.0	81.0	82.0	159.0	310.0	5.1	5.1
2025/07/16 10:10:56	#	#	#	#	#	#	#	#	#	#
2025/07/16 10:10:57	1014.6	1.0	27.0	26.9	81.0	83.0	166.0	316.0	4.4	4.4
2025/07/16 10:10:58	1014.6	1.0	27.0	26.9	81.0	83.0	172.0	322.0	4.5	4.5
2025/07/16 10:10:59	1014.6	1.0	27.0	26.9	81.0	83.0	179.0	330.0	4.2	4.2
2025/07/16 10:11:00	1014.6	1.0	27.0	26.9	81.0	83.0	176.0	327.0	3.9	3.9
2025/07/16 10:11:01	#	#	#	#	#	#	#	#	#	#
2025/07/16 10:11:02	1014.6	1.0	27.0	26.9	81.0	83.0	170.0	324.0	3.8	4.0
2025/07/16 10:11:03	1014.6	1.0	27.0	26.9	82.0	83.0	166.0	319.0	4.2	4.4
2025/07/16 10:11:04	1014.6	1.0	27.0	26.9	82.0	84.0	161.0	312.0	5.1	5.1
2025/07/16 10:11:05	#	#	#	#	#	#	#	#	#	#
2025/07/16 10:11:06	1014.6	1.0	26.9	26.9	82.0	84.0	160.0	311.0	5.1	5.1
2025/07/16 10:11:07	1014.6	1.0	26.9	26.8	82.0	84.0	164.0	315.0	5.3	5.3
2025/07/16 10:11:08	#	#	#	#	#	#	#	#	#	#
2025/07/16 10:11:09	1014.6	1.0	26.9	26.8	82.0	84.0	167.0	318.0	5.3	5.3
2025/07/16 10:11:10	1014.6	1.0	26.9	26.8	82.0	84.0	169.0	319.0	4.9	4.9
2025/07/16 10:11:11	1014.6	1.0	26.9	26.8	82.0	84.0	161.0	315.0	4.2	4.4
2025/07/16 10:11:12	1014.6	1.0	26.9	26.8	82.0	84.0	158.0	312.0	3.8	4.0
2025/07/16 10:11:13	#	#	#	#	#	#	#	#	#	#
2025/07/16 10:11:14	1014.6	1.0	26.9	26.8	82.0	84.0	166.0	316.0	3.9	3.9
2025/07/16 10:11:15	1014.6	1.0	26.9	26.8	82.0	84.0	171.0	324.0	4.1	4.3
2025/07/16 10:11:16	1014.6	1.0	26.9	26.8	82.0	84.0	166.0	319.0	4.3	4.5
2025/07/16 10:11:17	#	#	#	#	#	#	#	#	#	#
2025/07/16 10:11:18	1014.6	1.0	26.9	26.7	82.0	84.0	164.0	315.0	4.5	4.5
2025/07/16 10:11:19	1014.6	1.0	26.9	26.7	82.0	84.0	160.0	311.0	4.8	4.8
2025/07/16 10:11:20	1014.6	1.0	26.9	26.7	82.0	85.0	161.0	314.0	4.9	5.1
2025/07/16 10:11:21	#	#	#	#	#	#	#	#	#	#
2025/07/16 10:11:22	1014.6	1.0	26.8	26.7	82.0	85.0	165.0	318.0	5.0	5.2
2025/07/16 10:11:23	1014.6	1.0	26.8	26.7	82.0	85.0	171.0	322.0	5.2	5.2
2025/07/16 10:11:24	#	#	#	#	#	#	#	#	#	#
2025/07/16 10:11:25	1014.6	1.0	26.8	26.7	82.0	85.0	173.0	323.0	4.4	4.4
2025/07/16 10:11:26	1014.6	1.0	26.8	26.7	82.0	85.0	170.0	320.0	4.1	4.1
2025/07/16 10:11:27	#	#	#	#	#	#	#	#	#	#
2025/07/16 10:11:28	1014.6	1.0	26.8	26.6	83.0	85.0	170.0	321.0	3.7	3.7
2025/07/16 10:11:29	#	#	#	#	#	#	#	#	#	#
2025/07/16 10:11:30	1014.6	1.0	26.8	26.6	83.0	85.0	164.0	317.0	4.9	5.1
2025/07/16 10:11:31	1014.6	1.0	26.8	26.6	83.0	86.0	167.0	317.0	5.5	5.5
2025/07/16 10:11:32	1014.6	1.0	26.8	26.6	83.0	86.0	163.0	313.0	5.7	5.7
2025/07/16 10:11:33	1014.6	1.0	26.8	26.6	83.0	86.0	169.0	320.0	6.1	6.1
2025/07/16 10:11:34	#	#	#	#	#	#	#	#	#	#
2025/07/16 10:11:35	1014.6	1.0	26.8	26.6	83.0	86.0	172.0	323.0	5.8	5.8
2025/07/16 10:11:36	1014.6	1.0	26.8	26.6	83.0	86.0	174.0	324.0	5.7	5.7
2025/07/16 10:11:37	1014.6	1.0	26.8	26.6	83.0	86.0	176.0	326.0	5.5	5.5
2025/07/16 10:11:38	#	#	#	#	#	#	#	#	#	#
2025/07/16 10:11:39	1014.6	1.0	26.8	26.6	83.0	86.0	168.0	322.0	4.7	5.0
2025/07/16 10:11:40	1014.6	1.0	26.8	26.6	83.0	86.0	169.0	322.0	4.5	4.7
2025/07/16 10:11:41	1014.6	1.0	26.8	26.6	83.0	86.0	179.0	329.0	4.5	4.5
2025/07/16 10:11:42	1014.6	1.0	26.8	26.6	83.0	86.0	185.0	336.0	4.4	4.7
2025/07/16 10:11:43	1014.6	1.0	26.8	26.6	83.0	86.0	189.0	340.0	4.7	5.0
2025/07/16 10:11:44	1014.6	1.0	26.8	26.6	83.0	86.0	188.0	339.0	5.2	5.4
2025/07/16 10:11:45	1014.6	1.0	26.8	26.6	84.0	86.0	181.0	331.0	5.2	5.2
2025/07/16 10:11:46	1014.6	1.0	26.8	26.6	84.0	86.0	169.0	319.0	5.1	5.1
2025/07/16 10:11:47	1014.6	1.0	26.8	26.6	84.0	86.0	166.0	317.0	5.2	5.2
2025/07/16 10:11:48	1014.6	1.0	26.7	26.6	84.0	86.0	167.0	317.0	5.3	5.3
2025/07/16 10:11:49	1014.6	1.0	26.7	26.6	84.0	86.0	173.0	323.0	5.4	5.4
2025/07/16 10:11:50	1014.6	1.0	26.7	26.6	84.0	86.0	178.0	328.0	5.4	5.4
2025/07/16 10:11:51	1014.6	1.0	26.7	26.6	84.0	86.0	182.0	332.0	5.1	5.1
2025/07/16 10:11:52	1014.6	1.0	26.7	26.6	84.0	87.0	184.0	334.0	4.4	4.4
2025/07/16 10:11:53	1014.6	1.0	26.7	26.6	84.0	87.0	184.0	334.0	4.0	4.0
2025/07/16 10:11:54	#	#	#	#	#	#	#	#	#	#
2025/07/16 10:11:55	1014.6	1.0	26.7	26.6	84.0	87.0	185.0	334.0	4.1	4.1
2025/07/16 10:11:56	1014.6	1.0	26.7	26.6	84.0	87.0	185.0	335.0	4.4	4.4
2025/07/16 10:11:57	1014.6	1.0	26.7	26.6	84.0	87.0	181.0	331.0	4.5	4.5
2025/07/16 10:11:58	1014.6	1.0	26.7	26.6	84.0	87.0	174.0	324.0	4.4	4.4
2025/07/16 10:11:59	1014.6	1.0	26.7	26.6	84.0	87.0	168.0	318.0	4.7	4.7
2025/07/16 10:12:00	1014.6	1.0	26.7	26.6	84.0	87.0	168.0	318.0	5.0	5.0
2025/07/16 10:12:01	1014.6	1.0	26.6	26.6	84.0	87.0	177.0	327.0	5.3	5.3
2025/07/16 10:12:02	1014.6	1.0	26.6	26.6	84.0	87.0	184.0	333.0	5.4	5.4
2025/07/16 10:12:03	1014.6	1.0	26.6	26.6	84.0	87.0	185.0	334.0	5.3	5.3
2025/07/16 10:12:04	1014.6	1.0	26.6	26.6	85.0	87.0	177.0	327.0	4.7	4.7
2025/07/16 10:12:05	1014.6	1.0	26.6	26.6	85.0	87.0	175.0	325.0	4.4	4.4
2025/07/16 10:12:06	1014.6	1.0	26.6	26.6	84.0	87.0	179.0	329.0	4.3	4.3
2025/07/16 10:12:07	1014.6	1.0	26.6	26.6	84.0	87.0	183.0	333.0	4.5	4.5
2025/07/16 10:12:08	1014.6	1.0	26.6	26.5	84.0	87.0	185.0	335.0	4.4	4.4
2025/07/16 10:12:09	1014.6	1.0	26.6	26.5	85.0	87.0	188.0	337.0	4.2	4.2
2025/07/16 10:12:10	1014.6	1.0	26.6	26.5	85.0	87.0	192.0	341.0	4.2	4.2
2025/07/16 10:12:11	1014.6	1.0	26.6	26.5	85.0	87.0	190.0	340.0	4.4	4.4
2025/07/16 10:12:12	1014.6	1.0	26.6	26.5	85.0	87.0	187.0	337.0	4.6	4.6
2025/07/16 10:12:13	1014.6	1.0	26.6	26.5	85.0	87.0	184.0	334.0	5.1	5.1
2025/07/16 10:12:14	1014.6	1.0	26.6	26.5	85.0	87.0	181.0	331.0	5.2	5.2
2025/07/16 10:12:15	1014.6	1.0	26.6	26.5	85.0	87.0	178.0	328.0	5.3	5.3
2025/07/16 10:12:16	1014.6	1.0	26.6	26.5	85.0	87.0	177.0	326.0	5.2	5.2
2025/07/16 10:12:17	1014.6	1.0	26.6	26.5	85.0	87.0	179.0	329.0	5.0	5.0
2025/07/16 10:12:18	1014.6	1.0	26.6	26.5	85.0	87.0	180.0	329.0	5.2	5.2
2025/07/16 10:12:19	#	#	#	#	#	#	#	#	#	#
2025/07/16 10:12:20	1014.6	1.0	26.6	26.5	85.0	87.0	184.0	333.0	5.2	5.2
2025/07/16 10:12:21	1014.6	1.0	26.6	26.5	85.0	87.0	184.0	334.0	4.6	4.6
2025/07/16 10:12:22	1014.6	1.0	26.6	26.5	85.0	87.0	184.0	334.0	4.7	4.7
2025/07/16 10:12:23	1014.6	1.0	26.6	26.5	85.0	87.0	187.0	336.0	4.9	4.9
2025/07/16 10:12:24	1014.6	1.0	26.6	26.5	85.0	87.0	183.0	332.0	5.7	5.7
2025/07/16 10:12:25	#	#	#	#	#	#	#	#	#	#
2025/07/16 10:12:26	1014.6	1.0	26.6	26.5	85.0	87.0	176.0	325.0	5.6	5.6
2025/07/16 10:12:27	1014.6	1.0	26.6	26.5	85.0	87.0	169.0	318.0	5.8	5.8
2025/07/16 10:12:28	#	#	#	#	#	#	#	#	#	#
2025/07/16 10:12:29	1014.6	1.0	26.6	26.5	85.0	87.0	169.0	318.0	5.8	5.8
2025/07/16 10:12:30	1014.6	1.0	26.6	26.5	85.0	87.0	173.0	323.0	6.0	6.0
2025/07/16 10:12:31	1014.6	1.0	26.5	26.5	85.0	87.0	171.0	321.0	5.6	5.6
2025/07/16 10:12:32	1014.6	1.0	26.5	26.5	85.0	87.0	174.0	324.0	5.3	5.3
2025/07/16 10:12:33	#	#	#	#	#	#	#	#	#	#
2025/07/16 10:12:34	1014.6	1.0	26.5	26.5	85.0	87.0	173.0	323.0	5.3	5.3
2025/07/16 10:12:35	1014.6	1.0	26.5	26.5	85.0	87.0	170.0	321.0	5.2	5.2
2025/07/16 10:12:36	1014.6	1.0	26.5	26.5	85.0	87.0	171.0	321.0	5.1	5.1
2025/07/16 10:12:37	1014.6	1.0	26.5	26.5	86.0	87.0	175.0	325.0	4.9	4.9
2025/07/16 10:12:38	1014.6	1.0	26.5	26.5	86.0	87.0	173.0	324.0	5.0	5.0
2025/07/16 10:12:39	1014.6	1.0	26.5	26.5	85.0	87.0	171.0	322.0	5.3	5.3
2025/07/16 10:12:40	1014.6	1.0	26.5	26.5	85.0	87.0	167.0	317.0	5.5	5.5
2025/07/16 10:12:41	1014.6	1.0	26.5	26.5	85.0	87.0	165.0	315.0	5.7	5.7
2025/07/16 10:12:42	1014.6	1.0	26.5	26.5	86.0	87.0	163.0	313.0	5.6	5.6
2025/07/16 10:12:43	1014.6	1.0	26.5	26.4	86.0	87.0	167.0	317.0	5.3	5.3
2025/07/16 10:12:44	1014.6	1.0	26.4	26.4	85.0	87.0	175.0	324.0	5.1	5.1
2025/07/16 10:12:45	1014.6	1.0	26.4	26.4	85.0	87.0	179.0	329.0	5.2	5.2
2025/07/16 10:12:46	#	#	#	#	#	#	#	#	#	#
2025/07/16 10:12:47	1014.6	1.0	26.4	26.4	85.0	86.0	176.0	326.0	5.0	5.0
2025/07/16 10:12:48	1014.6	1.0	26.4	26.4	86.0	86.0	172.0	322.0	4.3	4.3
2025/07/16 10:12:49	1014.6	1.0	26.4	26.4	86.0	86.0	172.0	322.0	4.5	4.5
2025/07/16 10:12:50	#	#	#	#	#	#	#	#	#	#
2025/07/16 10:12:51	1014.6	1.0	26.4	26.4	86.0	86.0	173.0	322.0	4.7	4.7
2025/07/16 10:12:52	1014.6	1.0	26.4	26.4	86.0	86.0	172.0	322.0	5.1	5.1
2025/07/16 10:12:53	1014.6	1.0	26.4	26.4	86.0	86.0	167.0	316.0	5.4	5.4
2025/07/16 10:12:54	1014.6	1.0	26.4	26.4	86.0	86.0	164.0	314.0	5.4	5.4
2025/07/16 10:12:55	#	#	#	#	#	#	#	#	#	#
2025/07/16 10:12:56	1014.6	1.0	26.4	26.4	86.0	86.0	161.0	311.0	5.0	5.0
2025/07/16 10:12:57	1014.6	1.0	26.4	26.4	86.0	86.0	164.0	313.0	4.6	4.6
2025/07/16 10:12:58	1014.6	1.0	26.4	26.4	86.0	86.0	166.0	318.0	4.7	4.9
2025/07/16 10:12:59	#	#	#	#	#	#	#	#	#	#
2025/07/16 10:13:00	1014.6	1.0	26.4	26.4	86.0	86.0	171.0	320.0	5.1	5.1
2025/07/16 10:13:01	1014.6	1.0	26.3	26.4	86.0	86.0	159.0	311.0	4.0	4.2
2025/07/16 10:13:02	1014.6	1.0	26.3	26.4	86.0	86.0	166.0	315.0	3.9	3.9
2025/07/16 10:13:03	#	#	#	#	#	#	#	#	#	#
2025/07/16 10:13:04	1014.6	1.0	26.3	26.4	86.0	86.0	169.0	320.0	3.8	4.0
2025/07/16 10:13:05	1014.6	1.0	26.3	26.4	86.0	86.0	175.0	324.0	4.6	4.6
2025/07/16 10:13:06	1014.6	1.0	26.3	26.4	86.0	86.0	175.0	324.0	5.5	5.5
2025/07/16 10:13:07	1014.6	1.0	26.3	26.4	86.0	86.0	169.0	318.0	5.4	5.4
2025/07/16 10:13:08	1014.6	1.0	26.3	26.4	86.0	86.0	165.0	313.0	5.2	5.2
2025/07/16 10:13:09	1014.6	1.0	26.3	26.4	86.0	86.0	169.0	318.0	5.1	5.1
2025/07/16 10:13:10	1014.6	1.0	26.3	26.4	86.0	86.0	176.0	324.0	4.9	4.9
2025/07/16 10:13:11	#	#	#	#	#	#	#	#	#	#
2025/07/16 10:13:12	1014.6	1.0	26.3	26.4	86.0	86.0	179.0	329.0	4.5	4.7
2025/07/16 10:13:13	1014.6	1.0	26.3	26.3	86.0	87.0	184.0	333.0	4.6	4.6
2025/07/16 10:13:14	#	#	#	#	#	#	#	#	#	#
2025/07/16 10:13:15	1014.6	1.0	26.3	26.3	86.0	87.0	176.0	325.0	3.9	3.9
2025/07/16 10:13:16	1014.6	1.0	26.3	26.3	86.0	87.0	172.0	321.0	4.1	4.1
2025/07/16 10:13:17	1014.6	1.0	26.3	26.3	86.0	87.0	177.0	325.0	4.7	4.7
2025/07/16 10:13:18	#	#	#	#	#	#	#	#	#	#
2025/07/16 10:13:19	1014.6	1.0	26.3	26.3	86.0	86.0	177.0	325.0	5.2	5.2
2025/07/16 10:13:20	1014.6	1.0	26.3	26.3	86.0	86.0	176.0	324.0	5.1	5.1
2025/07/16 10:13:21	1014.6	1.0	26.3	26.3	86.0	87.0	169.0	319.0	5.0	5.2
2025/07/16 10:13:22	1014.6	1.0	26.3	26.3	86.0	87.0	168.0	316.0	5.8	5.8
2025/07/16 10:13:23	#	#	#	#	#	#	#	#	#	#
2025/07/16 10:13:24	1014.6	1.0	26.3	26.3	86.0	87.0	168.0	317.0	5.7	5.7
2025/07/16 10:13:25	1014.6	1.0	26.3	26.3	86.0	87.0	165.0	316.0	5.3	5.5
2025/07/16 10:13:26	1014.6	1.0	26.3	26.3	86.0	87.0	166.0	314.0	4.9	4.9
2025/07/16 10:13:27	1014.6	1.0	26.3	26.3	86.0	87.0	169.0	317.0	4.7	4.7
2025/07/16 10:13:28	1014.6	1.0	26.3	26.3	86.0	87.0	172.0	323.0	4.4	4.7
2025/07/16 10:13:29	1014.6	1.0	26.3	26.3	86.0	87.0	177.0	327.0	4.8	5.1
2025/07/16 10:13:30	1014.6	1.0	26.3	26.3	86.0	87.0	172.0	321.0	5.5	5.5
2025/07/16 10:13:31	1014.6	1.0	26.3	26.3	86.0	87.0	164.0	316.0	5.1	5.3
2025/07/16 10:13:32	1014.6	1.0	26.3	26.3	86.0	87.0	167.0	317.0	5.1	5.1
2025/07/16 10:13:33	1014.6	1.0	26.3	26.3	86.0	87.0	170.0	320.0	4.8	4.8
2025/07/16 10:13:34	1014.6	1.0	26.3	26.3	86.0	87.0	171.0	320.0	4.9	4.9
2025/07/16 10:13:35	1014.6	1.0	26.3	26.3	86.0	87.0	169.0	318.0	4.9	4.9
2025/07/16 10:13:36	1014.6	1.0	26.3	26.3	86.0	87.0	164.0	314.0	4.8	4.8
2025/07/16 10:13:37	1014.6	1.0	26.3	26.3	86.0	87.0	165.0	315.0	4.8	4.8
2025/07/16 10:13:38	#	#	#	#	#	#	#	#	#	#
2025/07/16 10:13:39	1014.6	1.0	26.3	26.3	86.0	87.0	167.0	317.0	5.1	5.1
2025/07/16 10:13:40	1014.6	1.0	26.3	26.3	86.0	87.0	174.0	323.0	4.8	4.8
2025/07/16 10:13:41	#	#	#	#	#	#	#	#	#	#
2025/07/16 10:13:42	1014.6	1.0	26.3	26.3	86.0	87.0	169.0	318.0	4.1	4.1
2025/07/16 10:13:43	#	#	#	#	#	#	#	#	#	#
2025/07/16 10:13:44	1014.6	1.0	26.3	26.3	86.0	87.0	165.0	315.0	5.3	5.3
2025/07/16 10:13:45	1014.6	1.0	26.3	26.3	86.0	87.0	164.0	314.0	5.8	5.8
2025/07/16 10:13:46	1014.6	1.0	26.3	26.3	86.0	87.0	163.0	313.0	5.7	5.7
2025/07/16 10:13:47	#	#	#	#	#	#	#	#	#	#
2025/07/16 10:13:48	1014.6	1.0	26.3	26.3	86.0	87.0	165.0	316.0	4.7	4.7
2025/07/16 10:13:49	1014.6	1.0	26.3	26.3	86.0	87.0	175.0	325.0	4.8	4.8
2025/07/16 10:13:50	#	#	#	#	#	#	#	#	#	#
2025/07/16 10:13:51	1014.6	1.0	26.3	26.3	86.0	87.0	170.0	320.0	5.1	5.1
2025/07/16 10:13:52	1014.6	1.0	26.3	26.3	86.0	87.0	175.0	325.0	5.5	5.5
2025/07/16 10:13:53	#	#	#	#	#	#	#	#	#	#
2025/07/16 10:13:54	1014.6	1.0	26.3	26.3	86.0	87.0	178.0	328.0	5.8	5.8
2025/07/16 10:13:55	1014.6	1.0	26.3	26.3	86.0	87.0	173.0	323.0	5.8	5.8
2025/07/16 10:13:56	1014.6	1.0	26.3	26.3	86.0	87.0	169.0	319.0	6.0	6.0
2025/07/16 10:13:57	1014.6	1.0	26.3	26.3	86.0	87.0	163.0	313.0	6.1	6.1
2025/07/16 10:13:58	1014.6	1.0	26.3	26.3	86.0	87.0	164.0	314.0	5.9	5.9
2025/07/16 10:13:59	1014.6	1.0	26.4	26.3	87.0	87.0	169.0	319.0	5.9	5.9
2025/07/16 10:14:00	1014.6	1.0	26.4	26.4	87.0	87.0	167.0	317.0	5.6	5.6
2025/07/16 10:14:01	1014.6	1.0	26.4	26.4	87.0	87.0	167.0	317.0	5.6	5.6
2025/07/16 10:14:02	1014.6	1.0	26.4	26.4	86.0	87.0	167.0	317.0	6.0	6.0
2025/07/16 10:14:03	1014.6	1.0	26.4	26.4	86.0	87.0	166.0	316.0	6.7	6.7
2025/07/16 10:14:04	1014.6	1.0	26.4	26.4	87.0	87.0	164.0	314.0	6.8	6.8
2025/07/16 10:14:05	1014.6	1.0	26.4	26.4	87.0	87.0	165.0	315.0	6.7	6.7
2025/07/16 10:14:06	1014.6	1.0	26.4	26.4	87.0	87.0	167.0	316.0	6.3	6.3
2025/07/16 10:14:07	1014.6	1.0	26.4	26.4	86.0	87.0	167.0	316.0	5.7	5.7
2025/07/16 10:14:08	1014.6	1.0	26.4	26.4	86.0	88.0	164.0	314.0	6.0	6.0
2025/07/16 10:14:09	1014.6	1.0	26.4	26.4	86.0	88.0	165.0	314.0	5.5	5.5
2025/07/16 10:14:10	1014.6	1.0	26.4	26.4	87.0	88.0	166.0	316.0	5.9	5.9
2025/07/16 10:14:11	1014.6	1.0	26.4	26.4	87.0	88.0	168.0	317.0	6.0	6.0
2025/07/16 10:14:12	1014.6	1.0	26.4	26.4	87.0	88.0	168.0	317.0	6.1	6.1
2025/07/16 10:14:13	1014.6	1.0	26.4	26.4	87.0	88.0	167.0	316.0	6.5	6.5
2025/07/16 10:14:14	1014.6	1.0	26.4	26.4	87.0	88.0	164.0	313.0	6.9	6.9
2025/07/16 10:14:15	1014.6	1.0	26.4	26.4	87.0	88.0	164.0	313.0	7.0	7.0
2025/07/16 10:14:16	1014.6	1.0	26.4	26.4	87.0	88.0	162.0	311.0	7.3	7.3
2025/07/16 10:14:17	1014.6	1.0	26.4	26.4	87.0	88.0	162.0	312.0	7.0	7.0
2025/07/16 10:14:18	1014.6	1.0	26.4	26.4	87.0	88.0	162.0	312.0	6.8	6.8
2025/07/16 10:14:19	1014.6	1.0	26.4	26.4	87.0	87.0	164.0	313.0	6.4	6.4
2025/07/16 10:14:20	1014.6	1.0	26.3	26.4	87.0	87.0	166.0	316.0	6.5	6.5
2025/07/16 10:14:21	1014.6	1.0	26.3	26.4	87.0	87.0	166.0	316.0	6.7	6.7
2025/07/16 10:14:22	1014.6	1.0	26.3	26.4	87.0	87.0	167.0	316.0	6.6	6.6
2025/07/16 10:14:23	1014.6	1.0	26.3	26.4	87.0	87.0	164.0	313.0	6.9	6.9
2025/07/16 10:14:24	#	#	#	#	#	#	#	#	#	#
2025/07/16 10:14:25	1014.6	1.0	26.3	26.4	86.0	87.0	166.0	315.0	7.2	7.2
2025/07/16 10:14:26	1014.6	1.0	26.3	26.4	86.0	87.0	162.0	313.0	6.8	7.0
2025/07/16 10:14:27	#	#	#	#	#	#	#	#	#	#
2025/07/16 10:14:28	1014.6	1.0	26.3	26.3	86.0	87.0	166.0	315.0	6.6	6.6
2025/07/16 10:14:29	1014.6	1.0	26.3	26.3	86.0	87.0	165.0	314.0	6.6	6.6
2025/07/16 10:14:30	1014.6	1.0	26.3	26.3	87.0	87.0	162.0	311.0	7.1	7.1
2025/07/16 10:14:31	1014.6	1.0	26.3	26.3	87.0	87.0	161.0	310.0	7.1	7.1
2025/07/16 10:14:32	1014.6	1.0	26.3	26.3	86.0	87.0	162.0	312.0	7.2	7.2
2025/07/16 10:14:33	#	#	#	#	#	#	#	#	#	#
2025/07/16 10:14:34	1014.6	1.0	26.3	26.3	86.0	87.0	164.0	314.0	7.1	7.1
2025/07/16 10:14:35	1014.6	1.0	26.2	26.3	86.0	87.0	165.0	314.0	7.0	7.0
2025/07/16 10:14:36	1014.6	1.0	26.2	26.3	86.0	87.0	165.0	314.0	6.9	6.9
2025/07/16 10:14:37	1014.6	1.0	26.2	26.3	86.0	87.0	166.0	315.0	6.7	6.7
2025/07/16 10:14:38	1014.6	1.0	26.2	26.3	87.0	87.0	165.0	315.0	6.6	6.6
2025/07/16 10:14:39	1014.6	1.0	26.2	26.3	87.0	87.0	165.0	314.0	6.6	6.6
2025/07/16 10:14:40	1014.6	1.0	26.2	26.3	87.0	87.0	167.0	317.0	6.8	6.8
2025/07/16 10:14:41	1014.6	1.0	26.2	26.3	86.0	87.0	167.0	316.0	7.2	7.2
2025/07/16 10:14:42	1014.6	1.0	26.2	26.3	86.0	87.0	168.0	317.0	7.3	7.3
2025/07/16 10:14:43	1014.6	1.0	26.2	26.3	87.0	87.0	165.0	314.0	7.5	7.5
2025/07/16 10:14:44	1014.6	1.0	26.2	26.3	87.0	87.0	161.0	311.0	7.0	7.0
2025/07/16 10:14:45	1014.6	1.0	26.2	26.3	87.0	87.0	164.0	314.0	6.3	6.3
2025/07/16 10:14:46	1014.6	1.0	26.2	26.3	87.0	87.0	165.0	314.0	6.3	6.3
2025/07/16 10:14:47	1014.6	1.0	26.2	26.3	87.0	87.0	166.0	316.0	6.8	6.8
2025/07/16 10:14:48	1014.6	1.0	26.2	26.3	87.0	87.0	167.0	316.0	7.3	7.3
2025/07/16 10:14:49	1014.6	1.0	26.2	26.3	86.0	87.0	166.0	316.0	7.3	7.3
2025/07/16 10:14:50	1014.6	1.0	26.2	26.3	86.0	87.0	167.0	316.0	6.9	6.9
2025/07/16 10:14:51	1014.6	1.0	26.2	26.3	87.0	87.0	170.0	320.0	6.4	6.4
2025/07/16 10:14:52	1014.6	1.0	26.2	26.3	87.0	87.0	170.0	320.0	6.4	6.4
2025/07/16 10:14:53	1014.6	1.0	26.2	26.3	87.0	87.0	169.0	319.0	6.7	6.7
2025/07/16 10:14:54	1014.6	1.0	26.2	26.3	86.0	87.0	167.0	317.0	7.1	7.1
2025/07/16 10:14:55	1014.6	1.0	26.2	26.3	86.0	87.0	165.0	315.0	7.1	7.1
2025/07/16 10:14:56	1014.6	1.0	26.2	26.3	86.0	87.0	166.0	316.0	7.1	7.1
2025/07/16 10:14:57	1014.6	1.0	26.2	26.3	86.0	87.0	166.0	316.0	6.8	6.8
2025/07/16 10:14:58	1014.6	1.0	26.2	26.3	86.0	87.0	164.0	314.0	6.6	6.6
2025/07/16 10:14:59	1014.6	1.0	26.2	26.3	87.0	87.0	165.0	315.0	6.4	6.4
2025/07/16 10:15:00	1014.6	1.0	26.2	26.3	87.0	87.0	165.0	316.0	6.2	6.2
2025/07/16 10:15:01	1014.6	1.0	26.2	26.3	87.0	87.0	168.0	319.0	6.0	6.0
2025/07/16 10:15:02	1014.6	1.0	26.2	26.3	86.0	87.0	169.0	319.0	6.0	6.0
2025/07/16 10:15:03	1014.6	1.0	26.2	26.3	86.0	87.0	168.0	318.0	5.9	5.9
2025/07/16 10:15:04	1014.6	1.0	26.2	26.3	86.0	87.0	167.0	317.0	5.9	5.9
2025/07/16 10:15:05	1014.6	1.0	26.2	26.3	86.0	87.0	165.0	315.0	6.0	6.0
2025/07/16 10:15:06	1014.6	1.0	26.2	26.3	87.0	87.0	164.0	315.0	6.7	6.7
2025/07/16 10:15:07	1014.6	1.0	26.2	26.3	87.0	87.0	163.0	314.0	6.5	6.5
2025/07/16 10:15:08	1014.6	1.0	26.2	26.3	87.0	87.0	162.0	313.0	6.3	6.3
2025/07/16 10:15:09	1014.6	1.0	26.2	26.3	87.0	87.0	165.0	316.0	6.2	6.2
2025/07/16 10:15:10	#	#	#	#	#	#	#	#	#	#
2025/07/16 10:15:11	1014.6	1.0	26.2	26.3	87.0	87.0	168.0	319.0	6.0	6.0
2025/07/16 10:15:12	1014.6	1.0	26.2	26.3	87.0	87.0	169.0	319.0	5.8	5.8
2025/07/16 10:15:13	1014.6	1.0	26.2	26.3	86.0	87.0	169.0	320.0	6.0	6.0
2025/07/16 10:15:14	1014.6	1.0	26.2	26.3	87.0	87.0	169.0	320.0	6.2	6.2
2025/07/16 10:15:15	1014.6	1.0	26.2	26.3	87.0	87.0	167.0	317.0	6.4	6.4
2025/07/16 10:15:16	1014.6	1.0	26.2	26.3	87.0	87.0	166.0	317.0	6.4	6.4
2025/07/16 10:15:17	#	#	#	#	#	#	#	#	#	#
2025/07/16 10:15:18	1014.6	1.0	26.2	26.3	86.0	87.0	166.0	317.0	6.2	6.2
2025/07/16 10:15:19	#	#	#	#	#	#	#	#	#	#
2025/07/16 10:15:20	1014.6	1.0	26.2	26.3	86.0	87.0	171.0	321.0	6.5	6.5
2025/07/16 10:15:21	1014.6	1.0	26.2	26.3	87.0	87.0	172.0	322.0	6.6	6.6
2025/07/16 10:15:22	1014.6	1.0	26.2	26.3	87.0	87.0	171.0	322.0	6.5	6.5
2025/07/16 10:15:23	1014.6	1.0	26.2	26.3	87.0	87.0	166.0	317.0	6.4	6.4
2025/07/16 10:15:24	1014.6	1.0	26.2	26.3	87.0	87.0	167.0	320.0	5.6	5.8
2025/07/16 10:15:25	1014.6	1.0	26.2	26.3	87.0	87.0	173.0	324.0	5.6	5.6
2025/07/16 10:15:26	1014.6	1.0	26.2	26.3	87.0	87.0	179.0	329.0	5.6	5.6
2025/07/16 10:15:27	1014.6	1.0	26.2	26.3	87.0	87.0	178.0	328.0	5.7	5.7
2025/07/16 10:15:28	#	#	#	#	#	#	#	#	#	#
2025/07/16 10:15:29	1014.6	1.0	26.2	26.3	87.0	87.0	172.0	323.0	5.7	5.7
2025/07/16 10:15:30	1014.6	1.0	26.2	26.3	87.0	87.0	169.0	320.0	5.9	5.9
2025/07/16 10:15:31	1014.6	1.0	26.2	26.3	87.0	87.0	166.0	317.0	6.2	6.2
2025/07/16 10:15:32	1014.6	1.0	26.2	26.3	87.0	87.0	166.0	317.0	6.3	6.3
2025/07/16 10:15:33	1014.6	1.0	26.2	26.3	87.0	87.0	164.0	314.0	6.6	6.6
2025/07/16 10:15:34	1014.6	1.0	26.2	26.3	87.0	87.0	166.0	316.0	6.7	6.7
2025/07/16 10:15:35	1014.6	1.0	26.2	26.3	87.0	87.0	164.0	317.0	6.2	6.4
2025/07/16 10:15:36	1014.6	1.0	26.2	26.3	87.0	87.0	168.0	319.0	5.4	5.4
2025/07/16 10:15:37	1014.6	1.0	26.2	26.3	87.0	87.0	168.0	319.0	4.7	4.7
2025/07/16 10:15:38	1014.6	1.0	26.3	26.3	87.0	87.0	165.0	318.0	4.7	4.9
2025/07/16 10:15:39	1014.6	1.0	26.3	26.3	87.0	87.0	165.0	318.0	5.1	5.3
2025/07/16 10:15:40	1014.6	1.0	26.3	26.3	87.0	87.0	169.0	321.0	5.5	5.7
2025/07/16 10:15:41	1014.6	1.0	26.3	26.3	87.0	87.0	172.0	322.0	6.3	6.3
2025/07/16 10:15:42	1014.6	1.0	26.3	26.3	87.0	87.0	168.0	320.0	6.1	6.3
2025/07/16 10:15:43	1014.6	1.0	26.3	26.3	87.0	87.0	160.0	313.0	5.8	6.0
2025/07/16 10:15:44	1014.6	1.0	26.3	26.3	87.0	87.0	159.0	310.0	5.7	5.7
2025/07/16 10:15:45	1014.6	1.0	26.3	26.3	87.0	87.0	165.0	316.0	5.7	5.7
2025/07/16 10:15:46	1014.6	1.0	26.3	26.3	87.0	87.0	171.0	321.0	6.1	6.1
2025/07/16 10:15:47	#	#	#	#	#	#	#	#	#	#
2025/07/16 10:15:48	1014.6	1.0	26.3	26.3	87.0	87.0	172.0	323.0	6.2	6.2
2025/07/16 10:15:49	1014.6	1.0	26.3	26.3	87.0	87.0	174.0	324.0	5.7	5.7
2025/07/16 10:15:50	1014.6	1.0	26.3	26.3	87.0	87.0	172.0	323.0	5.3	5.3
2025/07/16 10:15:51	1014.6	1.0	26.3	26.3	87.0	87.0	170.0	321.0	5.0	5.0
2025/07/16 10:15:52	1014.6	1.0	26.3	26.3	87.0	87.0	167.0	318.0	5.0	5.0
2025/07/16 10:15:53	1014.6	1.0	26.3	26.3	87.0	87.0	166.0	317.0	6.0	6.0
2025/07/16 10:15:54	#	#	#	#	#	#	#	#	#	#
2025/07/16 10:15:55	1014.6	1.0	26.3	26.3	87.0	87.0	168.0	318.0	6.2	6.2
2025/07/16 10:15:56	1014.6	1.0	26.3	26.3	87.0	87.0	167.0	318.0	6.2	6.2
2025/07/16 10:15:57	1014.6	1.0	26.3	26.3	87.0	87.0	164.0	315.0	6.1	6.1
2025/07/16 10:15:58	1014.6	1.0	26.3	26.3	87.0	87.0	164.0	315.0	6.2	6.2
2025/07/16 10:15:59	1014.6	1.0	26.3	26.3	87.0	87.0	164.0	315.0	5.9	5.9
2025/07/16 10:16:00	1014.6	1.0	26.3	26.3	87.0	87.0	165.0	317.0	5.6	5.6
2025/07/16 10:16:01	1014.6	1.0	26.3	26.3	87.0	87.0	168.0	320.0	5.7	5.7
2025/07/16 10:16:02	1014.6	1.0	26.3	26.3	87.0	87.0	172.0	324.0	6.0	6.0
2025/07/16 10:16:03	1014.6	1.0	26.3	26.3	87.0	87.0	175.0	326.0	6.3	6.3
2025/07/16 10:16:04	1014.6	1.0	26.3	26.3	87.0	87.0	172.0	323.0	6.1	6.1
2025/07/16 10:16:05	1014.6	1.0	26.3	26.3	87.0	88.0	169.0	320.0	5.4	5.4
2025/07/16 10:16:06	1014.6	1.0	26.3	26.3	87.0	88.0	168.0	319.0	5.5	5.5
2025/07/16 10:16:07	1014.6	1.0	26.3	26.3	87.0	88.0	169.0	321.0	5.9	5.9
2025/07/16 10:16:08	1014.6	1.0	26.3	26.3	87.0	88.0	172.0	324.0	6.2	6.2
2025/07/16 10:16:09	#	#	#	#	#	#	#	#	#	#
2025/07/16 10:16:10	1014.6	1.0	26.3	26.3	87.0	88.0	173.0	324.0	6.4	6.4
2025/07/16 10:16:11	1014.6	1.0	26.3	26.3	87.0	88.0	174.0	326.0	6.2	6.2
2025/07/16 10:16:12	1014.6	1.0	26.3	26.3	87.0	87.0	173.0	324.0	5.8	5.8
2025/07/16 10:16:13	#	#	#	#	#	#	#	#	#	#
2025/07/16 10:16:14	1014.6	1.0	26.3	26.3	87.0	88.0	173.0	324.0	6.0	6.0
2025/07/16 10:16:15	1014.6	1.0	26.3	26.3	87.0	88.0	177.0	328.0	6.4	6.4
2025/07/16 10:16:16	1014.6	1.0	26.3	26.3	87.0	88.0	176.0	328.0	5.9	5.9
2025/07/16 10:16:17	1014.6	1.0	26.3	26.3	87.0	88.0	173.0	325.0	5.1	5.1
2025/07/16 10:16:18	1014.6	1.0	26.3	26.3	87.0	88.0	173.0	325.0	4.7	4.7
2025/07/16 10:16:19	#	#	#	#	#	#	#	#	#	#
2025/07/16 10:16:20	1014.6	1.0	26.3	26.3	87.0	88.0	177.0	329.0	4.9	4.9
2025/07/16 10:16:21	1014.6	1.0	26.3	26.3	87.0	88.0	179.0	330.0	5.5	5.5
2025/07/16 10:16:22	1014.6	1.0	26.3	26.3	87.0	88.0	180.0	331.0	6.1	6.1
2025/07/16 10:16:23	1014.6	1.0	26.3	26.3	87.0	88.0	176.0	328.0	6.0	6.0
2025/07/16 10:16:24	1014.6	1.0	26.3	26.3	87.0	88.0	173.0	324.0	5.5	5.5
2025/07/16 10:16:25	1014.6	1.0	26.3	26.3	87.0	88.0	177.0	328.0	5.5	5.5
2025/07/16 10:16:26	1014.6	1.0	26.3	26.3	87.0	88.0	176.0	327.0	5.3	5.3
2025/07/16 10:16:27	1014.6	1.0	26.3	26.3	87.0	88.0	179.0	330.0	5.3	5.3
2025/07/16 10:16:28	#	#	#	#	#	#	#	#	#	#
2025/07/16 10:16:29	1014.6	1.0	26.3	26.3	87.0	88.0	183.0	335.0	5.5	5.5
2025/07/16 10:16:30	1014.6	1.0	26.3	26.3	87.0	88.0	182.0	333.0	5.5	5.5
2025/07/16 10:16:31	1014.6	1.0	26.3	26.3	87.0	88.0	180.0	332.0	5.4	5.4
2025/07/16 10:16:32	#	#	#	#	#	#	#	#	#	#
2025/07/16 10:16:33	1014.6	1.0	26.3	26.3	87.0	87.0	178.0	330.0	5.4	5.4
2025/07/16 10:16:34	1014.6	1.0	26.3	26.3	87.0	87.0	178.0	329.0	5.6	5.6
2025/07/16 10:16:35	1014.6	1.0	26.3	26.3	87.0	87.0	176.0	327.0	5.8	5.8
2025/07/16 10:16:36	1014.6	1.0	26.3	26.3	87.0	87.0	174.0	326.0	5.2	5.2
2025/07/16 10:16:37	#	#	#	#	#	#	#	#	#	#
2025/07/16 10:16:38	1014.6	1.0	26.3	26.3	87.0	87.0	177.0	329.0	5.1	5.1
2025/07/16 10:16:39	1014.6	1.0	26.2	26.3	87.0	87.0	178.0	329.0	5.0	5.0
2025/07/16 10:16:40	1014.6	1.0	26.3	26.3	87.0	87.0	175.0	327.0	5.2	5.2
2025/07/16 10:16:41	#	#	#	#	#	#	#	#	#	#
2025/07/16 10:16:42	1014.6	1.0	26.3	26.3	87.0	87.0	175.0	327.0	5.2	5.2
2025/07/16 10:16:43	1014.6	1.0	26.3	26.3	87.0	87.0	176.0	327.0	5.1	5.1
2025/07/16 10:16:44	1014.6	1.0	26.3	26.3	87.0	87.0	174.0	326.0	5.0	5.0
2025/07/16 10:16:45	1014.6	1.0	26.3	26.3	87.0	87.0	174.0	326.0	5.7	5.7
2025/07/16 10:16:46	#	#	#	#	#	#	#	#	#	#
2025/07/16 10:16:47	1014.6	1.0	26.3	26.3	87.0	87.0	176.0	328.0	5.7	5.7
2025/07/16 10:16:48	1014.6	1.0	26.3	26.3	87.0	87.0	175.0	327.0	5.7	5.7
2025/07/16 10:16:49	1014.6	1.0	26.3	26.3	87.0	87.0	174.0	326.0	5.7	5.7
2025/07/16 10:16:50	1014.6	1.0	26.3	26.3	87.0	88.0	176.0	328.0	5.9	5.9
2025/07/16 10:16:51	1014.6	1.0	26.3	26.3	87.0	88.0	174.0	326.0	5.7	5.7
2025/07/16 10:16:52	#	#	#	#	#	#	#	#	#	#
2025/07/16 10:16:53	1014.6	1.0	26.3	26.3	87.0	88.0	179.0	331.0	5.7	5.7
2025/07/16 10:16:54	1014.6	1.0	26.3	26.3	87.0	88.0	180.0	332.0	5.0	5.0
2025/07/16 10:16:55	#	#	#	#	#	#	#	#	#	#
2025/07/16 10:16:56	1014.6	1.0	26.3	26.3	87.0	87.0	176.0	329.0	4.9	4.9
2025/07/16 10:16:57	1014.6	1.0	26.2	26.3	87.0	87.0	174.0	326.0	5.3	5.3
2025/07/16 10:16:58	1014.6	1.0	26.2	26.3	87.0	87.0	174.0	326.0	5.6	5.6
2025/07/16 10:16:59	#	#	#	#	#	#	#	#	#	#
2025/07/16 10:17:00	1014.6	1.0	26.2	26.3	87.0	87.0	173.0	326.0	5.8	5.8
2025/07/16 10:17:01	1014.6	1.0	26.2	26.3	87.0	87.0	169.0	322.0	5.9	5.9
2025/07/16 10:17:02	1014.7	1.0	26.2	26.3	87.0	87.0	164.0	317.0	5.2	5.2
2025/07/16 10:17:03	1014.7	1.0	26.2	26.3	87.0	87.0	170.0	323.0	5.2	5.2
2025/07/16 10:17:04	#	#	#	#	#	#	#	#	#	#
2025/07/16 10:17:05	1014.7	1.0	26.2	26.3	87.0	87.0	174.0	326.0	5.2	5.2
2025/07/16 10:17:06	1014.7	1.0	26.2	26.3	87.0	87.0	169.0	322.0	4.8	4.8
2025/07/16 10:17:07	#	#	#	#	#	#	#	#	#	#
2025/07/16 10:17:08	1014.7	1.0	26.2	26.3	87.0	87.0	170.0	322.0	4.9	4.9
2025/07/16 10:17:09	1014.7	1.0	26.2	26.3	87.0	87.0	173.0	326.0	5.1	5.1
2025/07/16 10:17:10	#	#	#	#	#	#	#	#	#	#
2025/07/16 10:17:11	1014.7	1.0	26.2	26.3	87.0	87.0	174.0	327.0	5.3	5.3
2025/07/16 10:17:12	1014.7	1.0	26.2	26.3	87.0	87.0	171.0	324.0	5.0	5.0
2025/07/16 10:17:13	1014.7	1.0	26.2	26.3	87.0	87.0	170.0	323.0	4.7	4.7
2025/07/16 10:17:14	1014.7	1.0	26.2	26.3	87.0	87.0	165.0	320.0	4.7	4.9
2025/07/16 10:17:15	1014.7	1.0	26.2	26.3	87.0	87.0	170.0	322.0	5.0	5.0
2025/07/16 10:17:16	1014.7	1.0	26.2	26.3	87.0	87.0	168.0	321.0	5.0	5.0
2025/07/16 10:17:17	1014.7	1.0	26.2	26.3	87.0	87.0	170.0	323.0	4.9	4.9
2025/07/16 10:17:18	1014.7	1.0	26.2	26.3	87.0	87.0	173.0	326.0	4.6	4.6
2025/07/16 10:17:19	1014.7	1.0	26.2	26.3	87.0	87.0	177.0	330.0	4.5	4.5
2025/07/16 10:17:20	1014.7	1.0	26.2	26.3	87.0	87.0	178.0	331.0	4.3	4.3
2025/07/16 10:17:21	1014.7	1.0	26.2	26.3	87.0	87.0	178.0	330.0	4.1	4.1
2025/07/16 10:17:22	1014.7	1.0	26.2	26.3	87.0	87.0	176.0	328.0	4.3	4.3
2025/07/16 10:17:23	1014.7	1.0	26.2	26.3	87.0	87.0	178.0	331.0	4.2	4.2
2025/07/16 10:17:24	1014.7	1.0	26.2	26.3	87.0	87.0	178.0	331.0	4.2	4.2
2025/07/16 10:17:25	1014.7	1.0	26.2	26.3	87.0	87.0	175.0	328.0	4.3	4.3
2025/07/16 10:17:26	1014.7	1.0	26.2	26.3	87.0	87.0	174.0	327.0	4.5	4.5
2025/07/16 10:17:27	1014.7	1.0	26.2	26.3	87.0	87.0	174.0	327.0	4.4	4.4
2025/07/16 10:17:28	1014.7	1.0	26.2	26.3	87.0	87.0	173.0	326.0	4.3	4.3
2025/07/16 10:17:29	1014.7	1.0	26.2	26.3	87.0	87.0	174.0	327.0	4.4	4.4
2025/07/16 10:17:30	1014.7	1.0	26.2	26.3	87.0	87.0	173.0	326.0	4.0	4.0
2025/07/16 10:17:31	#	#	#	#	#	#	#	#	#	#
2025/07/16 10:17:32	1014.7	1.0	26.3	26.3	87.0	87.0	174.0	327.0	4.3	4.3
2025/07/16 10:17:33	1014.7	1.0	26.3	26.4	87.0	87.0	175.0	328.0	4.2	4.2
2025/07/16 10:17:34	1014.7	1.0	26.3	26.4	87.0	87.0	173.0	326.0	4.1	4.1
2025/07/16 10:17:35	1014.7	1.0	26.3	26.4	87.0	87.0	172.0	325.0	3.9	3.9
2025/07/16 10:17:36	1014.7	1.0	26.3	26.4	87.0	87.0	175.0	328.0	3.9	3.9
2025/07/16 10:17:37	1014.7	1.0	26.3	26.4	87.0	87.0	171.0	324.0	4.5	4.5
2025/07/16 10:17:38	1014.7	1.0	26.3	26.4	87.0	87.0	167.0	320.0	4.9	4.9
2025/07/16 10:17:39	1014.7	1.0	26.3	26.4	87.0	87.0	164.0	317.0	5.0	5.0
2025/07/16 10:17:40	1014.7	1.0	26.3	26.4	87.0	87.0	160.0	313.0	4.6	4.6
2025/07/16 10:17:41	1014.7	1.0	26.3	26.4	87.0	87.0	161.0	314.0	4.3	4.3
2025/07/16 10:17:42	1014.7	1.0	26.3	26.4	87.0	87.0	162.0	315.0	4.1	4.1
2025/07/16 10:17:43	1014.7	1.0	26.3	26.4	87.0	87.0	164.0	317.0	4.2	4.2
2025/07/16 10:17:44	1014.7	1.0	26.3	26.4	87.0	87.0	165.0	319.0	4.3	4.3
2025/07/16 10:17:45	#	#	#	#	#	#	#	#	#	#
2025/07/16 10:17:46	1014.7	1.0	26.3	26.4	87.0	87.0	162.0	315.0	4.3	4.3
2025/07/16 10:17:47	1014.7	1.0	26.2	26.4	87.0	87.0	161.0	314.0	4.1	4.1
2025/07/16 10:17:48	1014.7	1.0	26.2	26.4	87.0	87.0	155.0	309.0	4.4	4.4
2025/07/16 10:17:49	1014.7	1.0	26.2	26.4	87.0	87.0	157.0	311.0	4.3	4.3
2025/07/16 10:17:50	1014.7	1.0	26.2	26.3	87.0	87.0	163.0	316.0	4.2	4.2
2025/07/16 10:17:51	1014.7	1.0	26.2	26.3	87.0	87.0	171.0	324.0	4.3	4.3
2025/07/16 10:17:52	1014.7	1.0	26.2	26.3	87.0	87.0	173.0	326.0	5.0	5.0
2025/07/16 10:17:53	1014.7	1.0	26.2	26.3	87.0	87.0	168.0	321.0	5.3	5.3
2025/07/16 10:17:54	1014.7	1.0	26.2	26.3	87.0	87.0	165.0	318.0	4.9	4.9
2025/07/16 10:17:55	1014.7	1.0	26.2	26.3	87.0	87.0	164.0	317.0	4.5	4.5
2025/07/16 10:17:56	1014.7	1.0	26.2	26.3	87.0	87.0	165.0	318.0	4.5	4.5
2025/07/16 10:17:57	1014.7	1.0	26.2	26.3	87.0	87.0	168.0	321.0	4.0	4.0
2025/07/16 10:17:58	1014.7	1.0	26.2	26.3	87.0	87.0	169.0	323.0	3.9	3.9
2025/07/16 10:17:59	#	#	#	#	#	#	#	#	#	#
2025/07/16 10:18:00	1014.7	1.0	26.2	26.3	87.0	87.0	174.0	326.0	3.8	3.8
2025/07/16 10:18:01	1014.7	1.0	26.2	26.3	87.0	87.0	173.0	325.0	3.9	3.9
2025/07/16 10:18:02	1014.7	1.0	26.2	26.3	87.0	87.0	177.0	329.0	4.4	4.4
2025/07/16 10:18:03	1014.7	1.0	26.2	26.3	87.0	87.0	182.0	334.0	4.7	4.7
2025/07/16 10:18:04	1014.7	1.0	26.2	26.3	87.0	87.0	179.0	331.0	4.6	4.6
2025/07/16 10:18:05	#	#	#	#	#	#	#	#	#	#
2025/07/16 10:18:06	1014.7	1.0	26.2	26.3	87.0	87.0	174.0	326.0	4.2	4.2
2025/07/16 10:18:07	1014.7	1.0	26.2	26.3	87.0	87.0	169.0	321.0	4.3	4.3
2025/07/16 10:18:08	1014.7	1.0	26.2	26.3	87.0	87.0	167.0	319.0	4.7	4.7
2025/07/16 10:18:09	#	#	#	#	#	#	#	#	#	#
2025/07/16 10:18:10	1014.7	1.0	26.2	26.3	87.0	87.0	161.0	313.0	5.1	5.1
2025/07/16 10:18:11	#	#	#	#	#	#	#	#	#	#
2025/07/16 10:18:12	1014.7	1.0	26.2	26.3	87.0	87.0	172.0	324.0	3.9	3.9
2025/07/16 10:18:13	1014.7	1.0	26.2	26.3	87.0	87.0	186.0	338.0	3.7	3.7
2025/07/16 10:18:14	#	#	#	#	#	#	#	#	#	#
2025/07/16 10:18:15	1014.7	1.0	26.2	26.3	87.0	87.0	184.0	336.0	3.5	3.5
2025/07/16 10:18:16	1014.7	1.0	26.2	26.3	87.0	87.0	179.0	331.0	3.8	3.8
2025/07/16 10:18:17	#	#	#	#	#	#	#	#	#	#
2025/07/16 10:18:18	1014.7	1.0	26.2	26.3	87.0	87.0	176.0	329.0	4.5	4.5
2025/07/16 10:18:19	1014.7	1.0	26.3	26.3	87.0	87.0	175.0	328.0	4.7	4.7
2025/07/16 10:18:20	1014.7	1.0	26.3	26.4	87.0	87.0	167.0	319.0	4.5	4.5
2025/07/16 10:18:21	#	#	#	#	#	#	#	#	#	#
2025/07/16 10:18:22	1014.7	1.0	26.3	26.4	87.0	87.0	166.0	319.0	3.9	3.9
2025/07/16 10:18:23	1014.7	1.0	26.3	26.4	87.0	87.0	168.0	321.0	3.8	3.8
2025/07/16 10:18:24	1014.7	1.0	26.3	26.4	87.0	87.0	173.0	326.0	3.7	3.7
2025/07/16 10:18:25	1014.7	1.0	26.3	26.4	87.0	87.0	181.0	333.0	4.2	4.2
2025/07/16 10:18:26	1014.7	1.0	26.3	26.4	87.0	87.0	184.0	337.0	4.6	4.6
2025/07/16 10:18:27	1014.7	1.0	26.3	26.4	87.0	87.0	187.0	340.0	4.5	4.5
2025/07/16 10:18:28	1014.7	1.0	26.3	26.4	87.0	87.0	180.0	333.0	4.1	4.1
2025/07/16 10:18:29	1014.7	1.0	26.3	26.4	87.0	87.0	170.0	323.0	3.7	3.7
2025/07/16 10:18:30	1014.7	1.0	26.3	26.4	87.0	87.0	171.0	324.0	4.1	4.1
2025/07/16 10:18:31	1014.7	1.0	26.3	26.4	87.0	87.0	175.0	327.0	4.9	4.9
2025/07/16 10:18:32	1014.7	1.0	26.3	26.4	87.0	87.0	180.0	332.0	5.2	5.2
2025/07/16 10:18:33	1014.7	1.0	26.3	26.4	87.0	87.0	178.0	331.0	5.3	5.3
2025/07/16 10:18:34	1014.7	1.0	26.3	26.4	87.0	87.0	168.0	321.0	5.3	5.3
2025/07/16 10:18:35	1014.7	1.0	26.3	26.4	87.0	87.0	164.0	317.0	5.6	5.6
2025/07/16 10:18:36	1014.7	1.0	26.3	26.4	87.0	87.0	165.0	318.0	5.5	5.5
2025/07/16 10:18:37	1014.7	1.0	26.3	26.4	87.0	87.0	176.0	328.0	5.0	5.0
2025/07/16 10:18:38	1014.7	1.0	26.3	26.4	87.0	87.0	185.0	337.0	4.7	4.7
2025/07/16 10:18:39	1014.7	1.0	26.3	26.4	87.0	87.0	188.0	340.0	4.5	4.5
2025/07/16 10:18:40	1014.7	1.0	26.3	26.4	87.0	87.0	182.0	334.0	4.4	4.4
2025/07/16 10:18:41	1014.7	1.0	26.3	26.4	87.0	87.0	177.0	330.0	5.0	5.0
2025/07/16 10:18:42	1014.7	1.0	26.4	26.4	87.0	87.0	174.0	326.0	5.8	5.8
2025/07/16 10:18:43	1014.7	1.0	26.4	26.4	87.0	87.0	169.0	322.0	5.9	5.9
2025/07/16 10:18:44	1014.7	1.0	26.4	26.4	87.0	87.0	166.0	318.0	6.2	6.2
2025/07/16 10:18:45	1014.7	1.0	26.4	26.4	87.0	87.0	164.0	316.0	6.4	6.4
2025/07/16 10:18:46	1014.7	1.0	26.4	26.4	87.0	88.0	165.0	317.0	6.6	6.6
2025/07/16 10:18:47	1014.7	1.0	26.3	26.4	87.0	88.0	166.0	318.0	6.6	6.6
2025/07/16 10:18:48	1014.7	1.0	26.3	26.4	87.0	88.0	167.0	319.0	6.1	6.1
2025/07/16 10:18:49	1014.7	1.0	26.3	26.4	87.0	87.0	168.0	320.0	5.7	5.7
2025/07/16 10:18:50	1014.7	1.0	26.3	26.4	87.0	87.0	167.0	321.0	4.9	5.1
2025/07/16 10:18:51	1014.6	1.0	26.3	26.4	87.0	87.0	171.0	323.0	5.0	5.0
2025/07/16 10:18:52	1014.6	1.0	26.3	26.4	87.0	87.0	172.0	324.0	5.0	5.0
2025/07/16 10:18:53	1014.6	1.0	26.3	26.4	87.0	87.0	173.0	324.0	4.9	4.9
2025/07/16 10:18:54	1014.6	1.0	26.3	26.4	87.0	87.0	172.0	324.0	4.8	4.8
2025/07/16 10:18:55	1014.6	1.0	26.3	26.4	87.0	87.0	173.0	325.0	5.1	5.1
2025/07/16 10:18:56	1014.6	1.0	26.3	26.4	87.0	87.0	177.0	329.0	5.6	5.6
2025/07/16 10:18:57	1014.6	1.0	26.3	26.4	87.0	87.0	175.0	327.0	6.0	6.0
2025/07/16 10:18:58	1014.6	1.0	26.3	26.4	87.0	87.0	172.0	324.0	6.4	6.4
2025/07/16 10:18:59	1014.6	1.0	26.3	26.4	87.0	87.0	167.0	319.0	6.2	6.2
2025/07/16 10:19:00	1014.6	1.0	26.3	26.4	87.0	87.0	163.0	315.0	6.1	6.1
2025/07/16 10:19:01	1014.6	1.0	26.2	26.4	87.0	87.0	164.0	316.0	5.9	5.9
2025/07/16 10:19:02	1014.6	1.0	26.2	26.4	87.0	87.0	171.0	322.0	5.6	5.6
2025/07/16 10:19:03	1014.6	1.0	26.2	26.4	87.0	87.0	176.0	327.0	5.7	5.7
2025/07/16 10:19:04	1014.6	1.0	26.2	26.4	87.0	87.0	177.0	328.0	5.5	5.5
2025/07/16 10:19:05	1014.6	1.0	26.2	26.4	87.0	87.0	176.0	327.0	5.4	5.4
2025/07/16 10:19:06	1014.6	1.0	26.2	26.4	87.0	87.0	173.0	325.0	5.6	5.6
2025/07/16 10:19:07	1014.6	1.0	26.2	26.3	87.0	87.0	172.0	324.0	5.7	5.7
2025/07/16 10:19:08	1014.6	1.0	26.2	26.3	87.0	87.0	171.0	323.0	5.7	5.7
2025/07/16 10:19:09	1014.7	1.0	26.2	26.3	87.0	87.0	169.0	320.0	5.6	5.6
2025/07/16 10:19:10	1014.7	1.0	26.2	26.3	87.0	87.0	168.0	319.0	5.5	5.5
2025/07/16 10:19:11	1014.7	1.0	26.2	26.3	87.0	87.0	167.0	318.0	5.5	5.5
2025/07/16 10:19:12	1014.7	1.0	26.2	26.3	87.0	87.0	168.0	319.0	5.6	5.6
2025/07/16 10:19:13	1014.7	1.0	26.2	26.3	87.0	87.0	171.0	322.0	5.5	5.5
2025/07/16 10:19:14	1014.7	1.0	26.2	26.3	87.0	87.0	170.0	323.0	5.1	5.3
2025/07/16 10:19:15	#	#	#	#	#	#	#	#	#	#
2025/07/16 10:19:16	1014.7	1.0	26.2	26.3	87.0	87.0	166.0	319.0	4.9	5.2
2025/07/16 10:19:17	1014.7	1.0	26.2	26.3	87.0	87.0	166.0	319.0	5.2	5.4
2025/07/16 10:19:18	1014.7	1.0	26.2	26.3	87.0	87.0	165.0	316.0	6.0	6.0
2025/07/16 10:19:19	1014.7	1.0	26.2	26.3	87.0	87.0	165.0	316.0	5.8	5.8
2025/07/16 10:19:20	#	#	#	#	#	#	#	#	#	#
2025/07/16 10:19:21	1014.7	1.0	26.2	26.3	87.0	87.0	163.0	315.0	5.2	5.4
2025/07/16 10:19:22	1014.7	1.0	26.2	26.3	87.0	87.0	163.0	316.0	4.8	5.0
2025/07/16 10:19:23	1014.7	1.0	26.2	26.3	87.0	87.0	168.0	319.0	5.4	5.4
2025/07/16 10:19:24	#	#	#	#	#	#	#	#	#	#
2025/07/16 10:19:25	1014.7	1.0	26.1	26.3	87.0	87.0	169.0	320.0	5.6	5.6
2025/07/16 10:19:26	1014.7	1.0	26.1	26.3	87.0	87.0	165.0	318.0	5.3	5.5
2025/07/16 10:19:27	1014.7	1.0	26.1	26.3	87.0	87.0	162.0	315.0	4.9	5.1
2025/07/16 10:19:28	1014.7	1.0	26.1	26.3	87.0	87.0	161.0	315.0	4.9	5.1
2025/07/16 10:19:29	1014.7	1.0	26.1	26.3	87.0	87.0	163.0	314.0	5.3	5.3
2025/07/16 10:19:30	1014.7	1.0	26.1	26.3	87.0	87.0	164.0	315.0	5.7	5.7
2025/07/16 10:19:31	1014.7	1.0	26.1	26.3	87.0	87.0	161.0	313.0	5.7	5.7
2025/07/16 10:19:32	1014.7	1.0	26.1	26.3	87.0	87.0	160.0	313.0	5.4	5.6
2025/07/16 10:19:33	1014.7	1.0	26.1	26.3	87.0	87.0	166.0	320.0	5.3	5.5
2025/07/16 10:19:34	1014.7	1.0	26.1	26.3	87.0	87.0	168.0	320.0	5.6	5.6
2025/07/16 10:19:35	1014.7	1.0	26.1	26.3	87.0	87.0	167.0	319.0	5.7	5.7
2025/07/16 10:19:36	1014.7	1.0	26.1	26.3	87.0	87.0	164.0	316.0	5.7	5.7
2025/07/16 10:19:37	1014.7	1.0	26.1	26.3	87.0	87.0	161.0	313.0	5.7	5.7
2025/07/16 10:19:38	1014.7	1.0	26.1	26.3	87.0	87.0	160.0	311.0	5.7	5.7
2025/07/16 10:19:39	1014.7	1.0	26.1	26.3	87.0	87.0	161.0	313.0	5.9	5.9
2025/07/16 10:19:40	1014.7	1.0	26.1	26.3	87.0	87.0	162.0	316.0	5.8	6.0
2025/07/16 10:19:41	1014.7	1.0	26.1	26.3	87.0	87.0	165.0	317.0	6.2	6.2
2025/07/16 10:19:42	1014.7	1.0	26.1	26.3	87.0	87.0	166.0	317.0	6.6	6.6
2025/07/16 10:19:43	1014.7	1.0	26.1	26.3	87.0	87.0	165.0	317.0	6.7	6.7
2025/07/16 10:19:44	1014.7	1.0	26.1	26.3	87.0	87.0	163.0	315.0	6.7	6.7
2025/07/16 10:19:45	1014.7	1.0	26.1	26.3	87.0	87.0	163.0	315.0	6.4	6.4
2025/07/16 10:19:46	1014.7	1.0	26.1	26.3	87.0	87.0	163.0	314.0	6.5	6.5
2025/07/16 10:19:47	1014.7	1.0	26.1	26.3	87.0	87.0	160.0	312.0	6.5	6.5
2025/07/16 10:19:48	1014.7	1.0	26.1	26.3	87.0	87.0	160.0	312.0	6.4	6.4
2025/07/16 10:19:49	1014.7	1.0	26.1	26.3	87.0	87.0	160.0	313.0	6.0	6.2
2025/07/16 10:19:50	1014.7	1.0	26.1	26.3	87.0	87.0	164.0	315.0	6.0	6.0
2025/07/16 10:19:51	1014.7	1.0	26.1	26.3	87.0	87.0	166.0	318.0	6.3	6.3
2025/07/16 10:19:52	1014.7	1.0	26.1	26.3	87.0	87.0	173.0	324.0	6.0	6.0
2025/07/16 10:19:53	1014.7	1.0	26.1	26.3	87.0	87.0	170.0	322.0	6.4	6.4
2025/07/16 10:19:54	1014.7	1.0	26.1	26.3	87.0	87.0	172.0	324.0	6.4	6.4
2025/07/16 10:19:55	1014.7	1.0	26.1	26.3	87.0	87.0	173.0	325.0	6.4	6.4
2025/07/16 10:19:56	1014.7	1.0	26.1	26.3	87.0	87.0	179.0	330.0	6.1	6.1
2025/07/16 10:19:57	1014.7	1.0	26.1	26.3	87.0	87.0	181.0	332.0	6.3	6.3
2025/07/16 10:19:58	1014.7	1.0	26.2	26.3	87.0	87.0	181.0	333.0	6.0	6.0
2025/07/16 10:19:59	1014.7	1.0	26.2	26.3	87.0	87.0	176.0	327.0	5.9	5.9
2025/07/16 10:20:00	1014.7	1.0	26.2	26.3	87.0	87.0	173.0	324.0	5.9	5.9
2025/07/16 10:20:01	1014.7	1.0	26.2	26.3	87.0	87.0	169.0	321.0	5.4	5.4
2025/07/16 10:20:02	1014.7	1.0	26.2	26.3	87.0	87.0	170.0	322.0	5.1	5.1
2025/07/16 10:20:03	1014.7	1.0	26.2	26.3	87.0	87.0	179.0	331.0	5.2	5.2
2025/07/16 10:20:04	#	#	#	#	#	#	#	#	#	#
2025/07/16 10:20:05	1014.7	1.0	26.2	26.3	87.0	87.0	186.0	337.0	5.4	5.4
2025/07/16 10:20:06	1014.7	1.0	26.2	26.3	87.0	87.0	182.0	333.0	5.0	5.0
2025/07/16 10:20:07	1014.7	1.0	26.2	26.3	87.0	87.0	176.0	328.0	4.8	4.8
2025/07/16 10:20:08	1014.7	1.0	26.2	26.3	87.0	87.0	171.0	323.0	4.9	4.9
2025/07/16 10:20:09	1014.7	1.0	26.2	26.3	87.0	87.0	174.0	326.0	5.4	5.4
2025/07/16 10:20:10	1014.7	1.0	26.2	26.3	87.0	87.0	172.0	324.0	6.0	6.0
2025/07/16 10:20:11	1014.7	1.0	26.2	26.3	87.0	87.0	165.0	317.0	5.7	5.7
2025/07/16 10:20:12	1014.6	1.0	26.2	26.3	87.0	87.0	165.0	317.0	5.2	5.2
2025/07/16 10:20:13	1014.6	1.0	26.2	26.3	87.0	87.0	169.0	320.0	4.8	4.8
2025/07/16 10:20:14	1014.6	1.0	26.2	26.3	87.0	87.0	175.0	326.0	4.5	4.5
2025/07/16 10:20:15	1014.6	1.0	26.2	26.3	87.0	87.0	176.0	328.0	4.6	4.6
2025/07/16 10:20:16	1014.6	1.0	26.3	26.3	87.0	87.0	170.0	322.0	5.0	5.0
2025/07/16 10:20:17	#	#	#	#	#	#	#	#	#	#
2025/07/16 10:20:18	1014.6	1.0	26.3	26.3	87.0	87.0	170.0	322.0	5.3	5.3
2025/07/16 10:20:19	1014.6	1.0	26.3	26.3	87.0	87.0	169.0	321.0	6.0	6.0
2025/07/16 10:20:20	#	#	#	#	#	#	#	#	#	#
2025/07/16 10:20:21	1014.7	1.0	26.3	26.3	87.0	87.0	168.0	319.0	6.5	6.5
2025/07/16 10:20:22	1014.7	1.0	26.3	26.3	87.0	87.0	174.0	326.0	6.1	6.1
2025/07/16 10:20:23	1014.7	1.0	26.3	26.3	87.0	87.0	177.0	328.0	5.3	5.3
2025/07/16 10:20:24	#	#	#	#	#	#	#	#	#	#
2025/07/16 10:20:25	1014.7	1.0	26.3	26.4	87.0	87.0	186.0	338.0	5.3	5.3
2025/07/16 10:20:26	#	#	#	#	#	#	#	#	#	#
2025/07/16 10:20:27	1014.7	1.0	26.4	26.4	87.0	87.0	187.0	338.0	5.7	5.7
2025/07/16 10:20:28	1014.7	1.0	26.4	26.4	87.0	87.0	184.0	336.0	5.6	5.6
2025/07/16 10:20:29	1014.7	1.0	26.4	26.4	87.0	88.0	182.0	334.0	5.2	5.2
2025/07/16 10:20:30	1014.7	1.0	26.4	26.4	87.0	88.0	179.0	330.0	5.3	5.3
2025/07/16 10:20:31	#	#	#	#	#	#	#	#	#	#
2025/07/16 10:20:32	1014.7	1.0	26.4	26.4	87.0	88.0	183.0	335.0	5.0	5.0
2025/07/16 10:20:33	1014.7	1.0	26.4	26.4	87.0	88.0	184.0	336.0	5.0	5.0
2025/07/16 10:20:34	1014.7	1.0	26.4	26.4	87.0	87.0	182.0	334.0	5.7	5.7
2025/07/16 10:20:35	1014.7	1.0	26.4	26.4	87.0	87.0	181.0	333.0	5.9	5.9
2025/07/16 10:20:36	1014.7	1.0	26.4	26.4	87.0	87.0	180.0	332.0	5.5	5.5
2025/07/16 10:20:37	#	#	#	#	#	#	#	#	#	#
2025/07/16 10:20:38	1014.7	1.0	26.3	26.4	87.0	87.0	178.0	331.0	5.1	5.3
2025/07/16 10:20:39	1014.7	1.0	26.3	26.4	87.0	87.0	179.0	331.0	5.0	5.0
2025/07/16 10:20:40	1014.7	1.0	26.3	26.4	87.0	87.0	181.0	333.0	4.8	4.8
2025/07/16 10:20:41	#	#	#	#	#	#	#	#	#	#
2025/07/16 10:20:42	1014.7	1.0	26.3	26.4	87.0	87.0	184.0	336.0	5.0	5.0
2025/07/16 10:20:43	1014.7	1.0	26.3	26.4	87.0	87.0	186.0	338.0	5.1	5.1
2025/07/16 10:20:44	1014.7	1.0	26.3	26.4	87.0	87.0	186.0	338.0	5.5	5.5
2025/07/16 10:20:45	1014.7	1.0	26.3	26.4	87.0	87.0	186.0	337.0	5.3	5.3
2025/07/16 10:20:46	1014.7	1.0	26.3	26.4	87.0	87.0	180.0	333.0	5.6	5.6
2025/07/16 10:20:47	#	#	#	#	#	#	#	#	#	#
2025/07/16 10:20:48	1014.7	1.0	26.2	26.4	87.0	87.0	182.0	334.0	5.6	5.6
2025/07/16 10:20:49	1014.7	1.0	26.2	26.4	87.0	87.0	181.0	334.0	5.6	5.8
2025/07/16 10:20:50	1014.7	1.0	26.2	26.4	87.0	87.0	181.0	333.0	6.1	6.1
2025/07/16 10:20:51	1014.7	1.0	26.2	26.4	87.0	87.0	184.0	336.0	6.4	6.4
2025/07/16 10:20:52	1014.7	1.0	26.2	26.4	87.0	87.0	186.0	338.0	6.3	6.3
2025/07/16 10:20:53	1014.7	1.0	26.2	26.4	87.0	87.0	185.0	337.0	6.0	6.0
2025/07/16 10:20:54	1014.7	1.0	26.2	26.4	87.0	87.0	184.0	336.0	5.8	5.8
2025/07/16 10:20:55	1014.7	1.0	26.2	26.4	87.0	87.0	186.0	338.0	6.0	6.0
2025/07/16 10:20:56	1014.7	1.0	26.3	26.4	87.0	87.0	187.0	339.0	6.2	6.2
2025/07/16 10:20:57	1014.7	1.0	26.3	26.4	87.0	87.0	187.0	339.0	5.9	5.9
2025/07/16 10:20:58	1014.7	1.0	26.3	26.4	87.0	87.0	187.0	339.0	5.8	6.0
2025/07/16 10:20:59	1014.7	1.0	26.3	26.4	87.0	87.0	184.0	337.0	6.2	6.5
2025/07/16 10:21:00	1014.7	1.0	26.3	26.4	87.0	87.0	180.0	332.0	6.5	6.5
2025/07/16 10:21:01	#	#	#	#	#	#	#	#	#	#
2025/07/16 10:21:02	1014.7	1.0	26.3	26.4	87.0	87.0	166.0	320.0	6.1	6.3
2025/07/16 10:21:03	1014.7	1.0	26.3	26.4	87.0	87.0	172.0	323.0	6.1	6.1
2025/07/16 10:21:04	1014.7	1.0	26.3	26.4	87.0	87.0	175.0	327.0	5.9	5.9
2025/07/16 10:21:05	1014.7	1.0	26.3	26.4	87.0	87.0	180.0	332.0	5.9	5.9
2025/07/16 10:21:06	#	#	#	#	#	#	#	#	#	#
2025/07/16 10:21:07	1014.7	1.0	26.3	26.4	87.0	87.0	181.0	333.0	6.0	6.0
2025/07/16 10:21:08	1014.7	1.0	26.3	26.4	87.0	87.0	177.0	328.0	5.8	5.8
2025/07/16 10:21:09	1014.7	1.0	26.3	26.4	87.0	87.0	173.0	324.0	6.0	6.0
2025/07/16 10:21:10	#	#	#	#	#	#	#	#	#	#
2025/07/16 10:21:11	1014.7	1.0	26.3	26.4	87.0	87.0	173.0	324.0	6.6	6.6
2025/07/16 10:21:12	1014.7	1.0	26.3	26.4	87.0	87.0	174.0	326.0	6.8	6.8
2025/07/16 10:21:13	1014.7	1.0	26.3	26.4	87.0	87.0	169.0	320.0	6.6	6.6
2025/07/16 10:21:14	1014.7	1.0	26.3	26.4	87.0	87.0	156.0	308.0	6.7	6.7
2025/07/16 10:21:15	1014.7	1.0	26.3	26.4	87.0	87.0	158.0	311.0	6.8	6.8
2025/07/16 10:21:16	#	#	#	#	#	#	#	#	#	#
2025/07/16 10:21:17	1014.7	1.0	26.3	26.4	87.0	87.0	160.0	312.0	6.5	6.5
2025/07/16 10:21:18	1014.7	1.0	26.3	26.4	87.0	87.0	168.0	320.0	6.3	6.3
2025/07/16 10:21:19	1014.7	1.0	26.3	26.4	87.0	87.0	168.0	320.0	5.8	5.8
2025/07/16 10:21:20	1014.7	1.0	26.3	26.4	87.0	87.0	170.0	322.0	5.7	5.7
2025/07/16 10:21:21	1014.7	1.0	26.3	26.4	87.0	87.0	175.0	328.0	5.5	5.5
2025/07/16 10:21:22	1014.7	1.0	26.3	26.4	87.0	87.0	173.0	326.0	5.9	5.9
2025/07/16 10:21:23	1014.7	1.0	26.3	26.4	87.0	87.0	177.0	330.0	6.0	6.0
2025/07/16 10:21:24	1014.6	1.0	26.3	26.4	87.0	87.0	180.0	333.0	6.2	6.2
2025/07/16 10:21:25	1014.6	1.0	26.3	26.4	87.0	87.0	180.0	332.0	6.4	6.4
2025/07/16 10:21:26	1014.6	1.0	26.3	26.4	87.0	87.0	178.0	331.0	6.1	6.1
2025/07/16 10:21:27	1014.6	1.0	26.3	26.4	87.0	87.0	176.0	329.0	5.7	5.7
2025/07/16 10:21:28	1014.6	1.0	26.4	26.4	87.0	87.0	176.0	329.0	5.4	5.4
2025/07/16 10:21:29	1014.6	1.0	26.4	26.4	87.0	87.0	174.0	327.0	5.7	5.7
2025/07/16 10:21:30	1014.6	1.0	26.3	26.4	87.0	87.0	174.0	327.0	5.5	5.5
2025/07/16 10:21:31	1014.6	1.0	26.3	26.4	87.0	88.0	177.0	330.0	5.2	5.2
2025/07/16 10:21:32	1014.6	1.0	26.3	26.4	87.0	88.0	183.0	337.0	5.0	5.0
2025/07/16 10:21:33	1014.6	1.0	26.3	26.4	87.0	88.0	186.0	339.0	5.0	5.0
2025/07/16 10:21:34	1014.6	1.0	26.3	26.4	87.0	88.0	180.0	333.0	4.9	4.9
2025/07/16 10:21:35	1014.6	1.0	26.4	26.4	87.0	88.0	179.0	333.0	4.8	4.8
2025/07/16 10:21:36	1014.6	1.0	26.4	26.4	87.0	88.0	179.0	332.0	4.9	4.9
2025/07/16 10:21:37	1014.6	1.0	26.4	26.4	87.0	88.0	180.0	333.0	4.6	4.6
2025/07/16 10:21:38	1014.6	1.0	26.4	26.4	87.0	88.0	179.0	332.0	4.9	4.9
2025/07/16 10:21:39	1014.6	1.0	26.4	26.4	87.0	88.0	176.0	329.0	4.7	4.7
2025/07/16 10:21:40	1014.6	1.0	26.3	26.4	87.0	88.0	179.0	332.0	4.7	4.7
2025/07/16 10:21:41	1014.6	1.0	26.3	26.4	87.0	88.0	178.0	331.0	4.7	4.7
2025/07/16 10:21:42	1014.6	1.0	26.3	26.4	87.0	88.0	173.0	326.0	4.8	4.8
2025/07/16 10:21:43	1014.6	1.0	26.3	26.4	87.0	88.0	174.0	327.0	5.4	5.4
2025/07/16 10:21:44	1014.6	1.0	26.3	26.4	87.0	88.0	177.0	330.0	5.0	5.0
2025/07/16 10:21:45	1014.6	1.0	26.3	26.4	87.0	88.0	181.0	334.0	4.9	4.9
2025/07/16 10:21:46	1014.6	1.0	26.3	26.4	87.0	88.0	184.0	337.0	4.7	4.7
2025/07/16 10:21:47	1014.6	1.0	26.3	26.4	87.0	88.0	180.0	333.0	4.7	4.7
2025/07/16 10:21:48	1014.6	1.0	26.3	26.4	87.0	88.0	183.0	337.0	4.3	4.3
2025/07/16 10:21:49	1014.6	1.0	26.3	26.4	87.0	88.0	183.0	337.0	4.4	4.4
2025/07/16 10:21:50	1014.6	1.0	26.3	26.4	87.0	87.0	181.0	335.0	4.6	4.6
2025/07/16 10:21:51	1014.6	1.0	26.3	26.4	87.0	87.0	180.0	333.0	4.9	4.9
2025/07/16 10:21:52	1014.6	1.0	26.3	26.4	87.0	87.0	180.0	333.0	5.1	5.1
2025/07/16 10:21:53	1014.6	1.0	26.3	26.4	87.0	87.0	178.0	331.0	5.3	5.3
2025/07/16 10:21:54	1014.6	1.0	26.3	26.4	87.0	87.0	176.0	330.0	5.2	5.2
2025/07/16 10:21:55	1014.6	1.0	26.3	26.4	87.0	87.0	177.0	331.0	4.8	4.8
2025/07/16 10:21:56	1014.6	1.0	26.3	26.4	87.0	87.0	177.0	330.0	4.6	4.6
2025/07/16 10:21:57	1014.6	1.0	26.3	26.4	87.0	87.0	178.0	332.0	4.5	4.5
2025/07/16 10:21:58	1014.6	1.0	26.3	26.4	87.0	87.0	181.0	336.0	4.5	4.7
2025/07/16 10:21:59	1014.6	1.0	26.2	26.4	87.0	87.0	180.0	335.0	4.9	5.1
2025/07/16 10:22:00	1014.6	1.0	26.2	26.3	87.0	87.0	181.0	335.0	5.2	5.2
2025/07/16 10:22:01	1014.6	1.0	26.2	26.3	87.0	87.0	183.0	337.0	5.1	5.1
2025/07/16 10:22:02	1014.6	1.0	26.2	26.3	87.0	87.0	181.0	336.0	4.4	4.7
2025/07/16 10:22:03	1014.6	1.0	26.2	26.3	87.0	87.0	180.0	336.0	4.0	4.3
2025/07/16 10:22:04	1014.6	1.0	26.2	26.3	87.0	87.0	183.0	337.0	4.0	4.0
2025/07/16 10:22:05	1014.6	1.0	26.2	26.3	87.0	87.0	180.0	334.0	4.1	4.1
2025/07/16 10:22:06	1014.6	1.0	26.2	26.3	87.0	87.0	175.0	331.0	4.4	4.7
2025/07/16 10:22:07	1014.6	1.0	26.2	26.3	87.0	87.0	172.0	328.0	4.9	5.2
2025/07/16 10:22:08	1014.6	1.0	26.2	26.3	87.0	87.0	174.0	328.0	5.3	5.3
2025/07/16 10:22:09	1014.6	1.0	26.2	26.3	87.0	87.0	172.0	326.0	4.9	4.9
2025/07/16 10:22:10	1014.6	1.0	26.2	26.3	87.0	87.0	175.0	329.0	4.6	4.6
2025/07/16 10:22:11	#	#	#	#	#	#	#	#	#	#
2025/07/16 10:22:12	1014.6	1.0	26.2	26.3	87.0	87.0	184.0	338.0	4.2	4.2
2025/07/16 10:22:13	1014.6	1.0	26.2	26.3	87.0	87.0	183.0	337.0	4.5	4.5
2025/07/16 10:22:14	1014.6	1.0	26.2	26.3	87.0	87.0	185.0	339.0	4.6	4.6
2025/07/16 10:22:15	1014.6	1.0	26.2	26.3	87.0	87.0	186.0	341.0	4.6	4.6
2025/07/16 10:22:16	1014.6	1.0	26.2	26.3	87.0	87.0	184.0	338.0	4.5	4.5
2025/07/16 10:22:17	1014.6	1.0	26.2	26.3	87.0	87.0	182.0	336.0	4.3	4.3
2025/07/16 10:22:18	1014.6	1.0	26.2	26.3	87.0	87.0	180.0	333.0	4.7	4.7
2025/07/16 10:22:19	1014.6	1.0	26.2	26.3	87.0	87.0	175.0	329.0	4.9	4.9
2025/07/16 10:22:20	#	#	#	#	#	#	#	#	#	#
2025/07/16 10:22:21	1014.6	1.0	26.2	26.3	87.0	87.0	174.0	327.0	4.6	4.6
2025/07/16 10:22:22	1014.6	1.0	26.2	26.3	87.0	87.0	172.0	325.0	4.5	4.5
2025/07/16 10:22:23	1014.6	1.0	26.2	26.3	87.0	87.0	169.0	322.0	4.6	4.6
2025/07/16 10:22:24	1014.6	1.0	26.2	26.3	87.0	87.0	172.0	325.0	4.6	4.6
2025/07/16 10:22:25	1014.6	1.0	26.2	26.3	87.0	87.0	175.0	328.0	5.0	5.0
2025/07/16 10:22:26	1014.6	1.0	26.2	26.3	87.0	87.0	172.0	325.0	5.0	5.0
2025/07/16 10:22:27	1014.7	1.0	26.2	26.3	87.0	87.0	167.0	320.0	5.2	5.2
2025/07/16 10:22:28	1014.7	1.0	26.2	26.3	87.0	87.0	164.0	317.0	5.2	5.2
2025/07/16 10:22:29	1014.7	1.0	26.2	26.3	87.0	87.0	168.0	320.0	5.0	5.0
2025/07/16 10:22:30	1014.7	1.0	26.2	26.3	87.0	87.0	169.0	321.0	5.4	5.4
2025/07/16 10:22:31	1014.7	1.0	26.2	26.3	87.0	87.0	173.0	326.0	5.6	5.6
2025/07/16 10:22:32	1014.7	1.0	26.2	26.3	87.0	87.0	174.0	326.0	5.7	5.7
2025/07/16 10:22:33	1014.7	1.0	26.2	26.3	87.0	87.0	172.0	325.0	5.8	5.8
2025/07/16 10:22:34	1014.7	1.0	26.2	26.3	87.0	87.0	168.0	321.0	5.5	5.5
2025/07/16 10:22:35	1014.7	1.0	26.2	26.3	87.0	87.0	168.0	321.0	5.6	5.6
2025/07/16 10:22:36	1014.7	1.0	26.3	26.3	87.0	87.0	170.0	322.0	5.6	5.6
2025/07/16 10:22:37	1014.7	1.0	26.3	26.4	87.0	88.0	174.0	327.0	5.9	5.9
2025/07/16 10:22:38	1014.7	1.0	26.3	26.4	87.0	88.0	176.0	329.0	5.7	5.7
2025/07/16 10:22:39	1014.7	1.0	26.3	26.4	87.0	88.0	174.0	327.0	5.4	5.4
2025/07/16 10:22:40	1014.7	1.0	26.3	26.4	87.0	88.0	173.0	326.0	4.9	4.9
2025/07/16 10:22:41	1014.7	1.0	26.3	26.4	87.0	88.0	170.0	323.0	4.8	4.8
2025/07/16 10:22:42	1014.7	1.0	26.3	26.4	87.0	88.0	171.0	324.0	5.6	5.6
2025/07/16 10:22:43	1014.7	1.0	26.3	26.4	88.0	88.0	172.0	325.0	6.2	6.2
2025/07/16 10:22:44	1014.7	1.0	26.3	26.4	88.0	88.0	173.0	326.0	6.3	6.3
2025/07/16 10:22:45	1014.7	1.0	26.3	26.4	88.0	88.0	165.0	318.0	6.1	6.1
2025/07/16 10:22:46	1014.7	1.0	26.3	26.4	87.0	88.0	158.0	311.0	5.8	5.8
2025/07/16 10:22:47	1014.7	1.0	26.3	26.4	87.0	88.0	162.0	315.0	5.8	5.8
2025/07/16 10:22:48	1014.7	1.0	26.3	26.4	87.0	88.0	163.0	317.0	6.0	6.0
2025/07/16 10:22:49	1014.7	1.0	26.3	26.4	88.0	88.0	168.0	322.0	5.9	5.9
2025/07/16 10:22:50	1014.7	1.0	26.3	26.4	88.0	88.0	166.0	320.0	5.7	5.7
2025/07/16 10:22:51	1014.7	1.0	26.4	26.4	88.0	88.0	164.0	318.0	5.7	5.7
2025/07/16 10:22:52	1014.7	1.0	26.4	26.4	88.0	88.0	165.0	319.0	5.8	5.8
2025/07/16 10:22:53	1014.7	1.0	26.4	26.4	88.0	88.0	166.0	320.0	5.8	5.8
2025/07/16 10:22:54	1014.7	1.0	26.4	26.4	88.0	88.0	167.0	321.0	6.1	6.1
2025/07/16 10:22:55	1014.7	1.0	26.4	26.4	88.0	88.0	168.0	322.0	6.8	6.8
2025/07/16 10:22:56	1014.7	1.0	26.4	26.4	88.0	88.0	164.0	318.0	6.9	6.9
2025/07/16 10:22:57	1014.7	1.0	26.4	26.4	88.0	88.0	169.0	322.0	6.7	6.7
2025/07/16 10:22:58	1014.7	1.0	26.4	26.4	88.0	88.0	162.0	318.0	6.1	6.3
2025/07/16 10:22:59	1014.7	1.0	26.4	26.4	88.0	88.0	161.0	317.0	5.8	6.0
2025/07/16 10:23:00	1014.7	1.0	26.4	26.4	88.0	88.0	167.0	321.0	5.5	5.5
2025/07/16 10:23:01	1014.7	1.0	26.4	26.4	88.0	88.0	167.0	321.0	5.8	5.8
2025/07/16 10:23:02	1014.7	1.0	26.3	26.4	88.0	88.0	166.0	320.0	6.8	6.8
2025/07/16 10:23:03	1014.6	1.0	26.3	26.4	88.0	88.0	166.0	320.0	6.9	6.9
2025/07/16 10:23:04	1014.6	1.0	26.3	26.4	88.0	88.0	165.0	319.0	6.5	6.5
2025/07/16 10:23:05	1014.6	1.0	26.3	26.4	88.0	88.0	159.0	315.0	6.2	6.4
2025/07/16 10:23:06	1014.6	1.0	26.3	26.4	88.0	88.0	161.0	315.0	6.4	6.4
2025/07/16 10:23:07	1014.6	1.0	26.3	26.4	88.0	88.0	165.0	319.0	6.2	6.2
2025/07/16 10:23:08	1014.6	1.0	26.3	26.4	88.0	88.0	167.0	323.0	5.8	6.1
2025/07/16 10:23:09	1014.6	1.0	26.3	26.4	88.0	88.0	169.0	324.0	5.9	6.2
2025/07/16 10:23:10	1014.6	1.0	26.3	26.4	88.0	88.0	168.0	322.0	6.2	6.4
2025/07/16 10:23:11	1014.6	1.0	26.3	26.4	88.0	88.0	162.0	316.0	6.9	6.9
2025/07/16 10:23:12	1014.6	1.0	26.3	26.4	88.0	88.0	162.0	316.0	7.0	7.0
2025/07/16 10:23:13	1014.6	1.0	26.3	26.3	88.0	88.0	162.0	316.0	7.0	7.0
2025/07/16 10:23:14	1014.6	1.0	26.2	26.3	88.0	88.0	165.0	318.0	7.0	7.0
2025/07/16 10:23:15	1014.6	1.0	26.2	26.3	88.0	88.0	167.0	319.0	7.0	7.0
2025/07/16 10:23:16	#	#	#	#	#	#	#	#	#	#
2025/07/16 10:23:17	1014.6	1.0	26.2	26.3	88.0	88.0	166.0	319.0	6.7	6.7
2025/07/16 10:23:18	1014.6	1.0	26.2	26.3	88.0	88.0	167.0	321.0	5.9	5.9
2025/07/16 10:23:19	1014.6	1.0	26.2	26.3	88.0	88.0	171.0	326.0	5.3	5.6
2025/07/16 10:23:20	1014.6	1.0	26.2	26.3	88.0	88.0	170.0	325.0	5.9	6.1
2025/07/16 10:23:21	#	#	#	#	#	#	#	#	#	#
2025/07/16 10:23:22	1014.6	1.0	26.2	26.3	88.0	88.0	168.0	320.0	6.6	6.6
2025/07/16 10:23:23	1014.6	1.0	26.2	26.3	88.0	88.0	165.0	318.0	7.0	7.0
2025/07/16 10:23:24	#	#	#	#	#	#	#	#	#	#
2025/07/16 10:23:25	1014.6	1.0	26.2	26.3	88.0	87.0	159.0	312.0	7.1	7.1
2025/07/16 10:23:26	1014.6	1.0	26.2	26.3	88.0	88.0	165.0	317.0	6.9	6.9
2025/07/16 10:23:27	1014.6	1.0	26.2	26.3	88.0	88.0	166.0	320.0	6.6	6.8
2025/07/16 10:23:28	#	#	#	#	#	#	#	#	#	#
2025/07/16 10:23:29	1014.6	1.0	26.2	26.3	88.0	88.0	165.0	319.0	6.5	6.7
2025/07/16 10:23:30	1014.6	1.0	26.2	26.3	88.0	88.0	166.0	319.0	6.1	6.1
2025/07/16 10:23:31	1014.6	1.0	26.2	26.3	88.0	88.0	166.0	318.0	5.9	5.9
2025/07/16 10:23:32	1014.6	1.0	26.2	26.3	88.0	88.0	167.0	319.0	6.3	6.3
2025/07/16 10:23:33	1014.6	1.0	26.2	26.3	88.0	88.0	166.0	319.0	6.6	6.6
2025/07/16 10:23:34	1014.6	1.0	26.2	26.3	88.0	88.0	166.0	319.0	6.9	6.9
2025/07/16 10:23:35	1014.6	1.0	26.2	26.3	88.0	88.0	167.0	319.0	6.6	6.6
2025/07/16 10:23:36	1014.6	1.0	26.2	26.3	88.0	88.0	166.0	319.0	6.6	6.6
2025/07/16 10:23:37	1014.6	1.0	26.2	26.3	88.0	88.0	167.0	319.0	6.8	6.8
2025/07/16 10:23:38	1014.6	1.0	26.2	26.3	88.0	88.0	168.0	320.0	7.1	7.1
2025/07/16 10:23:39	1014.7	1.0	26.2	26.3	88.0	88.0	169.0	321.0	7.4	7.4
2025/07/16 10:23:40	1014.7	1.0	26.2	26.2	88.0	88.0	168.0	320.0	7.3	7.3
2025/07/16 10:23:41	1014.7	1.0	26.1	26.2	88.0	88.0	165.0	317.0	7.2	7.2
2025/07/16 10:23:42	1014.7	1.0	26.1	26.2	88.0	88.0	163.0	315.0	6.8	6.8
2025/07/16 10:23:43	1014.7	1.0	26.1	26.2	88.0	88.0	166.0	319.0	6.8	6.8
2025/07/16 10:23:44	1014.7	1.0	26.1	26.2	88.0	88.0	168.0	320.0	7.0	7.0
2025/07/16 10:23:45	1014.7	1.0	26.1	26.2	88.0	88.0	168.0	319.0	7.0	7.0
2025/07/16 10:23:46	1014.7	1.0	26.1	26.2	88.0	88.0	169.0	320.0	6.4	6.4
2025/07/16 10:23:47	1014.7	1.0	26.1	26.2	88.0	88.0	167.0	319.0	6.2	6.2
2025/07/16 10:23:48	1014.6	1.0	26.1	26.2	88.0	87.0	167.0	319.0	6.4	6.4
2025/07/16 10:23:49	1014.6	1.0	26.1	26.2	88.0	87.0	167.0	321.0	6.6	6.8
2025/07/16 10:23:50	1014.6	1.0	26.1	26.2	88.0	87.0	168.0	320.0	6.8	6.8
2025/07/16 10:23:51	1014.6	1.0	26.1	26.2	88.0	87.0	166.0	317.0	6.3	6.3
2025/07/16 10:23:52	1014.6	1.0	26.1	26.2	88.0	87.0	162.0	314.0	5.7	5.7
2025/07/16 10:23:53	1014.6	1.0	26.1	26.2	88.0	87.0	164.0	316.0	5.8	5.8
2025/07/16 10:23:54	1014.6	1.0	26.1	26.2	88.0	87.0	165.0	317.0	6.3	6.3
2025/07/16 10:23:55	1014.6	1.0	26.1	26.2	88.0	87.0	164.0	318.0	6.7	6.9
2025/07/16 10:23:56	1014.6	1.0	26.1	26.2	88.0	87.0	165.0	318.0	6.9	7.2
2025/07/16 10:23:57	1014.6	1.0	26.1	26.2	88.0	87.0	165.0	318.0	6.7	7.0
2025/07/16 10:23:58	1014.6	1.0	26.1	26.2	88.0	87.0	165.0	318.0	6.6	6.8
2025/07/16 10:23:59	1014.6	1.0	26.1	26.2	88.0	87.0	164.0	315.0	6.5	6.5
2025/07/16 10:24:00	1014.6	1.0	26.1	26.2	88.0	87.0	161.0	313.0	6.4	6.4
2025/07/16 10:24:01	1014.6	1.0	26.1	26.2	88.0	87.0	160.0	312.0	6.6	6.6
2025/07/16 10:24:02	1014.6	1.0	26.1	26.2	88.0	87.0	165.0	316.0	6.9	6.9
2025/07/16 10:24:03	1014.6	1.0	26.1	26.2	88.0	87.0	168.0	319.0	7.1	7.1
2025/07/16 10:24:04	1014.6	1.0	26.1	26.2	88.0	87.0	168.0	319.0	7.2	7.2
2025/07/16 10:24:05	1014.6	1.0	26.1	26.2	88.0	87.0	166.0	317.0	7.3	7.3
2025/07/16 10:24:06	1014.6	1.0	26.1	26.2	88.0	87.0	163.0	315.0	7.0	7.0
2025/07/16 10:24:07	1014.6	1.0	26.1	26.2	88.0	87.0	161.0	313.0	6.6	6.6
2025/07/16 10:24:08	1014.6	1.0	26.1	26.2	88.0	87.0	161.0	313.0	6.4	6.4
2025/07/16 10:24:09	1014.6	1.0	26.1	26.2	88.0	88.0	167.0	317.0	6.6	6.6
2025/07/16 10:24:10	1014.6	1.0	26.1	26.2	88.0	88.0	169.0	321.0	6.9	7.1
2025/07/16 10:24:11	1014.6	1.0	26.1	26.2	88.0	88.0	168.0	320.0	6.9	7.1
2025/07/16 10:24:12	1014.6	1.0	26.1	26.2	88.0	87.0	164.0	314.0	6.8	6.8
2025/07/16 10:24:13	1014.6	1.0	26.1	26.2	88.0	87.0	160.0	310.0	6.6	6.6
2025/07/16 10:24:14	1014.6	1.0	26.1	26.2	88.0	87.0	164.0	315.0	6.8	6.8
2025/07/16 10:24:15	1014.6	1.0	26.1	26.2	88.0	87.0	165.0	316.0	7.1	7.1
2025/07/16 10:24:16	1014.6	1.0	26.1	26.1	88.0	87.0	165.0	316.0	6.9	6.9
2025/07/16 10:24:17	#	#	#	#	#	#	#	#	#	#
2025/07/16 10:24:18	1014.6	1.0	26.1	26.1	88.0	87.0	165.0	315.0	6.6	6.6
2025/07/16 10:24:19	1014.6	1.0	26.1	26.1	88.0	87.0	165.0	315.0	6.3	6.3
2025/07/16 10:24:20	1014.6	1.0	26.1	26.1	88.0	87.0	165.0	315.0	6.2	6.2
2025/07/16 10:24:21	1014.6	1.0	26.1	26.1	88.0	87.0	164.0	314.0	6.4	6.4
2025/07/16 10:24:22	1014.6	1.0	26.1	26.1	88.0	87.0	162.0	312.0	6.7	6.7
2025/07/16 10:24:23	1014.6	1.0	26.1	26.1	88.0	87.0	165.0	315.0	6.7	6.7
2025/07/16 10:24:24	1014.6	1.0	26.1	26.1	88.0	87.0	169.0	319.0	6.9	6.9
2025/07/16 10:24:25	1014.6	1.0	26.1	26.1	88.0	87.0	168.0	318.0	7.3	7.3
2025/07/16 10:24:26	1014.6	1.0	26.1	26.1	88.0	87.0	165.0	315.0	7.7	7.7
2025/07/16 10:24:27	1014.6	1.0	26.1	26.1	88.0	87.0	163.0	313.0	7.9	7.9
2025/07/16 10:24:28	1014.6	1.0	26.1	26.1	88.0	87.0	160.0	312.0	7.2	7.4
2025/07/16 10:24:29	1014.6	1.0	26.1	26.1	88.0	87.0	162.0	312.0	6.7	6.7
2025/07/16 10:24:30	1014.6	1.0	26.1	26.1	88.0	87.0	165.0	315.0	6.8	6.8
2025/07/16 10:24:31	1014.6	1.0	26.1	26.1	88.0	87.0	169.0	319.0	6.8	6.8
2025/07/16 10:24:32	1014.6	1.0	26.1	26.1	88.0	87.0	172.0	321.0	6.9	6.9
2025/07/16 10:24:33	1014.6	1.0	26.1	26.1	88.0	87.0	171.0	321.0	6.7	6.7
2025/07/16 10:24:34	1014.6	1.0	26.1	26.1	88.0	87.0	168.0	318.0	6.4	6.4
2025/07/16 10:24:35	1014.6	1.0	26.1	26.1	88.0	87.0	165.0	315.0	6.5	6.5
2025/07/16 10:24:36	1014.6	1.0	26.1	26.1	87.0	87.0	162.0	312.0	6.8	6.8
2025/07/16 10:24:37	1014.6	1.0	26.1	26.1	87.0	87.0	165.0	315.0	7.2	7.2
2025/07/16 10:24:38	1014.6	1.0	26.1	26.2	87.0	87.0	165.0	315.0	7.5	7.5
2025/07/16 10:24:39	1014.6	1.0	26.1	26.2	87.0	87.0	164.0	314.0	7.8	7.8
2025/07/16 10:24:40	1014.6	1.0	26.1	26.2	87.0	87.0	164.0	314.0	7.7	7.7
2025/07/16 10:24:41	1014.6	1.0	26.1	26.2	87.0	87.0	164.0	314.0	7.4	7.4
2025/07/16 10:24:42	1014.6	1.0	26.1	26.2	87.0	87.0	170.0	320.0	7.0	7.0
2025/07/16 10:24:43	1014.6	1.0	26.1	26.2	87.0	87.0	173.0	323.0	6.8	6.8
2025/07/16 10:24:44	1014.6	1.0	26.1	26.2	87.0	87.0	171.0	321.0	6.7	6.7
2025/07/16 10:24:45	1014.6	1.0	26.1	26.2	87.0	87.0	170.0	320.0	6.6	6.6
2025/07/16 10:24:46	1014.6	1.0	26.1	26.2	87.0	87.0	167.0	317.0	6.6	6.6
2025/07/16 10:24:47	1014.6	1.0	26.1	26.2	88.0	87.0	166.0	317.0	6.8	6.8
2025/07/16 10:24:48	1014.6	1.0	26.1	26.2	88.0	87.0	169.0	319.0	7.0	7.0
2025/07/16 10:24:49	1014.6	1.0	26.1	26.2	88.0	87.0	169.0	319.0	7.0	7.0
2025/07/16 10:24:50	1014.6	1.0	26.1	26.2	88.0	87.0	169.0	320.0	7.1	7.1
2025/07/16 10:24:51	1014.6	1.0	26.1	26.2	88.0	87.0	168.0	318.0	7.1	7.1
2025/07/16 10:24:52	1014.6	1.0	26.1	26.2	87.0	87.0	168.0	319.0	7.1	7.1
2025/07/16 10:24:53	1014.6	1.0	26.1	26.2	87.0	87.0	167.0	317.0	7.0	7.0
2025/07/16 10:24:54	1014.6	1.0	26.1	26.2	87.0	87.0	165.0	315.0	6.8	6.8
2025/07/16 10:24:55	1014.6	1.0	26.1	26.2	87.0	87.0	167.0	317.0	6.8	6.8
2025/07/16 10:24:56	1014.6	1.0	26.1	26.2	87.0	87.0	167.0	318.0	6.5	6.5
2025/07/16 10:24:57	1014.6	1.0	26.1	26.2	88.0	87.0	164.0	314.0	6.5	6.5
2025/07/16 10:24:58	1014.6	1.0	26.1	26.2	88.0	87.0	163.0	313.0	6.1	6.1
2025/07/16 10:24:59	1014.6	1.0	26.1	26.2	88.0	87.0	162.0	313.0	5.7	5.7
2025/07/16 10:25:00	1014.7	1.0	26.1	26.2	87.0	87.0	164.0	314.0	5.8	5.8
2025/07/16 10:25:01	1014.7	1.0	26.1	26.2	87.0	87.0	165.0	316.0	6.4	6.6
2025/07/16 10:25:02	1014.7	1.0	26.1	26.2	87.0	87.0	164.0	314.0	7.1	7.1
2025/07/16 10:25:03	1014.7	1.0	26.1	26.2	88.0	87.0	165.0	315.0	6.8	6.8
2025/07/16 10:25:04	#	#	#	#	#	#	#	#	#	#
2025/07/16 10:25:05	1014.7	1.0	26.1	26.2	88.0	87.0	154.0	306.0	6.7	6.9
2025/07/16 10:25:06	1014.7	1.0	26.1	26.2	88.0	87.0	155.0	308.0	6.5	6.7
2025/07/16 10:25:07	1014.7	1.0	26.1	26.2	88.0	87.0	161.0	311.0	6.8	6.8
2025/07/16 10:25:08	1014.7	1.0	26.1	26.2	87.0	87.0	163.0	313.0	7.2	7.2
2025/07/16 10:25:09	1014.6	1.0	26.1	26.2	87.0	87.0	163.0	313.0	7.3	7.3
2025/07/16 10:25:10	1014.6	1.0	26.1	26.2	87.0	87.0	163.0	313.0	6.9	6.9
2025/07/16 10:25:11	#	#	#	#	#	#	#	#	#	#
2025/07/16 10:25:12	1014.6	1.0	26.1	26.2	88.0	87.0	159.0	308.0	6.4	6.4
2025/07/16 10:25:13	1014.6	1.0	26.1	26.2	88.0	87.0	159.0	309.0	6.7	6.7
2025/07/16 10:25:14	1014.6	1.0	26.1	26.2	88.0	87.0	161.0	311.0	6.7	6.7
2025/07/16 10:25:15	1014.6	1.0	26.1	26.2	88.0	87.0	163.0	313.0	6.7	6.7
2025/07/16 10:25:16	1014.6	1.0	26.1	26.2	88.0	87.0	162.0	312.0	6.7	6.7
2025/07/16 10:25:17	1014.6	1.0	26.1	26.2	88.0	87.0	163.0	313.0	7.2	7.2
2025/07/16 10:25:18	1014.6	1.0	26.1	26.2	88.0	87.0	160.0	310.0	7.5	7.5
2025/07/16 10:25:19	1014.6	1.0	26.1	26.2	88.0	87.0	159.0	309.0	7.4	7.4
2025/07/16 10:25:20	1014.6	1.0	26.1	26.2	88.0	87.0	160.0	310.0	7.1	7.1
2025/07/16 10:25:21	1014.6	1.0	26.1	26.2	88.0	87.0	163.0	312.0	7.0	7.0
2025/07/16 10:25:22	1014.6	1.0	26.1	26.2	88.0	87.0	161.0	311.0	6.9	6.9
2025/07/16 10:25:23	1014.6	1.0	26.1	26.2	87.0	87.0	160.0	310.0	6.8	6.8
2025/07/16 10:25:24	1014.6	1.0	26.1	26.2	87.0	87.0	159.0	310.0	6.5	6.5
2025/07/16 10:25:25	1014.6	1.0	26.1	26.2	87.0	87.0	160.0	310.0	6.7	6.7
2025/07/16 10:25:26	1014.6	1.0	26.1	26.2	88.0	87.0	162.0	313.0	7.2	7.2
2025/07/16 10:25:27	#	#	#	#	#	#	#	#	#	#
2025/07/16 10:25:28	1014.6	1.0	26.1	26.2	88.0	88.0	161.0	311.0	7.5	7.5
2025/07/16 10:25:29	1014.6	1.0	26.1	26.2	88.0	87.0	157.0	307.0	7.4	7.4
2025/07/16 10:25:30	#	#	#	#	#	#	#	#	#	#
2025/07/16 10:25:31	1014.6	1.0	26.1	26.2	88.0	87.0	158.0	308.0	7.7	7.7
2025/07/16 10:25:32	1014.6	1.0	26.1	26.2	88.0	87.0	160.0	311.0	7.7	7.7
2025/07/16 10:25:33	1014.6	1.0	26.1	26.2	88.0	88.0	162.0	313.0	7.4	7.4
2025/07/16 10:25:34	1014.6	1.0	26.2	26.2	87.0	88.0	167.0	317.0	6.7	6.7
2025/07/16 10:25:35	1014.6	1.0	26.2	26.2	87.0	88.0	168.0	318.0	6.6	6.6
2025/07/16 10:25:36	1014.6	1.0	26.2	26.2	87.0	88.0	168.0	318.0	6.6	6.6
2025/07/16 10:25:37	1014.6	1.0	26.2	26.2	88.0	88.0	164.0	314.0	6.9	6.9
2025/07/16 10:25:38	1014.6	1.0	26.2	26.2	88.0	88.0	162.0	312.0	6.9	6.9
2025/07/16 10:25:39	1014.6	1.0	26.2	26.2	88.0	88.0	160.0	311.0	7.2	7.2
2025/07/16 10:25:40	1014.6	1.0	26.2	26.2	88.0	88.0	160.0	311.0	7.3	7.3
2025/07/16 10:25:41	1014.6	1.0	26.2	26.2	88.0	88.0	163.0	314.0	7.4	7.4
2025/07/16 10:25:42	1014.6	1.0	26.2	26.2	87.0	88.0	165.0	316.0	7.2	7.2
2025/07/16 10:25:43	1014.6	1.0	26.2	26.2	87.0	88.0	163.0	314.0	6.9	6.9
2025/07/16 10:25:44	1014.6	1.0	26.2	26.2	88.0	88.0	162.0	313.0	6.6	6.6
2025/07/16 10:25:45	1014.6	1.0	26.2	26.2	88.0	88.0	159.0	313.0	6.7	6.9
2025/07/16 10:25:46	1014.6	1.0	26.2	26.2	88.0	88.0	160.0	313.0	7.2	7.4
2025/07/16 10:25:47	1014.6	1.0	26.3	26.2	88.0	88.0	165.0	316.0	7.0	7.0
2025/07/16 10:25:48	1014.6	1.0	26.3	26.3	88.0	89.0	170.0	322.0	6.9	6.9
2025/07/16 10:25:49	1014.6	1.0	26.3	26.3	88.0	89.0	174.0	325.0	7.0	7.0
2025/07/16 10:25:50	1014.6	1.0	26.3	26.3	88.0	89.0	173.0	324.0	6.8	6.8
2025/07/16 10:25:51	1014.6	1.0	26.3	26.3	88.0	89.0	173.0	324.0	7.1	7.1
2025/07/16 10:25:52	1014.6	1.0	26.3	26.3	88.0	89.0	171.0	323.0	7.1	7.1
2025/07/16 10:25:53	1014.6	1.0	26.3	26.3	88.0	89.0	162.0	314.0	7.3	7.3
2025/07/16 10:25:54	1014.6	1.0	26.3	26.3	88.0	89.0	162.0	314.0	7.2	7.2
2025/07/16 10:25:55	1014.6	1.0	26.3	26.3	88.0	89.0	158.0	310.0	7.0	7.0
2025/07/16 10:25:56	1014.6	1.0	26.3	26.3	88.0	89.0	160.0	312.0	7.0	7.0
2025/07/16 10:25:57	1014.6	1.0	26.3	26.3	88.0	89.0	165.0	317.0	7.0	7.0
2025/07/16 10:25:58	1014.6	1.0	26.3	26.3	88.0	89.0	166.0	318.0	7.4	7.4
2025/07/16 10:25:59	1014.6	1.0	26.3	26.3	88.0	89.0	166.0	318.0	6.8	6.8
2025/07/16 10:26:00	1014.6	1.0	26.3	26.3	88.0	89.0	166.0	318.0	6.5	6.5
2025/07/16 10:26:01	1014.6	1.0	26.3	26.3	88.0	89.0	168.0	319.0	6.5	6.5
2025/07/16 10:26:02	1014.6	1.0	26.3	26.3	88.0	89.0	169.0	321.0	6.7	6.7
2025/07/16 10:26:03	1014.6	1.0	26.3	26.3	88.0	89.0	168.0	320.0	6.6	6.6
2025/07/16 10:26:04	1014.6	1.0	26.3	26.3	88.0	89.0	166.0	318.0	6.8	6.8
2025/07/16 10:26:05	1014.6	1.0	26.3	26.3	88.0	89.0	165.0	317.0	6.8	6.8
2025/07/16 10:26:06	1014.6	1.0	26.2	26.3	88.0	89.0	165.0	317.0	6.8	6.8
2025/07/16 10:26:07	1014.6	1.0	26.2	26.2	88.0	89.0	163.0	314.0	7.0	7.0
2025/07/16 10:26:08	1014.6	1.0	26.2	26.2	88.0	89.0	165.0	316.0	7.3	7.3
2025/07/16 10:26:09	1014.6	1.0	26.2	26.2	88.0	89.0	165.0	316.0	7.1	7.1
2025/07/16 10:26:10	1014.6	1.0	26.2	26.2	88.0	89.0	164.0	316.0	6.8	6.8
2025/07/16 10:26:11	1014.6	1.0	26.1	26.2	88.0	89.0	164.0	316.0	6.5	6.5
2025/07/16 10:26:12	1014.6	1.0	26.1	26.2	88.0	88.0	167.0	319.0	6.1	6.1
2025/07/16 10:26:13	1014.6	1.0	26.1	26.2	88.0	88.0	172.0	324.0	5.9	5.9
2025/07/16 10:26:14	1014.6	1.0	26.1	26.2	88.0	88.0	173.0	326.0	5.7	6.0
2025/07/16 10:26:15	1014.6	1.0	26.1	26.2	88.0	88.0	172.0	324.0	6.4	6.6
2025/07/16 10:26:16	1014.6	1.0	26.1	26.2	88.0	88.0	167.0	319.0	6.9	6.9
2025/07/16 10:26:17	1014.6	1.0	26.1	26.2	88.0	88.0	160.0	312.0	7.1	7.1
2025/07/16 10:26:18	1014.6	1.0	26.1	26.1	88.0	88.0	154.0	307.0	6.7	6.9
2025/07/16 10:26:19	1014.6	1.0	26.0	26.1	88.0	88.0	156.0	310.0	6.7	6.9
2025/07/16 10:26:20	1014.6	1.0	26.0	26.1	88.0	88.0	166.0	317.0	6.9	6.9
2025/07/16 10:26:21	1014.6	1.0	26.0	26.1	88.0	88.0	171.0	321.0	6.8	6.8
2025/07/16 10:26:22	1014.6	1.0	26.0	26.1	88.0	88.0	170.0	321.0	6.5	6.5
2025/07/16 10:26:23	1014.6	1.0	26.0	26.1	88.0	88.0	165.0	318.0	6.1	6.3
2025/07/16 10:26:24	1014.6	1.0	26.0	26.1	88.0	88.0	162.0	314.0	6.3	6.3
2025/07/16 10:26:25	1014.6	1.0	26.0	26.1	88.0	88.0	162.0	313.0	6.4	6.4
2025/07/16 10:26:26	1014.6	1.0	26.0	26.1	88.0	87.0	166.0	317.0	6.7	6.7
2025/07/16 10:26:27	1014.6	1.0	26.0	26.1	88.0	87.0	171.0	321.0	6.7	6.7
2025/07/16 10:26:28	1014.6	1.0	26.0	26.1	88.0	87.0	173.0	324.0	6.3	6.3
2025/07/16 10:26:29	1014.6	1.0	26.0	26.1	88.0	87.0	169.0	321.0	6.2	6.2
2025/07/16 10:26:30	1014.6	1.0	26.0	26.1	88.0	87.0	165.0	317.0	6.4	6.4
2025/07/16 10:26:31	1014.6	1.0	26.0	26.1	88.0	87.0	159.0	311.0	6.9	6.9
2025/07/16 10:26:32	1014.6	1.0	26.0	26.1	88.0	87.0	156.0	308.0	7.1	7.1
2025/07/16 10:26:33	1014.6	1.0	26.0	26.1	88.0	87.0	157.0	308.0	6.7	6.7
2025/07/16 10:26:34	1014.6	1.0	26.0	26.1	88.0	87.0	160.0	312.0	6.5	6.5
2025/07/16 10:26:35	1014.6	1.0	26.0	26.1	88.0	87.0	166.0	317.0	6.8	6.8
2025/07/16 10:26:36	1014.6	1.0	26.0	26.1	88.0	87.0	166.0	317.0	6.3	6.3
2025/07/16 10:26:37	1014.6	1.0	26.0	26.1	88.0	87.0	164.0	316.0	5.8	5.8
2025/07/16 10:26:38	1014.6	1.0	26.0	26.1	88.0	87.0	162.0	314.0	5.9	5.9
2025/07/16 10:26:39	1014.6	1.0	26.0	26.1	88.0	87.0	160.0	312.0	6.2	6.2
2025/07/16 10:26:40	1014.6	1.0	26.0	26.1	88.0	87.0	160.0	312.0	7.0	7.0
2025/07/16 10:26:41	1014.6	1.0	26.0	26.1	88.0	87.0	160.0	312.0	7.3	7.3
2025/07/16 10:26:42	1014.6	1.0	26.0	26.1	88.0	87.0	159.0	311.0	7.4	7.4
2025/07/16 10:26:43	1014.6	1.0	26.0	26.1	88.0	87.0	155.0	307.0	6.9	6.9
2025/07/16 10:26:44	1014.6	1.0	26.0	26.1	88.0	87.0	155.0	307.0	6.5	6.5
2025/07/16 10:26:45	1014.6	1.0	26.0	26.1	88.0	87.0	157.0	309.0	6.2	6.2
2025/07/16 10:26:46	1014.6	1.0	26.0	26.1	88.0	87.0	161.0	313.0	6.7	6.7
2025/07/16 10:26:47	1014.6	1.0	26.0	26.1	88.0	87.0	165.0	316.0	6.9	6.9
2025/07/16 10:26:48	1014.6	1.0	26.0	26.1	88.0	87.0	168.0	319.0	7.0	7.0
2025/07/16 10:26:49	1014.6	1.0	26.0	26.1	88.0	88.0	160.0	312.0	6.4	6.4
2025/07/16 10:26:50	1014.6	1.0	26.0	26.1	88.0	88.0	158.0	311.0	6.3	6.3
2025/07/16 10:26:51	#	#	#	#	#	#	#	#	#	#
2025/07/16 10:26:52	1014.6	1.0	26.0	26.1	88.0	88.0	158.0	311.0	6.4	6.4
2025/07/16 10:26:53	1014.6	1.0	26.0	26.1	88.0	88.0	157.0	311.0	6.5	6.7
2025/07/16 10:26:54	1014.6	1.0	26.0	26.1	88.0	88.0	158.0	310.0	7.0	7.0
2025/07/16 10:26:55	1014.6	1.0	26.0	26.1	88.0	88.0	159.0	311.0	7.2	7.2
2025/07/16 10:26:56	1014.6	1.0	26.0	26.1	88.0	88.0	162.0	313.0	7.2	7.2
2025/07/16 10:26:57	1014.6	1.0	26.0	26.1	88.0	88.0	163.0	314.0	6.8	6.8
2025/07/16 10:26:58	1014.6	1.0	26.1	26.1	88.0	88.0	162.0	314.0	6.4	6.4
2025/07/16 10:26:59	1014.6	1.0	26.1	26.1	88.0	88.0	157.0	310.0	6.1	6.1
2025/07/16 10:27:00	1014.6	1.0	26.1	26.1	88.0	88.0	157.0	310.0	6.0	6.0
2025/07/16 10:27:01	1014.6	1.0	26.1	26.1	88.0	88.0	157.0	310.0	6.2	6.2
2025/07/16 10:27:02	1014.6	1.0	26.1	26.1	88.0	88.0	161.0	314.0	6.6	6.6
2025/07/16 10:27:03	1014.6	1.0	26.1	26.1	88.0	88.0	164.0	316.0	6.7	6.7
2025/07/16 10:27:04	1014.6	1.0	26.1	26.1	88.0	88.0	164.0	315.0	7.0	7.0
2025/07/16 10:27:05	1014.6	1.0	26.1	26.1	88.0	88.0	162.0	314.0	6.7	6.7
2025/07/16 10:27:06	1014.6	1.0	26.1	26.1	88.0	88.0	160.0	312.0	6.2	6.2
2025/07/16 10:27:07	1014.6	1.0	26.1	26.1	88.0	88.0	158.0	311.0	6.0	6.0
2025/07/16 10:27:08	1014.6	1.0	26.1	26.1	88.0	88.0	157.0	310.0	6.3	6.3
2025/07/16 10:27:09	1014.6	1.0	26.0	26.1	88.0	88.0	158.0	310.0	7.0	7.0
2025/07/16 10:27:10	1014.6	1.0	26.0	26.1	88.0	88.0	159.0	311.0	7.3	7.3
2025/07/16 10:27:11	1014.6	1.0	26.0	26.1	88.0	88.0	159.0	311.0	7.1	7.1
2025/07/16 10:27:12	1014.6	1.0	26.0	26.1	88.0	88.0	162.0	314.0	6.7	6.7
2025/07/16 10:27:13	1014.6	1.0	26.0	26.1	88.0	88.0	164.0	316.0	6.4	6.4
2025/07/16 10:27:14	1014.6	1.0	26.0	26.1	88.0	88.0	165.0	318.0	6.5	6.5
2025/07/16 10:27:15	1014.7	1.0	26.0	26.1	88.0	88.0	162.0	315.0	6.6	6.6
2025/07/16 10:27:16	1014.7	1.0	26.0	26.1	88.0	88.0	157.0	309.0	6.6	6.6
2025/07/16 10:27:17	1014.7	1.0	26.0	26.1	88.0	88.0	152.0	305.0	6.7	6.7
2025/07/16 10:27:18	1014.7	1.0	26.0	26.1	88.0	88.0	155.0	307.0	6.7	6.7
2025/07/16 10:27:19	1014.7	1.0	26.1	26.1	88.0	88.0	160.0	312.0	7.0	7.0
2025/07/16 10:27:20	1014.7	1.0	26.1	26.1	88.0	88.0	165.0	317.0	6.8	6.8
2025/07/16 10:27:21	1014.7	1.0	26.1	26.1	88.0	88.0	155.0	309.0	5.8	6.0
2025/07/16 10:27:22	1014.7	1.0	26.1	26.1	88.0	88.0	153.0	305.0	6.2	6.2
2025/07/16 10:27:23	1014.6	1.0	26.1	26.1	88.0	88.0	154.0	306.0	6.7	6.7
2025/07/16 10:27:24	1014.6	1.0	26.1	26.1	88.0	88.0	156.0	308.0	6.9	6.9
2025/07/16 10:27:25	#	#	#	#	#	#	#	#	#	#
2025/07/16 10:27:26	1014.6	1.0	26.1	26.1	88.0	88.0	158.0	310.0	7.2	7.2
2025/07/16 10:27:27	1014.6	1.0	26.1	26.1	88.0	88.0	158.0	310.0	7.3	7.3
2025/07/16 10:27:28	1014.6	1.0	26.1	26.1	88.0	88.0	158.0	310.0	7.5	7.5
2025/07/16 10:27:29	1014.6	1.0	26.1	26.1	88.0	88.0	157.0	309.0	7.1	7.1
2025/07/16 10:27:30	1014.6	1.0	26.1	26.1	88.0	88.0	153.0	305.0	6.7	6.7
2025/07/16 10:27:31	1014.6	1.0	26.1	26.1	88.0	89.0	154.0	306.0	6.8	6.8
2025/07/16 10:27:32	1014.6	1.0	26.1	26.1	88.0	89.0	158.0	310.0	7.0	7.0
2025/07/16 10:27:33	1014.6	1.0	26.1	26.1	88.0	89.0	161.0	313.0	7.3	7.3
2025/07/16 10:27:34	1014.6	1.0	26.1	26.1	88.0	89.0	161.0	313.0	7.5	7.5
2025/07/16 10:27:35	1014.6	1.0	26.0	26.1	88.0	89.0	159.0	311.0	7.3	7.3
2025/07/16 10:27:36	1014.6	1.0	26.0	26.1	88.0	88.0	157.0	309.0	6.8	6.8
2025/07/16 10:27:37	1014.6	1.0	26.0	26.1	88.0	88.0	156.0	308.0	6.2	6.2
2025/07/16 10:27:38	1014.6	1.0	26.0	26.1	88.0	88.0	159.0	311.0	6.4	6.4
2025/07/16 10:27:39	1014.6	1.0	26.0	26.1	88.0	88.0	161.0	313.0	6.7	6.7
2025/07/16 10:27:40	1014.6	1.0	26.0	26.1	88.0	88.0	161.0	313.0	7.0	7.0
2025/07/16 10:27:41	1014.6	1.0	26.0	26.0	88.0	88.0	157.0	310.0	7.2	7.2
2025/07/16 10:27:42	1014.6	1.0	26.0	26.0	88.0	88.0	156.0	308.0	6.9	6.9
2025/07/16 10:27:43	1014.6	1.0	26.0	26.0	88.0	88.0	156.0	308.0	6.5	6.5
2025/07/16 10:27:44	1014.6	1.0	26.0	26.0	88.0	88.0	159.0	311.0	6.4	6.4
2025/07/16 10:27:45	1014.6	1.0	26.0	26.0	88.0	88.0	162.0	314.0	6.7	6.7
2025/07/16 10:27:46	1014.6	1.0	26.0	26.0	88.0	88.0	162.0	314.0	6.9	6.9
2025/07/16 10:27:47	1014.6	1.0	26.0	26.0	88.0	88.0	160.0	312.0	6.9	6.9
2025/07/16 10:27:48	1014.6	1.0	26.0	26.0	88.0	88.0	156.0	309.0	6.7	6.7
2025/07/16 10:27:49	1014.6	1.0	26.0	26.0	88.0	88.0	159.0	311.0	6.5	6.5
2025/07/16 10:27:50	1014.6	1.0	26.0	26.0	88.0	88.0	161.0	312.0	6.8	6.8
2025/07/16 10:27:51	1014.6	1.0	26.0	26.0	88.0	88.0	163.0	315.0	6.8	6.8
2025/07/16 10:27:52	1014.6	1.0	26.0	26.0	88.0	88.0	162.0	314.0	6.6	6.6
2025/07/16 10:27:53	1014.6	1.0	26.0	26.0	88.0	88.0	161.0	313.0	6.6	6.6
2025/07/16 10:27:54	1014.6	1.0	26.0	26.0	88.0	88.0	160.0	311.0	6.6	6.6
2025/07/16 10:27:55	1014.6	1.0	26.0	26.0	88.0	88.0	159.0	311.0	6.5	6.5
2025/07/16 10:27:56	1014.6	1.0	26.0	26.0	88.0	88.0	161.0	312.0	6.5	6.5
2025/07/16 10:27:57	1014.6	1.0	26.0	26.0	88.0	88.0	161.0	313.0	6.4	6.4
2025/07/16 10:27:58	1014.6	1.0	26.0	26.0	88.0	88.0	160.0	312.0	6.4	6.4
2025/07/16 10:27:59	1014.6	1.0	26.0	26.0	88.0	88.0	156.0	308.0	6.4	6.4
2025/07/16 10:28:00	#	#	#	#	#	#	#	#	#	#
2025/07/16 10:28:01	1014.6	1.0	26.0	26.0	88.0	88.0	159.0	311.0	6.6	6.6
2025/07/16 10:28:02	1014.6	1.0	26.0	26.0	88.0	88.0	161.0	313.0	6.7	6.7
2025/07/16 10:28:03	#	#	#	#	#	#	#	#	#	#
2025/07/16 10:28:04	1014.6	1.0	26.0	26.0	88.0	88.0	154.0	307.0	6.2	6.2
2025/07/16 10:28:05	1014.6	1.0	26.0	26.0	88.0	88.0	155.0	307.0	6.1	6.1
2025/07/16 10:28:06	1014.6	1.0	26.0	26.0	88.0	88.0	156.0	308.0	6.3	6.3
2025/07/16 10:28:07	1014.6	1.0	26.0	26.0	88.0	88.0	157.0	309.0	6.5	6.5
2025/07/16 10:28:08	1014.6	1.0	26.0	26.0	88.0	89.0	160.0	311.0	6.9	6.9
2025/07/16 10:28:09	#	#	#	#	#	#	#	#	#	#
2025/07/16 10:28:10	1014.6	1.0	26.0	26.0	88.0	89.0	159.0	311.0	6.7	6.7
2025/07/16 10:28:11	1014.6	1.0	26.0	26.0	88.0	89.0	156.0	308.0	6.4	6.4
2025/07/16 10:28:12	1014.6	1.0	26.0	26.0	88.0	89.0	154.0	307.0	6.8	6.8
2025/07/16 10:28:13	1014.6	1.0	26.0	26.0	88.0	89.0	155.0	307.0	6.9	6.9
2025/07/16 10:28:14	1014.6	1.0	26.0	26.0	88.0	89.0	157.0	308.0	7.1	7.1
2025/07/16 10:28:15	1014.6	1.0	26.0	26.0	88.0	89.0	161.0	312.0	7.0	7.0
2025/07/16 10:28:16	#	#	#	#	#	#	#	#	#	#
2025/07/16 10:28:17	1014.6	1.0	26.0	26.0	88.0	89.0	162.0	313.0	6.8	6.8
2025/07/16 10:28:18	1014.6	1.0	26.0	26.0	88.0	89.0	160.0	311.0	6.3	6.3
2025/07/16 10:28:19	#	#	#	#	#	#	#	#	#	#
2025/07/16 10:28:20	1014.6	1.0	26.1	26.0	88.0	89.0	157.0	309.0	6.1	6.1
2025/07/16 10:28:21	#	#	#	#	#	#	#	#	#	#
2025/07/16 10:28:22	1014.6	1.0	26.1	26.0	88.0	89.0	155.0	306.0	7.1	7.1
2025/07/16 10:28:23	1014.6	1.0	26.1	26.1	88.0	89.0	158.0	309.0	7.1	7.1
2025/07/16 10:28:24	1014.6	1.0	26.1	26.1	88.0	89.0	156.0	307.0	7.0	7.0
2025/07/16 10:28:25	#	#	#	#	#	#	#	#	#	#
2025/07/16 10:28:26	1014.6	1.0	26.1	26.1	88.0	89.0	154.0	305.0	6.7	6.7
2025/07/16 10:28:27	1014.6	1.0	26.1	26.1	88.0	89.0	154.0	306.0	6.3	6.3
2025/07/16 10:28:28	1014.6	1.0	26.1	26.1	88.0	89.0	157.0	308.0	6.2	6.2
2025/07/16 10:28:29	1014.6	1.0	26.1	26.1	88.0	89.0	159.0	312.0	6.3	6.5
2025/07/16 10:28:30	1014.6	1.0	26.1	26.1	88.0	89.0	159.0	310.0	6.4	6.4
2025/07/16 10:28:31	1014.6	1.0	26.1	26.1	88.0	89.0	155.0	307.0	6.6	6.6
2025/07/16 10:28:32	1014.6	1.0	26.1	26.1	88.0	89.0	154.0	305.0	6.4	6.4
2025/07/16 10:28:33	1014.6	1.0	26.1	26.1	88.0	89.0	153.0	304.0	6.4	6.4
2025/07/16 10:28:34	#	#	#	#	#	#	#	#	#	#
2025/07/16 10:28:35	1014.6	1.0	26.1	26.1	88.0	89.0	154.0	305.0	6.5	6.5
2025/07/16 10:28:36	1014.6	1.0	26.1	26.1	88.0	89.0	154.0	305.0	6.7	6.7
2025/07/16 10:28:37	1014.6	1.0	26.1	26.1	88.0	89.0	152.0	303.0	6.8	6.8
2025/07/16 10:28:38	1014.6	1.0	26.1	26.1	88.0	89.0	153.0	305.0	7.0	7.0
2025/07/16 10:28:39	1014.6	1.0	26.1	26.1	88.0	89.0	155.0	306.0	6.9	6.9
2025/07/16 10:28:40	1014.6	1.0	26.1	26.1	88.0	89.0	156.0	307.0	7.0	7.0
2025/07/16 10:28:41	1014.6	1.0	26.1	26.1	88.0	89.0	160.0	311.0	6.7	6.7
2025/07/16 10:28:42	1014.6	1.0	26.1	26.1	88.0	89.0	163.0	314.0	6.4	6.4
2025/07/16 10:28:43	#	#	#	#	#	#	#	#	#	#
2025/07/16 10:28:44	1014.6	1.0	26.1	26.1	88.0	89.0	163.0	314.0	5.8	5.8
2025/07/16 10:28:45	1014.7	1.0	26.0	26.1	88.0	89.0	161.0	312.0	6.0	6.0
2025/07/16 10:28:46	1014.7	1.0	26.0	26.0	88.0	89.0	157.0	308.0	6.7	6.7
2025/07/16 10:28:47	1014.7	1.0	26.0	26.0	88.0	89.0	157.0	309.0	6.8	6.8
2025/07/16 10:28:48	#	#	#	#	#	#	#	#	#	#
2025/07/16 10:28:49	1014.7	1.0	26.0	26.0	88.0	89.0	156.0	307.0	6.8	6.8
2025/07/16 10:28:50	1014.7	1.0	26.0	26.0	88.0	89.0	156.0	307.0	6.7	6.7
2025/07/16 10:28:51	1014.7	1.0	26.0	26.0	88.0	89.0	157.0	308.0	6.3	6.3
2025/07/16 10:28:52	1014.7	1.0	26.0	26.0	88.0	89.0	159.0	311.0	6.4	6.4
2025/07/16 10:28:53	1014.7	1.0	26.0	26.0	88.0	89.0	161.0	313.0	6.8	6.8
2025/07/16 10:28:54	#	#	#	#	#	#	#	#	#	#
2025/07/16 10:28:55	1014.7	1.0	26.0	26.0	88.0	89.0	158.0	310.0	6.4	6.4
2025/07/16 10:28:56	1014.7	1.0	26.0	26.0	88.0	89.0	155.0	307.0	6.2	6.2
2025/07/16 10:28:57	1014.7	1.0	26.0	26.0	88.0	89.0	159.0	311.0	6.1	6.1
2025/07/16 10:28:58	1014.7	1.0	26.0	26.0	88.0	89.0	167.0	319.0	6.2	6.2
2025/07/16 10:28:59	#	#	#	#	#	#	#	#	#	#
2025/07/16 10:29:00	1014.7	1.0	26.0	26.0	88.0	89.0	164.0	316.0	6.8	6.8
2025/07/16 10:29:01	1014.7	1.0	26.0	26.0	88.0	89.0	159.0	310.0	6.7	6.7
2025/07/16 10:29:02	1014.7	1.0	26.0	26.0	88.0	89.0	156.0	308.0	6.9	6.9
2025/07/16 10:29:03	1014.6	1.0	26.0	26.0	88.0	89.0	159.0	310.0	7.0	7.0
2025/07/16 10:29:04	1014.6	1.0	26.0	26.0	89.0	89.0	163.0	314.0	7.0	7.0
2025/07/16 10:29:05	1014.6	1.0	26.0	26.0	89.0	89.0	165.0	317.0	7.4	7.4
2025/07/16 10:29:06	1014.6	1.0	26.0	26.0	89.0	89.0	163.0	315.0	7.8	7.8
2025/07/16 10:29:07	1014.6	1.0	26.0	26.0	89.0	89.0	161.0	313.0	7.8	7.8
2025/07/16 10:29:08	1014.6	1.0	26.0	26.0	89.0	89.0	159.0	311.0	7.0	7.0
2025/07/16 10:29:09	1014.6	1.0	26.0	26.0	88.0	89.0	161.0	313.0	6.4	6.4
2025/07/16 10:29:10	1014.6	1.0	26.0	26.0	88.0	89.0	167.0	319.0	6.2	6.2
2025/07/16 10:29:11	1014.6	1.0	26.0	26.0	88.0	89.0	172.0	325.0	6.2	6.4
2025/07/16 10:29:12	1014.6	1.0	26.0	26.0	89.0	89.0	170.0	321.0	6.6	6.6
2025/07/16 10:29:13	1014.6	1.0	26.0	26.0	89.0	89.0	165.0	316.0	7.0	7.0
2025/07/16 10:29:14	1014.6	1.0	26.0	26.0	89.0	89.0	160.0	313.0	6.8	7.0
2025/07/16 10:29:15	1014.6	1.0	26.0	26.0	88.0	89.0	157.0	311.0	6.5	6.7
2025/07/16 10:29:16	1014.6	1.0	26.0	26.0	88.0	89.0	161.0	313.0	5.9	5.9
2025/07/16 10:29:17	1014.6	1.0	25.9	26.0	88.0	89.0	162.0	314.0	5.5	5.5
2025/07/16 10:29:18	1014.6	1.0	25.9	26.0	88.0	89.0	163.0	317.0	5.0	5.3
2025/07/16 10:29:19	1014.6	1.0	25.9	26.0	88.0	88.0	164.0	318.0	5.4	5.7
2025/07/16 10:29:20	1014.6	1.0	25.9	26.0	89.0	88.0	161.0	313.0	6.6	6.6
2025/07/16 10:29:21	1014.7	1.0	25.9	26.0	89.0	89.0	154.0	307.0	6.9	7.1
2025/07/16 10:29:22	1014.7	1.0	25.9	26.0	89.0	89.0	148.0	301.0	6.4	6.5
2025/07/16 10:29:23	1014.7	1.0	25.9	26.0	88.0	89.0	146.0	302.0	5.5	5.7
2025/07/16 10:29:24	1014.7	1.0	25.9	26.0	88.0	89.0	151.0	306.0	5.0	5.2
2025/07/16 10:29:25	1014.7	1.0	26.0	26.0	88.0	89.0	157.0	309.0	5.3	5.3
2025/07/16 10:29:26	1014.7	1.0	26.0	26.0	88.0	89.0	160.0	315.0	5.2	5.4
2025/07/16 10:29:27	1014.7	1.0	26.0	26.0	88.0	89.0	159.0	313.0	5.7	5.9
2025/07/16 10:29:28	1014.7	1.0	26.0	26.0	88.0	89.0	157.0	309.0	6.3	6.3
2025/07/16 10:29:29	1014.7	1.0	26.0	26.0	88.0	89.0	153.0	305.0	6.7	6.7
2025/07/16 10:29:30	1014.7	1.0	26.0	26.0	88.0	89.0	151.0	303.0	6.9	6.9
2025/07/16 10:29:31	1014.7	1.0	26.0	26.0	88.0	89.0	152.0	304.0	6.6	6.6
2025/07/16 10:29:32	1014.7	1.0	26.0	26.1	88.0	89.0	159.0	311.0	6.3	6.3
2025/07/16 10:29:33	1014.7	1.0	26.0	26.1	88.0	89.0	160.0	312.0	5.7	5.7
2025/07/16 10:29:34	1014.7	1.0	26.0	26.1	88.0	89.0	158.0	311.0	5.9	6.1
2025/07/16 10:29:35	1014.7	1.0	26.0	26.1	88.0	89.0	157.0	310.0	6.0	6.2
2025/07/16 10:29:36	1014.7	1.0	26.0	26.1	88.0	89.0	157.0	309.0	6.3	6.3
2025/07/16 10:29:37	1014.7	1.0	26.0	26.1	88.0	89.0	154.0	306.0	6.3	6.3
2025/07/16 10:29:38	1014.7	1.0	26.0	26.1	88.0	89.0	152.0	304.0	6.3	6.3
2025/07/16 10:29:39	1014.6	1.0	26.0	26.1	88.0	89.0	155.0	306.0	6.3	6.3
2025/07/16 10:29:40	1014.6	1.0	26.0	26.1	88.0	89.0	158.0	309.0	6.5	6.5
2025/07/16 10:29:41	1014.6	1.0	26.0	26.1	88.0	89.0	158.0	309.0	6.4	6.4
2025/07/16 10:29:42	1014.6	1.0	26.0	26.1	88.0	89.0	154.0	306.0	6.2	6.2
2025/07/16 10:29:43	1014.6	1.0	26.0	26.1	88.0	89.0	150.0	302.0	6.4	6.4
2025/07/16 10:29:44	1014.6	1.0	26.0	26.1	88.0	88.0	151.0	303.0	6.4	6.4
2025/07/16 10:29:45	1014.6	1.0	26.0	26.1	88.0	88.0	155.0	307.0	6.4	6.4
2025/07/16 10:29:46	1014.6	1.0	26.0	26.1	88.0	88.0	158.0	310.0	6.3	6.3
2025/07/16 10:29:47	1014.6	1.0	26.0	26.1	88.0	88.0	157.0	311.0	5.6	5.8
2025/07/16 10:29:48	1014.6	1.0	26.0	26.1	88.0	88.0	155.0	309.0	5.3	5.5
2025/07/16 10:29:49	1014.6	1.0	26.0	26.1	88.0	88.0	156.0	307.0	5.7	5.7
2025/07/16 10:29:50	1014.6	1.0	26.0	26.0	88.0	88.0	157.0	308.0	6.2	6.2
2025/07/16 10:29:51	1014.6	1.0	25.9	26.0	88.0	88.0	157.0	310.0	6.4	6.6
2025/07/16 10:29:52	1014.6	1.0	25.9	26.0	88.0	88.0	160.0	311.0	6.5	6.5
2025/07/16 10:29:53	1014.6	1.0	25.9	26.0	88.0	88.0	158.0	310.0	6.0	6.0
2025/07/16 10:29:54	1014.6	1.0	25.9	26.0	88.0	88.0	154.0	306.0	5.5	5.5
2025/07/16 10:29:55	1014.6	1.0	25.9	26.0	88.0	88.0	151.0	304.0	5.3	5.5
2025/07/16 10:29:56	1014.6	1.0	25.9	26.0	88.0	88.0	155.0	308.0	5.8	6.0
2025/07/16 10:29:57	1014.7	1.0	25.9	26.0	88.0	88.0	164.0	314.0	6.6	6.6
2025/07/16 10:29:58	1014.7	1.0	25.9	26.0	88.0	88.0	164.0	315.0	6.5	6.5
2025/07/16 10:29:59	1014.7	1.0	25.9	26.0	88.0	88.0	160.0	311.0	6.1	6.1
2025/07/16 10:30:00	1014.7	1.0	25.9	26.0	88.0	88.0	153.0	304.0	5.9	5.9
2025/07/16 10:30:01	1014.7	1.0	25.9	26.0	88.0	88.0	151.0	302.0	5.9	5.9
2025/07/16 10:30:02	1014.7	1.0	25.9	26.0	88.0	88.0	155.0	306.0	6.3	6.3
2025/07/16 10:30:03	1014.7	1.0	25.9	26.0	88.0	88.0	161.0	311.0	6.6	6.6
2025/07/16 10:30:04	1014.7	1.0	25.9	26.0	88.0	88.0	163.0	313.0	6.5	6.5
2025/07/16 10:30:05	#	#	#	#	#	#	#	#	#	#
2025/07/16 10:30:06	1014.6	1.0	25.9	26.0	88.0	88.0	159.0	309.0	6.1	6.1
2025/07/16 10:30:07	1014.6	1.0	26.0	26.0	88.0	88.0	157.0	307.0	6.1	6.1
2025/07/16 10:30:08	1014.6	1.0	26.0	26.0	88.0	88.0	159.0	309.0	6.1	6.1
2025/07/16 10:30:09	1014.6	1.0	26.0	26.0	88.0	88.0	162.0	312.0	6.2	6.2
2025/07/16 10:30:10	1014.6	1.0	26.0	26.0	88.0	88.0	165.0	315.0	6.0	6.0
2025/07/16 10:30:11	1014.6	1.0	26.0	26.1	88.0	88.0	164.0	316.0	5.5	5.7
2025/07/16 10:30:12	1014.6	1.0	26.0	26.1	88.0	88.0	163.0	313.0	5.6	5.6
2025/07/16 10:30:13	1014.6	1.0	26.0	26.1	88.0	88.0	167.0	317.0	5.7	5.7
2025/07/16 10:30:14	1014.6	1.0	26.0	26.1	88.0	88.0	161.0	312.0	6.2	6.2
2025/07/16 10:30:15	1014.6	1.0	26.0	26.1	88.0	88.0	156.0	309.0	6.1	6.3
2025/07/16 10:30:16	1014.6	1.0	26.0	26.1	88.0	89.0	159.0	310.0	6.1	6.1
2025/07/16 10:30:17	1014.6	1.0	26.0	26.1	88.0	89.0	157.0	308.0	5.8	5.8
2025/07/16 10:30:18	1014.6	1.0	26.1	26.1	88.0	89.0	158.0	309.0	5.4	5.4
2025/07/16 10:30:19	1014.6	1.0	26.1	26.1	88.0	89.0	161.0	313.0	5.2	5.4
2025/07/16 10:30:20	1014.6	1.0	26.1	26.1	88.0	89.0	168.0	318.0	5.8	5.8
2025/07/16 10:30:21	1014.6	1.0	26.1	26.1	88.0	89.0	166.0	316.0	5.8	5.8
2025/07/16 10:30:22	1014.6	1.0	26.1	26.1	88.0	89.0	160.0	311.0	6.0	6.0
2025/07/16 10:30:23	1014.6	1.0	26.1	26.1	88.0	89.0	154.0	304.0	5.6	5.6
2025/07/16 10:30:24	1014.6	1.0	26.1	26.1	88.0	89.0	155.0	306.0	5.3	5.3
2025/07/16 10:30:25	1014.6	1.0	26.1	26.1	88.0	89.0	162.0	313.0	5.9	5.9
2025/07/16 10:30:26	1014.6	1.0	26.1	26.1	88.0	89.0	165.0	315.0	6.3	6.3
2025/07/16 10:30:27	1014.6	1.0	26.1	26.1	88.0	89.0	163.0	313.0	6.4	6.4
2025/07/16 10:30:28	1014.6	1.0	26.0	26.1	88.0	89.0	157.0	307.0	6.3	6.3
2025/07/16 10:30:29	1014.6	1.0	26.0	26.1	88.0	88.0	151.0	302.0	6.2	6.2
2025/07/16 10:30:30	1014.6	1.0	26.0	26.1	88.0	88.0	149.0	302.0	5.5	5.7
2025/07/16 10:30:31	1014.6	1.0	26.0	26.1	88.0	88.0	157.0	308.0	5.6	5.6
2025/07/16 10:30:32	1014.6	1.0	26.0	26.1	88.0	88.0	164.0	315.0	5.9	5.9
2025/07/16 10:30:33	1014.6	1.0	26.0	26.1	88.0	88.0	168.0	319.0	6.6	6.6
2025/07/16 10:30:34	1014.6	1.0	26.0	26.1	88.0	88.0	163.0	313.0	6.6	6.6
2025/07/16 10:30:35	1014.6	1.0	26.0	26.1	88.0	88.0	154.0	305.0	6.3	6.3
2025/07/16 10:30:36	1014.6	1.0	26.0	26.1	88.0	88.0	148.0	299.0	5.9	5.9
2025/07/16 10:30:37	1014.6	1.0	26.0	26.1	88.0	88.0	150.0	300.0	5.9	5.9
2025/07/16 10:30:38	1014.6	1.0	26.0	26.1	88.0	88.0	153.0	305.0	5.8	5.9
2025/07/16 10:30:39	1014.6	1.0	26.0	26.1	88.0	88.0	161.0	311.0	6.4	6.4
2025/07/16 10:30:40	1014.6	1.0	26.0	26.1	88.0	88.0	163.0	313.0	6.3	6.3
2025/07/16 10:30:41	1014.6	1.0	26.0	26.1	88.0	88.0	161.0	312.0	6.5	6.5
2025/07/16 10:30:42	1014.7	1.0	26.0	26.1	88.0	88.0	157.0	308.0	6.4	6.4
2025/07/16 10:30:43	1014.7	1.0	26.0	26.1	88.0	88.0	154.0	304.0	6.0	6.0
2025/07/16 10:30:44	1014.7	1.0	26.0	26.1	88.0	88.0	156.0	306.0	5.6	5.6
2025/07/16 10:30:45	1014.7	1.0	26.0	26.1	88.0	88.0	160.0	310.0	5.8	5.8
2025/07/16 10:30:46	1014.7	1.0	26.0	26.1	88.0	88.0	160.0	310.0	6.0	6.0
2025/07/16 10:30:47	1014.7	1.0	26.0	26.1	88.0	88.0	161.0	311.0	5.7	5.7
2025/07/16 10:30:48	1014.7	1.0	26.0	26.1	88.0	88.0	158.0	308.0	5.6	5.6
2025/07/16 10:30:49	1014.7	1.0	26.0	26.1	88.0	88.0	154.0	304.0	5.7	5.7
2025/07/16 10:30:50	1014.7	1.0	26.0	26.1	88.0	88.0	152.0	303.0	6.1	6.1
2025/07/16 10:30:51	1014.7	1.0	26.0	26.1	88.0	88.0	155.0	305.0	6.7	6.7
2025/07/16 10:30:52	1014.7	1.0	26.0	26.1	88.0	88.0	158.0	309.0	6.8	6.8
2025/07/16 10:30:53	1014.7	1.0	26.0	26.1	88.0	88.0	158.0	308.0	6.6	6.6
2025/07/16 10:30:54	1014.7	1.0	26.0	26.1	88.0	88.0	154.0	304.0	6.2	6.2
2025/07/16 10:30:55	1014.7	1.0	26.0	26.1	88.0	88.0	151.0	301.0	5.7	5.7
2025/07/16 10:30:56	1014.7	1.0	26.0	26.1	88.0	88.0	152.0	302.0	5.5	5.5
2025/07/16 10:30:57	1014.7	1.0	26.0	26.1	88.0	88.0	158.0	308.0	5.6	5.6
2025/07/16 10:30:58	1014.7	1.0	26.0	26.1	88.0	88.0	159.0	310.0	5.8	5.8
2025/07/16 10:30:59	1014.7	1.0	26.0	26.1	88.0	88.0	159.0	310.0	5.9	5.9
2025/07/16 10:31:00	1014.6	1.0	26.0	26.1	88.0	88.0	158.0	308.0	6.0	6.0
2025/07/16 10:31:01	1014.6	1.0	26.0	26.1	88.0	88.0	152.0	303.0	6.2	6.2
2025/07/16 10:31:02	1014.6	1.0	26.0	26.1	88.0	88.0	153.0	303.0	6.1	6.1
2025/07/16 10:31:03	1014.6	1.0	26.0	26.1	88.0	88.0	154.0	304.0	6.0	6.0
2025/07/16 10:31:04	1014.6	1.0	26.0	26.1	88.0	88.0	155.0	305.0	5.8	5.8
2025/07/16 10:31:05	1014.6	1.0	26.0	26.1	88.0	88.0	160.0	310.0	5.3	5.3
2025/07/16 10:31:06	1014.6	1.0	26.0	26.1	88.0	88.0	163.0	313.0	5.3	5.3
2025/07/16 10:31:07	1014.6	1.0	26.0	26.1	88.0	88.0	159.0	310.0	5.3	5.3
2025/07/16 10:31:08	1014.6	1.0	26.0	26.1	88.0	88.0	158.0	310.0	5.6	5.6
2025/07/16 10:31:09	1014.6	1.0	26.0	26.1	88.0	88.0	158.0	309.0	5.9	5.9
2025/07/16 10:31:10	1014.6	1.0	26.0	26.1	88.0	88.0	161.0	311.0	6.0	6.0
2025/07/16 10:31:11	1014.6	1.0	26.0	26.0	88.0	88.0	162.0	312.0	5.9	5.9
2025/07/16 10:31:12	1014.6	1.0	26.0	26.0	88.0	88.0	162.0	312.0	5.5	5.5
2025/07/16 10:31:13	1014.6	1.0	25.9	26.0	88.0	88.0	159.0	310.0	5.4	5.4
2025/07/16 10:31:14	1014.6	1.0	25.9	26.1	88.0	88.0	154.0	307.0	5.7	5.9
2025/07/16 10:31:15	1014.6	1.0	25.9	26.1	88.0	88.0	162.0	313.0	6.4	6.4
2025/07/16 10:31:16	1014.6	1.0	25.9	26.0	88.0	88.0	163.0	314.0	5.9	5.9
2025/07/16 10:31:17	#	#	#	#	#	#	#	#	#	#
2025/07/16 10:31:18	1014.7	1.0	25.9	26.0	88.0	88.0	164.0	317.0	5.3	5.5
2025/07/16 10:31:19	1014.7	1.0	25.9	26.0	88.0	88.0	161.0	312.0	5.8	5.8
2025/07/16 10:31:20	#	#	#	#	#	#	#	#	#	#
2025/07/16 10:31:21	1014.7	1.0	25.9	26.0	88.0	88.0	157.0	308.0	6.3	6.3
2025/07/16 10:31:22	1014.7	1.0	25.9	26.0	88.0	88.0	155.0	308.0	6.3	6.5
2025/07/16 10:31:23	1014.7	1.0	25.9	26.0	88.0	88.0	161.0	313.0	6.2	6.2
2025/07/16 10:31:24	#	#	#	#	#	#	#	#	#	#
2025/07/16 10:31:25	1014.7	1.0	25.9	26.0	88.0	88.0	164.0	315.0	6.0	6.0
2025/07/16 10:31:26	1014.7	1.0	25.9	26.0	88.0	88.0	164.0	315.0	5.7	5.7
2025/07/16 10:31:27	1014.7	1.0	25.9	26.0	88.0	88.0	163.0	315.0	5.6	5.6
2025/07/16 10:31:28	1014.7	1.0	25.9	26.0	88.0	88.0	163.0	314.0	5.8	5.8
2025/07/16 10:31:29	1014.7	1.0	25.9	26.0	88.0	88.0	160.0	312.0	5.9	5.9
2025/07/16 10:31:30	1014.7	1.0	25.9	26.0	88.0	88.0	157.0	309.0	5.8	5.8
2025/07/16 10:31:31	#	#	#	#	#	#	#	#	#	#
2025/07/16 10:31:32	1014.7	1.0	25.9	26.0	88.0	88.0	153.0	307.0	5.5	5.6
2025/07/16 10:31:33	1014.7	1.0	25.9	26.0	88.0	88.0	155.0	307.0	5.6	5.6
2025/07/16 10:31:34	1014.7	1.0	25.9	26.0	88.0	88.0	157.0	309.0	5.5	5.5
2025/07/16 10:31:35	1014.7	1.0	25.9	26.0	88.0	88.0	162.0	314.0	5.7	5.7
2025/07/16 10:31:36	1014.7	1.0	25.9	26.0	88.0	88.0	163.0	314.0	5.8	5.8
2025/07/16 10:31:37	1014.7	1.0	25.9	26.0	88.0	88.0	157.0	310.0	5.7	5.7
2025/07/16 10:31:38	1014.7	1.0	25.9	26.0	88.0	88.0	155.0	307.0	5.6	5.6
2025/07/16 10:31:39	#	#	#	#	#	#	#	#	#	#
2025/07/16 10:31:40	1014.7	1.0	25.9	26.0	88.0	88.0	153.0	305.0	6.0	6.0
2025/07/16 10:31:41	1014.7	1.0	25.9	26.0	88.0	88.0	159.0	311.0	6.2	6.2
2025/07/16 10:31:42	1014.7	1.0	25.9	26.0	88.0	88.0	161.0	313.0	6.2	6.2
2025/07/16 10:31:43	#	#	#	#	#	#	#	#	#	#
2025/07/16 10:31:44	1014.7	1.0	26.0	26.0	88.0	88.0	160.0	312.0	5.9	5.9
2025/07/16 10:31:45	#	#	#	#	#	#	#	#	#	#
2025/07/16 10:31:46	1014.7	1.0	26.0	26.1	88.0	88.0	152.0	304.0	5.5	5.5
2025/07/16 10:31:47	1014.7	1.0	26.0	26.1	88.0	88.0	156.0	309.0	6.0	6.0
2025/07/16 10:31:48	1014.7	1.0	26.0	26.1	88.0	88.0	159.0	311.0	6.4	6.4
2025/07/16 10:31:49	#	#	#	#	#	#	#	#	#	#
2025/07/16 10:31:50	1014.7	1.0	26.0	26.1	88.0	88.0	158.0	310.0	6.5	6.5
2025/07/16 10:31:51	1014.7	1.0	26.0	26.1	88.0	88.0	152.0	305.0	6.1	6.1
2025/07/16 10:31:52	1014.7	1.0	26.0	26.1	88.0	88.0	153.0	305.0	6.0	6.0
2025/07/16 10:31:53	1014.7	1.0	26.0	26.1	88.0	88.0	155.0	307.0	5.9	5.9
2025/07/16 10:31:54	1014.7	1.0	26.0	26.1	88.0	88.0	157.0	310.0	5.7	5.7
2025/07/16 10:31:55	#	#	#	#	#	#	#	#	#	#
2025/07/16 10:31:56	1014.7	1.0	26.0	26.1	88.0	88.0	157.0	310.0	5.6	5.6
2025/07/16 10:31:57	1014.7	1.0	26.0	26.1	88.0	88.0	156.0	309.0	5.5	5.5
2025/07/16 10:31:58	1014.7	1.0	26.0	26.1	88.0	88.0	154.0	307.0	5.8	5.8
2025/07/16 10:31:59	1014.7	1.0	26.0	26.1	88.0	88.0	153.0	305.0	6.0	6.0
2025/07/16 10:32:00	1014.7	1.0	25.9	26.1	88.0	88.0	153.0	305.0	6.2	6.2
2025/07/16 10:32:01	1014.7	1.0	25.9	26.1	88.0	88.0	150.0	305.0	6.1	6.2
2025/07/16 10:32:02	1014.7	1.0	25.9	26.1	88.0	88.0	151.0	304.0	6.1	6.1
2025/07/16 10:32:03	1014.7	1.0	25.9	26.1	88.0	88.0	151.0	304.0	5.8	5.8
2025/07/16 10:32:04	1014.7	1.0	25.9	26.1	88.0	87.0	153.0	306.0	5.8	5.8
2025/07/16 10:32:05	1014.7	1.0	25.9	26.1	88.0	87.0	154.0	307.0	5.8	5.8
2025/07/16 10:32:06	1014.7	1.0	25.9	26.1	88.0	87.0	156.0	308.0	6.0	6.0
2025/07/16 10:32:07	1014.7	1.0	25.9	26.1	88.0	87.0	157.0	310.0	6.0	6.0
2025/07/16 10:32:08	1014.7	1.0	26.0	26.1	88.0	87.0	155.0	310.0	5.9	6.1
2025/07/16 10:32:09	1014.7	1.0	26.0	26.1	88.0	88.0	154.0	309.0	5.5	5.7
2025/07/16 10:32:10	1014.7	1.0	26.0	26.1	88.0	88.0	156.0	310.0	5.5	5.5
2025/07/16 10:32:11	1014.7	1.0	26.0	26.1	88.0	88.0	157.0	310.0	5.6	5.6
2025/07/16 10:32:12	1014.6	1.0	26.0	26.1	88.0	88.0	159.0	312.0	5.4	5.4
2025/07/16 10:32:13	1014.6	1.0	26.0	26.1	88.0	88.0	156.0	312.0	5.7	5.9
2025/07/16 10:32:14	1014.6	1.0	26.0	26.1	88.0	88.0	157.0	310.0	6.3	6.3
2025/07/16 10:32:15	1014.6	1.0	26.0	26.1	88.0	88.0	156.0	308.0	7.0	7.0
2025/07/16 10:32:16	1014.6	1.0	26.1	26.1	88.0	88.0	152.0	307.0	6.7	6.9
2025/07/16 10:32:17	1014.6	1.0	26.1	26.1	88.0	88.0	157.0	309.0	6.6	6.6
2025/07/16 10:32:18	1014.6	1.0	26.1	26.1	88.0	88.0	160.0	312.0	6.1	6.1
2025/07/16 10:32:19	1014.6	1.0	26.1	26.1	88.0	88.0	163.0	316.0	5.9	5.9
2025/07/16 10:32:20	1014.6	1.0	26.1	26.1	88.0	88.0	159.0	313.0	5.8	5.8
2025/07/16 10:32:21	1014.7	1.0	26.1	26.1	88.0	88.0	155.0	309.0	6.3	6.3
2025/07/16 10:32:22	1014.7	1.0	26.1	26.1	88.0	88.0	150.0	306.0	6.5	6.7
2025/07/16 10:32:23	1014.7	1.0	26.1	26.1	88.0	88.0	151.0	306.0	6.7	6.8
2025/07/16 10:32:24	1014.7	1.0	26.1	26.1	88.0	88.0	154.0	310.0	6.3	6.5
2025/07/16 10:32:25	1014.7	1.0	26.1	26.1	88.0	88.0	160.0	313.0	6.4	6.4
2025/07/16 10:32:26	1014.7	1.0	26.1	26.1	88.0	88.0	161.0	314.0	6.3	6.3
2025/07/16 10:32:27	1014.7	1.0	26.1	26.1	88.0	88.0	160.0	313.0	6.2	6.2
2025/07/16 10:32:28	1014.7	1.0	26.1	26.1	88.0	88.0	157.0	310.0	6.2	6.2
2025/07/16 10:32:29	1014.7	1.0	26.1	26.1	88.0	88.0	154.0	308.0	6.2	6.2
2025/07/16 10:32:30	1014.7	1.0	26.1	26.1	88.0	88.0	154.0	308.0	6.4	6.4
2025/07/16 10:32:31	1014.7	1.0	26.1	26.1	88.0	88.0	156.0	310.0	6.5	6.5
2025/07/16 10:32:32	1014.7	1.0	26.1	26.1	88.0	88.0	161.0	315.0	6.6	6.6
2025/07/16 10:32:33	1014.7	1.0	26.1	26.1	88.0	88.0	161.0	315.0	6.7	6.7
2025/07/16 10:32:34	1014.7	1.0	26.1	26.1	88.0	88.0	158.0	312.0	6.4	6.4
2025/07/16 10:32:35	1014.7	1.0	26.1	26.1	88.0	88.0	155.0	310.0	6.0	6.0
2025/07/16 10:32:36	1014.7	1.0	26.1	26.1	88.0	88.0	157.0	312.0	5.7	5.7
2025/07/16 10:32:37	1014.7	1.0	26.1	26.1	88.0	88.0	160.0	314.0	5.9	5.9
2025/07/16 10:32:38	1014.7	1.0	26.1	26.1	88.0	88.0	160.0	315.0	6.3	6.3
2025/07/16 10:32:39	1014.7	1.0	26.1	26.1	88.0	88.0	161.0	316.0	6.1	6.1
2025/07/16 10:32:40	1014.7	1.0	26.1	26.1	88.0	88.0	158.0	313.0	5.6	5.6
2025/07/16 10:32:41	1014.7	1.0	26.1	26.1	88.0	88.0	155.0	310.0	5.3	5.3
2025/07/16 10:32:42	1014.7	1.0	26.1	26.1	88.0	88.0	155.0	311.0	5.5	5.5
2025/07/16 10:32:43	1014.7	1.0	26.1	26.1	88.0	88.0	156.0	313.0	6.0	6.2
2025/07/16 10:32:44	1014.7	1.0	26.1	26.1	88.0	88.0	157.0	314.0	6.3	6.5
2025/07/16 10:32:45	1014.7	1.0	26.1	26.1	88.0	88.0	155.0	311.0	6.5	6.5
2025/07/16 10:32:46	1014.7	1.0	26.1	26.1	88.0	88.0	151.0	306.0	6.4	6.4
2025/07/16 10:32:47	1014.7	1.0	26.0	26.1	88.0	88.0	150.0	305.0	6.6	6.6
2025/07/16 10:32:48	1014.7	1.0	26.0	26.1	88.0	88.0	154.0	309.0	6.6	6.6
2025/07/16 10:32:49	1014.7	1.0	26.0	26.1	88.0	88.0	160.0	315.0	6.5	6.5
2025/07/16 10:32:50	1014.7	1.0	26.0	26.1	88.0	88.0	162.0	317.0	5.9	5.9
2025/07/16 10:32:51	1014.7	1.0	26.0	26.1	88.0	88.0	160.0	316.0	5.6	5.6
2025/07/16 10:32:52	1014.7	1.0	26.1	26.1	88.0	88.0	157.0	312.0	5.7	5.7
2025/07/16 10:32:53	1014.7	1.0	26.1	26.1	88.0	88.0	156.0	311.0	6.0	6.0
2025/07/16 10:32:54	1014.7	1.0	26.1	26.1	88.0	88.0	157.0	312.0	6.3	6.3
2025/07/16 10:32:55	1014.7	1.0	26.1	26.1	88.0	88.0	155.0	310.0	6.3	6.3
2025/07/16 10:32:56	1014.7	1.0	26.1	26.1	88.0	88.0	155.0	310.0	5.9	5.9
2025/07/16 10:32:57	1014.7	1.0	26.1	26.1	88.0	88.0	156.0	310.0	5.8	5.8
2025/07/16 10:32:58	1014.7	1.0	26.1	26.1	88.0	88.0	157.0	312.0	5.6	5.6
2025/07/16 10:32:59	1014.7	1.0	26.1	26.1	88.0	88.0	159.0	313.0	6.1	6.1
2025/07/16 10:33:00	1014.7	1.0	26.0	26.1	88.0	88.0	160.0	315.0	6.5	6.5
2025/07/16 10:33:01	1014.7	1.0	26.0	26.1	88.0	88.0	159.0	313.0	6.6	6.6
2025/07/16 10:33:02	1014.7	1.0	26.0	26.1	88.0	88.0	154.0	309.0	6.0	6.0
2025/07/16 10:33:03	1014.7	1.0	26.0	26.1	88.0	88.0	152.0	306.0	5.5	5.5
2025/07/16 10:33:04	1014.7	1.0	26.0	26.1	88.0	88.0	154.0	308.0	5.5	5.5
2025/07/16 10:33:05	1014.7	1.0	26.0	26.1	88.0	88.0	158.0	312.0	5.9	5.9
2025/07/16 10:33:06	1014.7	1.0	26.0	26.1	88.0	88.0	161.0	315.0	6.1	6.1
2025/07/16 10:33:07	1014.7	1.0	26.0	26.1	88.0	88.0	162.0	315.0	5.9	5.9
2025/07/16 10:33:08	1014.7	1.0	26.0	26.1	88.0	88.0	160.0	313.0	5.4	5.4
2025/07/16 10:33:09	1014.7	1.0	26.0	26.1	88.0	88.0	156.0	309.0	5.2	5.2
2025/07/16 10:33:10	1014.7	1.0	26.0	26.1	88.0	88.0	152.0	306.0	5.4	5.4
2025/07/16 10:33:11	1014.7	1.0	26.0	26.1	88.0	88.0	151.0	304.0	6.2	6.2
2025/07/16 10:33:12	1014.7	1.0	26.0	26.1	88.0	88.0	150.0	303.0	7.0	7.0
2025/07/16 10:33:13	1014.7	1.0	26.0	26.1	88.0	88.0	150.0	304.0	7.1	7.1
2025/07/16 10:33:14	1014.7	1.0	26.0	26.1	88.0	88.0	156.0	309.0	6.5	6.5
2025/07/16 10:33:15	1014.7	1.0	26.0	26.1	88.0	88.0	158.0	311.0	5.9	5.9
2025/07/16 10:33:16	1014.7	1.0	26.0	26.1	88.0	88.0	161.0	314.0	5.5	5.5
2025/07/16 10:33:17	1014.7	1.0	26.0	26.1	88.0	88.0	162.0	315.0	5.8	5.8
2025/07/16 10:33:18	#	#	#	#	#	#	#	#	#	#
2025/07/16 10:33:19	1014.7	1.0	26.0	26.1	88.0	88.0	160.0	313.0	5.9	5.9
2025/07/16 10:33:20	1014.7	1.0	26.0	26.1	88.0	88.0	158.0	311.0	5.9	5.9
2025/07/16 10:33:21	1014.7	1.0	26.0	26.1	88.0	88.0	160.0	313.0	5.9	5.9
2025/07/16 10:33:22	1014.7	1.0	26.0	26.1	88.0	88.0	161.0	314.0	6.1	6.1
2025/07/16 10:33:23	1014.7	1.0	26.0	26.1	88.0	88.0	159.0	314.0	6.3	6.5
2025/07/16 10:33:24	1014.7	1.0	26.0	26.1	88.0	88.0	160.0	313.0	6.9	6.9
2025/07/16 10:33:25	1014.7	1.0	26.0	26.1	88.0	88.0	157.0	310.0	6.5	6.5
2025/07/16 10:33:26	1014.7	1.0	26.0	26.1	88.0	88.0	156.0	309.0	6.4	6.4
2025/07/16 10:33:27	1014.7	1.0	26.0	26.1	88.0	88.0	155.0	309.0	6.5	6.5
2025/07/16 10:33:28	1014.7	1.0	26.0	26.1	88.0	88.0	156.0	309.0	6.7	6.7
2025/07/16 10:33:29	1014.7	1.0	26.0	26.1	88.0	88.0	159.0	312.0	6.8	6.8
2025/07/16 10:33:30	1014.7	1.0	26.0	26.1	88.0	88.0	158.0	311.0	6.8	6.8
2025/07/16 10:33:31	1014.7	1.0	26.0	26.1	88.0	88.0	158.0	311.0	6.4	6.4
2025/07/16 10:33:32	1014.7	1.0	26.0	26.1	88.0	88.0	155.0	308.0	6.2	6.2
2025/07/16 10:33:33	1014.7	1.0	26.0	26.1	88.0	88.0	156.0	309.0	6.0	6.0
2025/07/16 10:33:34	1014.7	1.0	26.0	26.1	88.0	88.0	156.0	310.0	6.2	6.2
2025/07/16 10:33:35	1014.7	1.0	26.0	26.1	88.0	88.0	155.0	309.0	6.3	6.3
2025/07/16 10:33:36	1014.7	1.0	26.0	26.1	88.0	88.0	155.0	308.0	6.6	6.6
2025/07/16 10:33:37	1014.7	1.0	26.1	26.1	88.0	88.0	154.0	307.0	6.9	6.9
2025/07/16 10:33:38	1014.7	1.0	26.1	26.1	88.0	88.0	151.0	305.0	7.3	7.3
2025/07/16 10:33:39	1014.7	1.0	26.1	26.1	88.0	88.0	150.0	304.0	7.3	7.3
2025/07/16 10:33:40	1014.7	1.0	26.1	26.1	88.0	88.0	150.0	303.0	7.2	7.2
2025/07/16 10:33:41	1014.7	1.0	26.1	26.1	88.0	88.0	152.0	305.0	6.9	6.9
2025/07/16 10:33:42	1014.7	1.0	26.1	26.1	88.0	88.0	153.0	307.0	6.2	6.2
2025/07/16 10:33:43	1014.7	1.0	26.1	26.1	88.0	88.0	153.0	307.0	5.8	5.8
2025/07/16 10:33:44	1014.7	1.0	26.1	26.1	88.0	88.0	156.0	309.0	5.6	5.6
2025/07/16 10:33:45	1014.7	1.0	26.1	26.1	88.0	88.0	154.0	309.0	5.8	6.0
2025/07/16 10:33:46	1014.7	1.0	26.1	26.1	88.0	88.0	157.0	310.0	6.5	6.5
2025/07/16 10:33:47	1014.7	1.0	26.1	26.1	88.0	88.0	152.0	306.0	6.8	6.8
2025/07/16 10:33:48	1014.7	1.0	26.1	26.1	88.0	88.0	148.0	301.0	6.6	6.6
2025/07/16 10:33:49	1014.7	1.0	26.1	26.1	88.0	88.0	146.0	301.0	6.0	6.1
2025/07/16 10:33:50	1014.7	1.0	26.1	26.1	88.0	88.0	148.0	303.0	5.6	5.7
2025/07/16 10:33:51	1014.7	1.0	26.1	26.1	88.0	88.0	155.0	308.0	5.8	5.8
2025/07/16 10:33:52	1014.7	1.0	26.1	26.1	88.0	88.0	156.0	310.0	6.2	6.2
2025/07/16 10:33:53	1014.7	1.0	26.1	26.1	88.0	88.0	153.0	306.0	6.6	6.6
2025/07/16 10:33:54	1014.7	1.0	26.1	26.1	88.0	88.0	147.0	301.0	6.7	6.7
2025/07/16 10:33:55	1014.7	1.0	26.1	26.1	88.0	88.0	147.0	301.0	6.7	6.7
2025/07/16 10:33:56	1014.7	1.0	26.1	26.1	88.0	88.0	149.0	303.0	6.7	6.7
2025/07/16 10:33:57	1014.7	1.0	26.1	26.1	88.0	88.0	152.0	305.0	6.5	6.5
2025/07/16 10:33:58	1014.7	1.0	26.1	26.1	88.0	88.0	156.0	308.0	6.3	6.3
2025/07/16 10:33:59	1014.7	1.0	26.1	26.1	88.0	88.0	156.0	309.0	6.0	6.0
2025/07/16 10:34:00	1014.7	1.0	26.1	26.1	88.0	88.0	152.0	306.0	5.5	5.5
2025/07/16 10:34:01	1014.7	1.0	26.1	26.1	88.0	88.0	149.0	303.0	5.3	5.3
2025/07/16 10:34:02	1014.7	1.0	26.1	26.1	88.0	88.0	150.0	303.0	5.5	5.5
2025/07/16 10:34:03	1014.7	1.0	26.1	26.1	88.0	88.0	156.0	309.0	5.9	5.9
2025/07/16 10:34:04	1014.7	1.0	26.1	26.1	88.0	88.0	161.0	314.0	6.4	6.4
2025/07/16 10:34:05	1014.7	1.0	26.1	26.1	88.0	88.0	161.0	314.0	6.4	6.4
2025/07/16 10:34:06	1014.7	1.0	26.1	26.1	88.0	88.0	158.0	311.0	6.4	6.4
2025/07/16 10:34:07	1014.7	1.0	26.1	26.1	88.0	88.0	153.0	307.0	6.4	6.4
2025/07/16 10:34:08	1014.7	1.0	26.1	26.1	88.0	88.0	152.0	305.0	6.7	6.7
2025/07/16 10:34:09	1014.8	1.0	26.1	26.1	88.0	88.0	155.0	308.0	7.0	7.0
2025/07/16 10:34:10	1014.8	1.0	26.1	26.1	88.0	88.0	161.0	314.0	7.0	7.0
2025/07/16 10:34:11	1014.8	1.0	26.1	26.1	88.0	88.0	160.0	314.0	6.1	6.1
2025/07/16 10:34:12	1014.8	1.0	26.1	26.1	88.0	88.0	161.0	315.0	5.5	5.5
2025/07/16 10:34:13	1014.8	1.0	26.1	26.1	88.0	88.0	163.0	316.0	5.0	5.0
2025/07/16 10:34:14	1014.8	1.0	26.1	26.1	88.0	88.0	171.0	324.0	5.2	5.2
2025/07/16 10:34:15	1014.8	1.0	26.1	26.1	88.0	88.0	175.0	328.0	5.5	5.5
2025/07/16 10:34:16	1014.8	1.0	26.1	26.1	88.0	88.0	170.0	325.0	5.4	5.6
2025/07/16 10:34:17	1014.8	1.0	26.1	26.1	88.0	88.0	161.0	315.0	5.8	6.0
2025/07/16 10:34:18	1014.7	1.0	26.1	26.1	88.0	88.0	157.0	310.0	5.7	5.7
2025/07/16 10:34:19	1014.7	1.0	26.1	26.2	88.0	88.0	156.0	310.0	6.2	6.2
2025/07/16 10:34:20	1014.7	1.0	26.1	26.2	88.0	88.0	161.0	314.0	6.7	6.7
2025/07/16 10:34:21	#	#	#	#	#	#	#	#	#	#
2025/07/16 10:34:22	1014.7	1.0	26.1	26.2	88.0	88.0	166.0	318.0	6.7	6.7
2025/07/16 10:34:23	#	#	#	#	#	#	#	#	#	#
2025/07/16 10:34:24	1014.7	1.0	26.1	26.2	88.0	88.0	163.0	316.0	5.8	5.8
2025/07/16 10:34:25	1014.7	1.0	26.1	26.2	88.0	88.0	163.0	316.0	5.9	5.9
2025/07/16 10:34:26	1014.7	1.0	26.1	26.2	88.0	88.0	165.0	318.0	5.7	5.7
2025/07/16 10:34:27	1014.7	1.0	26.1	26.2	88.0	88.0	166.0	319.0	5.5	5.5
2025/07/16 10:34:28	1014.7	1.0	26.1	26.2	88.0	88.0	170.0	322.0	5.3	5.3
2025/07/16 10:34:29	1014.7	1.0	26.1	26.2	88.0	88.0	169.0	322.0	5.4	5.4
2025/07/16 10:34:30	1014.7	1.0	26.1	26.2	88.0	88.0	167.0	319.0	5.6	5.6
2025/07/16 10:34:31	1014.7	1.0	26.1	26.2	88.0	88.0	164.0	317.0	5.4	5.4
2025/07/16 10:34:32	1014.7	1.0	26.1	26.2	88.0	88.0	162.0	315.0	5.6	5.6
2025/07/16 10:34:33	1014.7	1.0	26.1	26.2	88.0	88.0	161.0	314.0	6.2	6.2
2025/07/16 10:34:34	1014.7	1.0	26.1	26.2	88.0	88.0	160.0	313.0	6.7	6.7
2025/07/16 10:34:35	1014.7	1.0	26.1	26.2	88.0	88.0	160.0	313.0	7.0	7.0
2025/07/16 10:34:36	1014.7	1.0	26.1	26.2	88.0	88.0	160.0	312.0	6.8	6.8
2025/07/16 10:34:37	1014.7	1.0	26.1	26.2	88.0	88.0	159.0	311.0	6.2	6.2
2025/07/16 10:34:38	1014.7	1.0	26.1	26.1	88.0	88.0	160.0	313.0	5.7	5.7
2025/07/16 10:34:39	1014.7	1.0	26.0	26.1	88.0	88.0	165.0	317.0	5.6	5.6
2025/07/16 10:34:40	1014.7	1.0	26.0	26.1	88.0	88.0	170.0	322.0	5.8	5.8
2025/07/16 10:34:41	1014.7	1.0	26.0	26.1	88.0	87.0	175.0	327.0	5.7	5.7
2025/07/16 10:34:42	1014.7	1.0	26.0	26.1	88.0	87.0	171.0	323.0	5.4	5.4
2025/07/16 10:34:43	1014.7	1.0	26.0	26.1	88.0	87.0	166.0	318.0	5.4	5.4
2025/07/16 10:34:44	1014.7	1.0	26.0	26.1	88.0	87.0	162.0	314.0	5.5	5.5
2025/07/16 10:34:45	1014.7	1.0	26.0	26.1	88.0	87.0	159.0	313.0	6.0	6.2
2025/07/16 10:34:46	1014.7	1.0	26.0	26.1	88.0	87.0	161.0	313.0	6.5	6.5
2025/07/16 10:34:47	1014.7	1.0	26.0	26.1	88.0	87.0	161.0	313.0	6.2	6.2
2025/07/16 10:34:48	1014.7	1.0	26.0	26.1	88.0	87.0	158.0	312.0	5.8	6.0
2025/07/16 10:34:49	1014.7	1.0	26.0	26.1	88.0	87.0	157.0	311.0	5.7	5.9
2025/07/16 10:34:50	1014.7	1.0	26.0	26.1	88.0	87.0	159.0	311.0	6.2	6.2
2025/07/16 10:34:51	1014.7	1.0	26.0	26.1	88.0	87.0	161.0	313.0	6.8	6.8
2025/07/16 10:34:52	1014.7	1.0	26.0	26.1	88.0	87.0	160.0	312.0	6.4	6.4
2025/07/16 10:34:53	1014.7	1.0	26.0	26.1	88.0	87.0	161.0	312.0	5.9	5.9
2025/07/16 10:34:54	1014.7	1.0	26.0	26.1	88.0	87.0	160.0	312.0	5.4	5.4
2025/07/16 10:34:55	1014.7	1.0	26.1	26.1	88.0	87.0	161.0	313.0	5.6	5.6
2025/07/16 10:34:56	1014.7	1.0	26.1	26.1	88.0	87.0	165.0	317.0	5.9	5.9
2025/07/16 10:34:57	1014.7	1.0	26.1	26.1	88.0	87.0	164.0	316.0	6.1	6.1
2025/07/16 10:34:58	1014.7	1.0	26.1	26.1	88.0	87.0	162.0	314.0	6.5	6.5
2025/07/16 10:34:59	1014.7	1.0	26.1	26.1	88.0	88.0	159.0	311.0	6.1	6.1
2025/07/16 10:35:00	1014.7	1.0	26.1	26.1	88.0	88.0	159.0	310.0	5.6	5.6
2025/07/16 10:35:01	1014.7	1.0	26.1	26.1	88.0	88.0	155.0	306.0	5.6	5.6
2025/07/16 10:35:02	1014.7	1.0	26.1	26.2	88.0	87.0	156.0	307.0	5.9	5.9
2025/07/16 10:35:03	1014.7	1.0	26.1	26.2	88.0	87.0	157.0	308.0	6.3	6.3
2025/07/16 10:35:04	#	#	#	#	#	#	#	#	#	#
2025/07/16 10:35:05	1014.7	1.0	26.1	26.2	88.0	88.0	159.0	310.0	6.3	6.3
2025/07/16 10:35:06	1014.7	1.0	26.1	26.2	88.0	88.0	156.0	308.0	5.8	5.8
2025/07/16 10:35:07	1014.7	1.0	26.1	26.2	88.0	88.0	154.0	308.0	4.8	5.0
2025/07/16 10:35:08	1014.7	1.0	26.1	26.2	88.0	88.0	162.0	313.0	4.5	4.5
2025/07/16 10:35:09	1014.7	1.0	26.1	26.2	88.0	88.0	165.0	317.0	4.9	4.9
2025/07/16 10:35:10	1014.7	1.0	26.1	26.2	88.0	88.0	170.0	321.0	5.4	5.4
2025/07/16 10:35:11	1014.7	1.0	26.2	26.2	88.0	88.0	167.0	318.0	5.6	5.6
2025/07/16 10:35:12	1014.7	1.0	26.2	26.2	88.0	88.0	164.0	315.0	5.3	5.3
2025/07/16 10:35:13	1014.7	1.0	26.2	26.2	88.0	88.0	156.0	307.0	5.2	5.2
2025/07/16 10:35:14	1014.7	1.0	26.2	26.2	88.0	88.0	154.0	305.0	5.5	5.5
2025/07/16 10:35:15	1014.7	1.0	26.2	26.2	88.0	88.0	156.0	306.0	6.0	6.0
2025/07/16 10:35:16	1014.7	1.0	26.2	26.2	88.0	88.0	155.0	306.0	6.3	6.3
2025/07/16 10:35:17	1014.7	1.0	26.2	26.2	88.0	88.0	151.0	302.0	6.4	6.4
2025/07/16 10:35:18	1014.7	1.0	26.2	26.3	88.0	88.0	150.0	301.0	6.5	6.5
2025/07/16 10:35:19	1014.7	1.0	26.2	26.3	88.0	88.0	152.0	303.0	6.6	6.6
2025/07/16 10:35:20	1014.7	1.0	26.2	26.3	88.0	88.0	155.0	308.0	6.4	6.6
2025/07/16 10:35:21	1014.7	1.0	26.2	26.3	88.0	88.0	162.0	313.0	6.5	6.5
2025/07/16 10:35:22	1014.7	1.0	26.2	26.3	88.0	88.0	163.0	314.0	6.0	6.0
2025/07/16 10:35:23	1014.7	1.0	26.2	26.3	88.0	88.0	163.0	314.0	5.7	5.7
2025/07/16 10:35:24	1014.7	1.0	26.2	26.3	88.0	88.0	164.0	314.0	5.2	5.2
2025/07/16 10:35:25	1014.7	1.0	26.2	26.3	88.0	88.0	162.0	312.0	5.5	5.5
2025/07/16 10:35:26	1014.7	1.0	26.2	26.3	88.0	88.0	161.0	312.0	6.6	6.6
2025/07/16 10:35:27	1014.7	1.0	26.2	26.3	88.0	88.0	162.0	312.0	6.9	6.9
2025/07/16 10:35:28	1014.7	1.0	26.2	26.3	88.0	88.0	162.0	312.0	7.0	7.0
2025/07/16 10:35:29	1014.7	1.0	26.2	26.3	88.0	88.0	159.0	310.0	7.0	7.0
2025/07/16 10:35:30	1014.7	1.0	26.2	26.3	88.0	88.0	158.0	308.0	7.0	7.0
2025/07/16 10:35:31	1014.7	1.0	26.2	26.2	88.0	88.0	155.0	306.0	6.7	6.7
2025/07/16 10:35:32	1014.7	1.0	26.1	26.2	88.0	88.0	156.0	306.0	6.5	6.5
2025/07/16 10:35:33	1014.7	1.0	26.1	26.2	88.0	87.0	160.0	310.0	6.3	6.3
2025/07/16 10:35:34	1014.7	1.0	26.1	26.2	88.0	87.0	165.0	315.0	6.6	6.6
2025/07/16 10:35:35	1014.7	1.0	26.2	26.2	88.0	87.0	168.0	318.0	6.9	6.9
2025/07/16 10:35:36	1014.7	1.0	26.2	26.2	88.0	88.0	168.0	318.0	6.7	6.7
2025/07/16 10:35:37	1014.7	1.0	26.2	26.2	88.0	88.0	166.0	317.0	6.3	6.3
2025/07/16 10:35:38	1014.7	1.0	26.2	26.2	88.0	88.0	163.0	313.0	5.9	5.9
2025/07/16 10:35:39	1014.7	1.0	26.2	26.2	88.0	88.0	161.0	311.0	5.7	5.7
2025/07/16 10:35:40	1014.7	1.0	26.2	26.2	88.0	88.0	165.0	314.0	6.7	6.7
2025/07/16 10:35:41	1014.7	1.0	26.1	26.2	88.0	88.0	163.0	313.0	6.5	6.5
2025/07/16 10:35:42	1014.7	1.0	26.1	26.2	88.0	88.0	161.0	311.0	6.3	6.3
2025/07/16 10:35:43	1014.7	1.0	26.1	26.2	88.0	88.0	159.0	309.0	6.5	6.5
2025/07/16 10:35:44	#	#	#	#	#	#	#	#	#	#
2025/07/16 10:35:45	1014.7	1.0	26.1	26.2	88.0	88.0	158.0	308.0	6.9	6.9
2025/07/16 10:35:46	1014.7	1.0	26.1	26.2	88.0	87.0	158.0	309.0	7.0	7.0
2025/07/16 10:35:47	1014.7	1.0	26.1	26.2	88.0	87.0	158.0	309.0	6.7	6.7
2025/07/16 10:35:48	1014.7	1.0	26.1	26.2	88.0	87.0	160.0	310.0	6.5	6.5
2025/07/16 10:35:49	1014.7	1.0	26.1	26.2	88.0	87.0	161.0	312.0	6.2	6.2
2025/07/16 10:35:50	1014.7	1.0	26.1	26.2	88.0	87.0	159.0	309.0	6.0	6.0
2025/07/16 10:35:51	1014.7	1.0	26.1	26.2	88.0	87.0	160.0	310.0	6.0	6.0
2025/07/16 10:35:52	1014.7	1.0	26.1	26.2	88.0	87.0	163.0	314.0	6.1	6.1
2025/07/16 10:35:53	#	#	#	#	#	#	#	#	#	#
2025/07/16 10:35:54	1014.7	1.0	26.1	26.2	88.0	87.0	163.0	313.0	6.3	6.3
2025/07/16 10:35:55	1014.7	1.0	26.1	26.2	88.0	87.0	155.0	308.0	6.3	6.5
2025/07/16 10:35:56	1014.7	1.0	26.1	26.2	88.0	87.0	154.0	305.0	6.7	6.7
2025/07/16 10:35:57	1014.7	1.0	26.1	26.2	88.0	87.0	158.0	309.0	7.1	7.1
2025/07/16 10:35:58	1014.7	1.0	26.1	26.2	88.0	87.0	162.0	313.0	7.2	7.2
2025/07/16 10:35:59	1014.7	1.0	26.1	26.2	88.0	87.0	161.0	311.0	6.9	6.9
2025/07/16 10:36:00	1014.7	1.0	26.1	26.2	88.0	87.0	160.0	310.0	6.6	6.6
2025/07/16 10:36:01	1014.7	1.0	26.1	26.2	88.0	87.0	157.0	308.0	6.3	6.3
2025/07/16 10:36:02	1014.7	1.0	26.1	26.2	88.0	87.0	156.0	306.0	5.9	5.9
2025/07/16 10:36:03	1014.7	1.0	26.1	26.2	88.0	87.0	158.0	309.0	5.7	5.7
2025/07/16 10:36:04	1014.7	1.0	26.1	26.2	88.0	87.0	164.0	315.0	5.8	5.8
2025/07/16 10:36:05	1014.7	1.0	26.1	26.1	88.0	87.0	166.0	317.0	6.0	6.0
2025/07/16 10:36:06	1014.7	1.0	26.1	26.1	88.0	87.0	165.0	316.0	6.3	6.3
2025/07/16 10:36:07	1014.7	1.0	26.1	26.1	88.0	87.0	162.0	313.0	6.3	6.3
2025/07/16 10:36:08	1014.7	1.0	26.1	26.1	88.0	87.0	157.0	308.0	6.2	6.2
2025/07/16 10:36:09	1014.7	1.0	26.1	26.1	88.0	87.0	154.0	305.0	6.2	6.2
2025/07/16 10:36:10	1014.7	1.0	26.1	26.1	88.0	87.0	156.0	307.0	6.5	6.5
2025/07/16 10:36:11	1014.7	1.0	26.1	26.1	88.0	87.0	160.0	311.0	6.9	6.9
2025/07/16 10:36:12	1014.7	1.0	26.1	26.1	88.0	87.0	160.0	311.0	7.1	7.1
2025/07/16 10:36:13	1014.7	1.0	26.1	26.1	88.0	87.0	158.0	309.0	6.6	6.6
2025/07/16 10:36:14	1014.7	1.0	26.0	26.1	88.0	87.0	153.0	304.0	5.9	5.9
2025/07/16 10:36:15	1014.7	1.0	26.0	26.1	88.0	87.0	154.0	305.0	5.8	5.8
2025/07/16 10:36:16	1014.7	1.0	26.0	26.1	88.0	87.0	158.0	309.0	5.9	5.9
2025/07/16 10:36:17	1014.7	1.0	26.0	26.1	88.0	87.0	161.0	312.0	6.0	6.0
2025/07/16 10:36:18	1014.7	1.0	26.0	26.1	88.0	87.0	161.0	312.0	6.1	6.1
2025/07/16 10:36:19	1014.7	1.0	26.0	26.1	88.0	87.0	157.0	308.0	5.8	5.8
2025/07/16 10:36:20	1014.7	1.0	26.1	26.1	88.0	87.0	150.0	301.0	5.5	5.5
2025/07/16 10:36:21	1014.7	1.0	26.1	26.1	88.0	87.0	154.0	304.0	5.4	5.4
2025/07/16 10:36:22	1014.7	1.0	26.1	26.1	87.0	87.0	157.0	307.0	5.6	5.6
2025/07/16 10:36:23	1014.7	1.0	26.1	26.1	87.0	87.0	163.0	314.0	6.0	6.0
2025/07/16 10:36:24	1014.7	1.0	26.1	26.1	87.0	87.0	163.0	314.0	6.2	6.2
2025/07/16 10:36:25	1014.7	1.0	26.1	26.1	88.0	87.0	158.0	309.0	6.0	6.0
2025/07/16 10:36:26	1014.7	1.0	26.1	26.1	88.0	87.0	155.0	306.0	5.7	5.7
2025/07/16 10:36:27	1014.7	1.0	26.1	26.1	88.0	87.0	154.0	305.0	5.4	5.4
2025/07/16 10:36:28	1014.7	1.0	26.1	26.1	88.0	87.0	161.0	311.0	5.6	5.6
2025/07/16 10:36:29	1014.7	1.0	26.1	26.1	88.0	87.0	160.0	311.0	6.3	6.3
2025/07/16 10:36:30	1014.7	1.0	26.1	26.1	88.0	87.0	159.0	310.0	6.6	6.6
2025/07/16 10:36:31	1014.7	1.0	26.1	26.1	88.0	87.0	159.0	309.0	6.3	6.3
2025/07/16 10:36:32	1014.7	1.0	26.1	26.1	88.0	87.0	160.0	310.0	5.8	5.8
2025/07/16 10:36:33	1014.7	1.0	26.1	26.1	88.0	87.0	159.0	310.0	5.4	5.4
2025/07/16 10:36:34	#	#	#	#	#	#	#	#	#	#
2025/07/16 10:36:35	1014.7	1.0	26.1	26.1	88.0	87.0	162.0	312.0	5.7	5.7
2025/07/16 10:36:36	1014.7	1.0	26.1	26.1	88.0	87.0	163.0	313.0	6.3	6.3
2025/07/16 10:36:37	1014.7	1.0	26.1	26.1	88.0	87.0	161.0	314.0	5.4	5.6
2025/07/16 10:36:38	1014.7	1.0	26.1	26.1	88.0	88.0	159.0	310.0	5.3	5.3
2025/07/16 10:36:39	1014.7	1.0	26.1	26.1	88.0	88.0	159.0	310.0	5.7	5.7
2025/07/16 10:36:40	#	#	#	#	#	#	#	#	#	#
2025/07/16 10:36:41	1014.7	1.0	26.1	26.1	88.0	88.0	157.0	309.0	5.9	6.1
2025/07/16 10:36:42	1014.8	1.0	26.1	26.1	88.0	88.0	160.0	310.0	6.6	6.6
2025/07/16 10:36:43	1014.8	1.0	26.1	26.2	88.0	88.0	164.0	314.0	6.4	6.4
2025/07/16 10:36:44	1014.8	1.0	26.1	26.2	88.0	88.0	161.0	311.0	5.7	5.7
2025/07/16 10:36:45	1014.8	1.0	26.1	26.2	88.0	88.0	159.0	310.0	5.3	5.3
2025/07/16 10:36:46	1014.8	1.0	26.1	26.2	88.0	88.0	159.0	309.0	5.5	5.5
2025/07/16 10:36:47	1014.8	1.0	26.1	26.2	88.0	88.0	160.0	310.0	5.6	5.6
2025/07/16 10:36:48	1014.8	1.0	26.1	26.2	88.0	88.0	162.0	313.0	5.8	5.8
2025/07/16 10:36:49	1014.8	1.0	26.1	26.2	88.0	88.0	163.0	313.0	5.8	5.8
2025/07/16 10:36:50	1014.8	1.0	26.1	26.2	88.0	88.0	164.0	314.0	5.8	5.8
2025/07/16 10:36:51	1014.8	1.0	26.1	26.2	88.0	88.0	162.0	313.0	6.0	6.0
2025/07/16 10:36:52	1014.8	1.0	26.1	26.2	88.0	88.0	163.0	313.0	6.3	6.3
2025/07/16 10:36:53	1014.8	1.0	26.1	26.2	88.0	88.0	164.0	315.0	6.5	6.5
2025/07/16 10:36:54	1014.8	1.0	26.1	26.2	88.0	88.0	166.0	317.0	6.4	6.4
2025/07/16 10:36:55	1014.8	1.0	26.1	26.2	88.0	88.0	166.0	317.0	6.2	6.2
2025/07/16 10:36:56	1014.8	1.0	26.1	26.2	88.0	88.0	162.0	313.0	6.2	6.2
2025/07/16 10:36:57	#	#	#	#	#	#	#	#	#	#
2025/07/16 10:36:58	1014.8	1.0	26.1	26.2	88.0	88.0	162.0	313.0	6.1	6.1
2025/07/16 10:36:59	1014.8	1.0	26.2	26.2	88.0	88.0	161.0	312.0	6.6	6.6
2025/07/16 10:37:00	1014.7	1.0	26.2	26.2	88.0	88.0	163.0	314.0	6.5	6.5
2025/07/16 10:37:01	1014.7	1.0	26.2	26.2	88.0	88.0	166.0	317.0	6.5	6.5
2025/07/16 10:37:02	1014.7	1.0	26.2	26.2	88.0	88.0	165.0	316.0	6.3	6.3
2025/07/16 10:37:03	1014.7	1.0	26.2	26.2	88.0	88.0	165.0	316.0	5.8	5.8
2025/07/16 10:37:04	1014.7	1.0	26.2	26.2	88.0	88.0	163.0	314.0	5.6	5.6
2025/07/16 10:37:05	1014.7	1.0	26.2	26.2	88.0	88.0	165.0	316.0	5.7	5.7
2025/07/16 10:37:06	1014.7	1.0	26.2	26.2	88.0	88.0	165.0	316.0	6.2	6.2
2025/07/16 10:37:07	1014.7	1.0	26.2	26.2	88.0	88.0	164.0	315.0	6.5	6.5
2025/07/16 10:37:08	1014.7	1.0	26.2	26.2	88.0	88.0	162.0	313.0	6.5	6.5
2025/07/16 10:37:09	1014.8	1.0	26.1	26.2	88.0	88.0	159.0	311.0	6.1	6.1
2025/07/16 10:37:10	1014.8	1.0	26.1	26.2	88.0	88.0	161.0	312.0	6.0	6.0
2025/07/16 10:37:11	1014.8	1.0	26.1	26.2	88.0	88.0	165.0	315.0	6.0	6.0
2025/07/16 10:37:12	1014.8	1.0	26.1	26.2	88.0	88.0	166.0	316.0	5.7	5.7
2025/07/16 10:37:13	1014.8	1.0	26.1	26.2	88.0	88.0	166.0	317.0	5.6	5.6
2025/07/16 10:37:14	1014.8	1.0	26.1	26.2	88.0	88.0	165.0	316.0	5.8	5.8
2025/07/16 10:37:15	1014.8	1.0	26.1	26.2	88.0	88.0	161.0	313.0	6.1	6.1
2025/07/16 10:37:16	1014.8	1.0	26.1	26.2	88.0	87.0	160.0	311.0	6.2	6.2
2025/07/16 10:37:17	1014.8	1.0	26.1	26.2	87.0	87.0	160.0	312.0	6.3	6.3
2025/07/16 10:37:18	1014.8	1.0	26.1	26.2	87.0	87.0	162.0	313.0	6.3	6.3
2025/07/16 10:37:19	1014.8	1.0	26.1	26.2	87.0	88.0	163.0	314.0	6.2	6.2
2025/07/16 10:37:20	1014.8	1.0	26.1	26.2	88.0	88.0	163.0	314.0	5.8	5.8
2025/07/16 10:37:21	1014.8	1.0	26.1	26.2	88.0	88.0	163.0	314.0	5.4	5.4
2025/07/16 10:37:22	1014.8	1.0	26.1	26.2	88.0	88.0	163.0	315.0	5.5	5.5
2025/07/16 10:37:23	1014.8	1.0	26.1	26.2	87.0	88.0	163.0	315.0	5.8	5.8
2025/07/16 10:37:24	1014.8	1.0	26.1	26.2	87.0	87.0	161.0	313.0	6.0	6.0
2025/07/16 10:37:25	1014.8	1.0	26.1	26.2	88.0	87.0	159.0	311.0	5.9	5.9
2025/07/16 10:37:26	1014.8	1.0	26.1	26.2	88.0	87.0	160.0	311.0	5.7	5.7
2025/07/16 10:37:27	1014.7	1.0	26.1	26.2	88.0	87.0	161.0	312.0	5.9	5.9
2025/07/16 10:37:28	1014.7	1.0	26.1	26.2	88.0	87.0	162.0	313.0	6.0	6.0
2025/07/16 10:37:29	1014.7	1.0	26.1	26.2	88.0	87.0	161.0	312.0	6.0	6.0
2025/07/16 10:37:30	1014.7	1.0	26.1	26.2	88.0	87.0	160.0	311.0	6.0	6.0
2025/07/16 10:37:31	1014.7	1.0	26.1	26.2	88.0	87.0	161.0	313.0	5.8	5.8
2025/07/16 10:37:32	1014.7	1.0	26.1	26.2	88.0	87.0	163.0	315.0	5.6	5.6
2025/07/16 10:37:33	1014.7	1.0	26.1	26.2	88.0	87.0	165.0	317.0	5.3	5.3
2025/07/16 10:37:34	1014.7	1.0	26.1	26.2	88.0	87.0	165.0	317.0	5.2	5.2
2025/07/16 10:37:35	1014.7	1.0	26.1	26.2	87.0	87.0	165.0	317.0	5.3	5.3
2025/07/16 10:37:36	1014.7	1.0	26.1	26.2	87.0	87.0	163.0	314.0	5.6	5.6
2025/07/16 10:37:37	1014.7	1.0	26.1	26.1	87.0	87.0	159.0	311.0	6.2	6.2
2025/07/16 10:37:38	1014.7	1.0	26.1	26.1	87.0	87.0	159.0	311.0	6.7	6.7
2025/07/16 10:37:39	1014.7	1.0	26.1	26.1	87.0	87.0	161.0	313.0	6.6	6.6
2025/07/16 10:37:40	1014.7	1.0	26.1	26.1	87.0	87.0	161.0	312.0	6.1	6.1
2025/07/16 10:37:41	1014.7	1.0	26.1	26.1	87.0	87.0	161.0	313.0	5.6	5.6
2025/07/16 10:37:42	1014.7	1.0	26.1	26.1	87.0	87.0	160.0	312.0	5.6	5.6
2025/07/16 10:37:43	1014.7	1.0	26.1	26.1	87.0	87.0	160.0	312.0	5.3	5.3
2025/07/16 10:37:44	1014.7	1.0	26.1	26.1	87.0	87.0	163.0	314.0	5.5	5.5
2025/07/16 10:37:45	1014.8	1.0	26.1	26.1	87.0	87.0	165.0	316.0	5.7	5.7
2025/07/16 10:37:46	1014.8	1.0	26.1	26.1	88.0	87.0	162.0	314.0	6.2	6.2
2025/07/16 10:37:47	1014.8	1.0	26.1	26.1	88.0	87.0	160.0	312.0	6.4	6.4
2025/07/16 10:37:48	1014.8	1.0	26.1	26.1	88.0	87.0	158.0	310.0	6.3	6.3
2025/07/16 10:37:49	1014.8	1.0	26.1	26.1	88.0	87.0	156.0	308.0	6.2	6.2
2025/07/16 10:37:50	1014.8	1.0	26.1	26.1	88.0	87.0	154.0	306.0	6.0	6.0
2025/07/16 10:37:51	1014.8	1.0	26.1	26.1	88.0	87.0	155.0	307.0	5.8	5.8
2025/07/16 10:37:52	1014.8	1.0	26.1	26.1	88.0	87.0	160.0	312.0	5.6	5.6
2025/07/16 10:37:53	1014.8	1.0	26.1	26.1	88.0	87.0	163.0	315.0	5.5	5.5
2025/07/16 10:37:54	1014.7	1.0	26.1	26.1	87.0	87.0	162.0	314.0	5.4	5.4
2025/07/16 10:37:55	1014.7	1.0	26.1	26.1	87.0	87.0	158.0	310.0	5.5	5.5
2025/07/16 10:37:56	1014.7	1.0	26.1	26.1	87.0	87.0	160.0	312.0	5.7	5.7
2025/07/16 10:37:57	1014.7	1.0	26.1	26.1	87.0	87.0	157.0	309.0	5.8	5.8
2025/07/16 10:37:58	1014.7	1.0	26.1	26.1	87.0	87.0	160.0	312.0	6.2	6.2
2025/07/16 10:37:59	1014.7	1.0	26.1	26.1	87.0	87.0	160.0	312.0	6.2	6.2
2025/07/16 10:38:00	#	#	#	#	#	#	#	#	#	#
2025/07/16 10:38:01	1014.7	1.0	26.1	26.1	87.0	87.0	160.0	312.0	6.2	6.2
2025/07/16 10:38:02	1014.7	1.0	26.1	26.1	87.0	87.0	160.0	312.0	6.3	6.3
2025/07/16 10:38:03	1014.8	1.0	26.1	26.1	87.0	87.0	159.0	311.0	6.6	6.6
2025/07/16 10:38:04	1014.8	1.0	26.1	26.1	87.0	87.0	154.0	306.0	6.9	6.9
2025/07/16 10:38:05	#	#	#	#	#	#	#	#	#	#
2025/07/16 10:38:06	1014.8	1.0	26.1	26.1	87.0	87.0	154.0	306.0	6.3	6.3
2025/07/16 10:38:07	1014.8	1.0	26.1	26.1	87.0	87.0	160.0	312.0	5.4	5.4
2025/07/16 10:38:08	1014.8	1.0	26.1	26.1	87.0	87.0	161.0	313.0	5.7	5.7
2025/07/16 10:38:09	1014.8	1.0	26.1	26.1	87.0	87.0	159.0	312.0	6.4	6.4
2025/07/16 10:38:10	1014.8	1.0	26.1	26.1	87.0	87.0	158.0	310.0	6.9	6.9
2025/07/16 10:38:11	1014.8	1.0	26.1	26.1	87.0	87.0	158.0	311.0	7.1	7.1
2025/07/16 10:38:12	1014.8	1.0	26.1	26.1	87.0	87.0	156.0	309.0	6.6	6.6
2025/07/16 10:38:13	1014.8	1.0	26.1	26.1	87.0	87.0	156.0	308.0	6.2	6.2
2025/07/16 10:38:14	1014.8	1.0	26.1	26.1	87.0	87.0	154.0	306.0	6.3	6.3
2025/07/16 10:38:15	#	#	#	#	#	#	#	#	#	#
2025/07/16 10:38:16	1014.8	1.0	26.1	26.1	87.0	87.0	154.0	309.0	6.2	6.4
2025/07/16 10:38:17	1014.8	1.0	26.1	26.1	87.0	87.0	158.0	312.0	6.3	6.5
2025/07/16 10:38:18	1014.8	1.0	26.1	26.1	87.0	87.0	161.0	313.0	6.5	6.5
2025/07/16 10:38:19	1014.8	1.0	26.1	26.1	87.0	87.0	163.0	315.0	6.6	6.6
2025/07/16 10:38:20	1014.8	1.0	26.1	26.1	87.0	87.0	156.0	308.0	6.9	6.9
2025/07/16 10:38:21	1014.8	1.0	26.1	26.1	87.0	87.0	156.0	308.0	7.0	7.0
2025/07/16 10:38:22	1014.8	1.0	26.1	26.1	87.0	87.0	157.0	310.0	6.9	6.9
2025/07/16 10:38:23	1014.8	1.0	26.1	26.1	87.0	87.0	160.0	312.0	6.8	6.8
2025/07/16 10:38:24	1014.8	1.0	26.1	26.1	87.0	87.0	160.0	312.0	6.9	6.9
2025/07/16 10:38:25	1014.8	1.0	26.1	26.1	87.0	87.0	159.0	312.0	6.9	6.9
2025/07/16 10:38:26	1014.8	1.0	26.1	26.1	87.0	87.0	156.0	309.0	7.1	7.1
2025/07/16 10:38:27	1014.8	1.0	26.1	26.1	87.0	87.0	156.0	308.0	7.5	7.5
2025/07/16 10:38:28	1014.8	1.0	26.1	26.1	87.0	87.0	155.0	308.0	7.6	7.6
2025/07/16 10:38:29	1014.8	1.0	26.1	26.1	87.0	87.0	157.0	310.0	7.5	7.5
2025/07/16 10:38:30	1014.8	1.0	26.1	26.1	88.0	87.0	158.0	311.0	7.1	7.1
2025/07/16 10:38:31	1014.8	1.0	26.1	26.2	88.0	87.0	156.0	309.0	6.7	6.7
2025/07/16 10:38:32	1014.8	1.0	26.1	26.2	87.0	87.0	154.0	306.0	6.4	6.4
2025/07/16 10:38:33	1014.8	1.0	26.1	26.2	87.0	87.0	155.0	307.0	6.2	6.2
2025/07/16 10:38:34	1014.8	1.0	26.1	26.2	87.0	87.0	162.0	314.0	6.5	6.5
2025/07/16 10:38:35	#	#	#	#	#	#	#	#	#	#
2025/07/16 10:38:36	1014.8	1.0	26.1	26.2	87.0	87.0	165.0	318.0	6.7	6.7
2025/07/16 10:38:37	1014.8	1.0	26.1	26.2	87.0	87.0	165.0	317.0	6.7	6.7
2025/07/16 10:38:38	1014.8	1.0	26.1	26.2	87.0	87.0	156.0	308.0	6.9	6.9
2025/07/16 10:38:39	1014.8	1.0	26.1	26.1	87.0	87.0	156.0	308.0	7.3	7.3
2025/07/16 10:38:40	1014.8	1.0	26.1	26.1	87.0	87.0	157.0	310.0	7.8	7.8
2025/07/16 10:38:41	1014.8	1.0	26.1	26.1	87.0	87.0	160.0	312.0	7.5	7.5
2025/07/16 10:38:42	1014.8	1.0	26.1	26.1	87.0	87.0	158.0	312.0	6.5	6.7
2025/07/16 10:38:43	#	#	#	#	#	#	#	#	#	#
2025/07/16 10:38:44	1014.8	1.0	26.1	26.1	87.0	87.0	159.0	311.0	5.8	5.8
2025/07/16 10:38:45	1014.8	1.0	26.1	26.1	87.0	87.0	162.0	314.0	6.0	6.0
2025/07/16 10:38:46	1014.8	1.0	26.1	26.1	87.0	87.0	163.0	316.0	6.5	6.5
2025/07/16 10:38:47	1014.7	1.0	26.1	26.1	87.0	87.0	163.0	315.0	6.5	6.5
2025/07/16 10:38:48	1014.7	1.0	26.1	26.1	87.0	87.0	161.0	313.0	6.1	6.1
2025/07/16 10:38:49	1014.7	1.0	26.1	26.1	87.0	87.0	157.0	310.0	5.6	5.8
2025/07/16 10:38:50	1014.7	1.0	26.1	26.1	87.0	87.0	158.0	310.0	5.9	5.9
2025/07/16 10:38:51	1014.7	1.0	26.1	26.1	87.0	87.0	156.0	308.0	6.3	6.3
2025/07/16 10:38:52	#	#	#	#	#	#	#	#	#	#
2025/07/16 10:38:53	1014.7	1.0	26.1	26.1	87.0	87.0	153.0	305.0	6.3	6.3
2025/07/16 10:38:54	1014.7	1.0	26.1	26.1	87.0	87.0	153.0	305.0	6.4	6.4
2025/07/16 10:38:55	1014.7	1.0	26.1	26.1	87.0	87.0	157.0	309.0	6.6	6.6
2025/07/16 10:38:56	1014.8	1.0	26.1	26.1	87.0	87.0	162.0	314.0	7.0	7.0
2025/07/16 10:38:57	1014.8	1.0	26.1	26.1	87.0	87.0	164.0	315.0	6.9	6.9
2025/07/16 10:38:58	1014.8	1.0	26.1	26.1	87.0	87.0	157.0	311.0	5.9	6.1
2025/07/16 10:38:59	1014.8	1.0	26.1	26.1	87.0	87.0	153.0	307.0	5.1	5.3
2025/07/16 10:39:00	1014.8	1.0	26.1	26.1	87.0	87.0	154.0	306.0	5.1	5.1
2025/07/16 10:39:01	1014.8	1.0	26.1	26.1	87.0	87.0	159.0	310.0	5.7	5.7
2025/07/16 10:39:02	#	#	#	#	#	#	#	#	#	#
2025/07/16 10:39:03	1014.8	1.0	26.1	26.1	87.0	87.0	163.0	315.0	6.0	6.2
2025/07/16 10:39:04	1014.8	1.0	26.1	26.1	87.0	87.0	165.0	316.0	6.6	6.6
2025/07/16 10:39:05	1014.8	1.0	26.1	26.1	87.0	87.0	160.0	312.0	6.6	6.6
2025/07/16 10:39:06	1014.7	1.0	26.1	26.2	87.0	88.0	152.0	304.0	6.4	6.4
2025/07/16 10:39:07	1014.7	1.0	26.2	26.2	87.0	88.0	151.0	302.0	6.3	6.3
2025/07/16 10:39:08	1014.7	1.0	26.2	26.2	87.0	88.0	154.0	305.0	6.5	6.5
2025/07/16 10:39:09	1014.7	1.0	26.2	26.2	87.0	88.0	159.0	309.0	6.6	6.6
2025/07/16 10:39:10	1014.7	1.0	26.2	26.2	87.0	88.0	163.0	314.0	6.8	6.8
2025/07/16 10:39:11	1014.7	1.0	26.2	26.2	87.0	88.0	162.0	314.0	6.7	6.7
2025/07/16 10:39:12	1014.7	1.0	26.2	26.2	87.0	88.0	158.0	310.0	6.5	6.5
2025/07/16 10:39:13	1014.7	1.0	26.2	26.2	87.0	88.0	157.0	308.0	6.7	6.7
2025/07/16 10:39:14	1014.7	1.0	26.2	26.2	87.0	88.0	158.0	309.0	6.3	6.3
2025/07/16 10:39:15	1014.8	1.0	26.2	26.2	87.0	88.0	159.0	310.0	5.9	5.9
2025/07/16 10:39:16	1014.8	1.0	26.2	26.2	87.0	88.0	164.0	314.0	5.6	5.6
2025/07/16 10:39:17	1014.8	1.0	26.2	26.2	87.0	88.0	167.0	318.0	5.4	5.4
2025/07/16 10:39:18	1014.8	1.0	26.1	26.2	88.0	88.0	162.0	315.0	5.4	5.6
2025/07/16 10:39:19	1014.8	1.0	26.1	26.2	88.0	88.0	155.0	308.0	5.8	6.0
2025/07/16 10:39:20	1014.8	1.0	26.1	26.2	88.0	88.0	154.0	305.0	6.6	6.6
2025/07/16 10:39:21	1014.8	1.0	26.1	26.2	88.0	88.0	154.0	305.0	7.0	7.0
2025/07/16 10:39:22	1014.8	1.0	26.1	26.2	88.0	87.0	157.0	307.0	7.0	7.0
2025/07/16 10:39:23	1014.8	1.0	26.1	26.2	87.0	87.0	157.0	309.0	6.5	6.7
2025/07/16 10:39:24	1014.8	1.0	26.1	26.2	87.0	87.0	156.0	306.0	6.1	6.1
2025/07/16 10:39:25	1014.8	1.0	26.1	26.2	87.0	88.0	152.0	303.0	5.6	5.6
2025/07/16 10:39:26	1014.8	1.0	26.1	26.2	87.0	88.0	152.0	303.0	5.5	5.5
2025/07/16 10:39:27	1014.8	1.0	26.1	26.1	87.0	87.0	154.0	305.0	5.7	5.7
2025/07/16 10:39:28	1014.8	1.0	26.1	26.1	87.0	87.0	158.0	309.0	5.8	5.8
2025/07/16 10:39:29	1014.8	1.0	26.1	26.1	87.0	87.0	162.0	313.0	5.6	5.6
2025/07/16 10:39:30	1014.8	1.0	26.1	26.1	87.0	87.0	159.0	310.0	5.2	5.2
2025/07/16 10:39:31	1014.8	1.0	26.1	26.1	87.0	87.0	155.0	306.0	5.0	5.0
2025/07/16 10:39:32	1014.8	1.0	26.1	26.1	87.0	87.0	153.0	304.0	5.4	5.4
2025/07/16 10:39:33	1014.8	1.0	26.1	26.1	87.0	87.0	150.0	304.0	5.9	6.1
2025/07/16 10:39:34	1014.8	1.0	26.1	26.1	87.0	87.0	153.0	305.0	6.6	6.7
2025/07/16 10:39:35	1014.8	1.0	26.1	26.1	87.0	87.0	156.0	306.0	7.0	7.0
2025/07/16 10:39:36	1014.8	1.0	26.1	26.1	87.0	87.0	154.0	305.0	6.7	6.7
2025/07/16 10:39:37	1014.8	1.0	26.1	26.1	87.0	87.0	149.0	300.0	6.4	6.4
2025/07/16 10:39:38	1014.8	1.0	26.1	26.1	87.0	87.0	147.0	300.0	6.6	6.7
2025/07/16 10:39:39	1014.8	1.0	26.1	26.1	87.0	87.0	152.0	305.0	6.8	6.9
2025/07/16 10:39:40	1014.8	1.0	26.1	26.1	87.0	87.0	158.0	309.0	6.6	6.6
2025/07/16 10:39:41	1014.8	1.0	26.1	26.1	87.0	87.0	160.0	311.0	6.1	6.1
2025/07/16 10:39:42	1014.8	1.0	26.1	26.1	87.0	87.0	162.0	313.0	5.6	5.6
2025/07/16 10:39:43	1014.8	1.0	26.1	26.1	87.0	87.0	163.0	314.0	5.5	5.5
2025/07/16 10:39:44	1014.8	1.0	26.1	26.1	87.0	87.0	162.0	313.0	5.5	5.5
2025/07/16 10:39:45	1014.8	1.0	26.1	26.1	87.0	87.0	160.0	311.0	5.7	5.7
2025/07/16 10:39:46	1014.8	1.0	26.1	26.1	87.0	87.0	157.0	307.0	5.9	5.9
2025/07/16 10:39:47	1014.8	1.0	26.1	26.1	87.0	87.0	157.0	307.0	6.1	6.1
2025/07/16 10:39:48	1014.8	1.0	26.1	26.1	87.0	87.0	157.0	309.0	6.4	6.6
2025/07/16 10:39:49	1014.8	1.0	26.1	26.1	87.0	87.0	157.0	308.0	7.0	7.0
2025/07/16 10:39:50	1014.8	1.0	26.1	26.1	87.0	87.0	154.0	305.0	7.0	7.0
2025/07/16 10:39:51	1014.7	1.0	26.1	26.1	87.0	87.0	151.0	303.0	6.7	6.8
2025/07/16 10:39:52	1014.7	1.0	26.1	26.1	87.0	87.0	153.0	305.0	6.1	6.3
2025/07/16 10:39:53	1014.7	1.0	26.1	26.1	87.0	87.0	160.0	310.0	5.9	5.9
2025/07/16 10:39:54	1014.7	1.0	26.1	26.1	87.0	87.0	162.0	313.0	5.5	5.5
2025/07/16 10:39:55	1014.7	1.0	26.1	26.1	87.0	87.0	162.0	313.0	5.2	5.2
2025/07/16 10:39:56	1014.7	1.0	26.1	26.1	87.0	87.0	160.0	311.0	5.3	5.3
2025/07/16 10:39:57	1014.7	1.0	26.1	26.1	87.0	87.0	158.0	308.0	5.7	5.7
2025/07/16 10:39:58	1014.7	1.0	26.1	26.1	87.0	87.0	157.0	308.0	6.0	6.0
2025/07/16 10:39:59	1014.7	1.0	26.1	26.1	87.0	87.0	157.0	307.0	6.2	6.2
